ID,Tarih,Uyum Skoru,Pozisyon,Şirket,Lokasyon,Kaynak,Özet,Yetenekler,Başvuru Linki,Durum
1,2026-09-10 12:48:37,73,Growth Manager,Rollic,"Istanbul, Türkiye",LinkedIn (TR),Rollic bünyesinde Growth Manager pozisyonu. Profil anahtar kelimelerinizle eşleşti.,Growth,https://tr.linkedin.com/jobs/view/growth-manager-at-rollic-4418746792,İncelenecek
2,2026-09-10 12:48:37,73,SaaS Growth Strategist (AI-Native),Vizio AI,Greater Istanbul,LinkedIn (TR),Vizio AI bünyesinde SaaS Growth Strategist (AI-Native) pozisyonu. Profil anahtar kelimelerinizle eşleşti.,Growth,https://tr.linkedin.com/jobs/view/saas-growth-strategist-ai-native-at-vizio-ai-4458852211,İncelenecek
3,2026-09-10 12:48:37,73,Junior Growth Hacker / Growth Hacker,Sigortam.net,"Istanbul, Türkiye",LinkedIn (TR),Sigortam.net bünyesinde Junior Growth Hacker / Growth Hacker pozisyonu. Profil anahtar kelimelerinizle eşleşti.,Growth,https://tr.linkedin.com/jobs/view/junior-growth-hacker-growth-hacker-at-sigortam-net-4457246277,İncelenecek
4,2026-09-10 12:48:37,73,Growth Manager (AI Health-Tech / Clinical Trials),Massive Bio,"Kadıköy, Istanbul, Türkiye",LinkedIn (TR),Massive Bio bünyesinde Growth Manager (AI Health-Tech / Clinical Trials) pozisyonu. Profil anahtar kelimelerinizle eşleşti.,Growth,https://tr.linkedin.com/jobs/view/growth-manager-ai-health-tech-clinical-trials-at-massive-bio-4451446342,İncelenecek
5,2026-09-10 12:48:37,89,Growth Marketing Manager (User Acquisition) - Mobile Subscription Products,AppNation,"Istanbul, Türkiye",LinkedIn (TR),AppNation bünyesinde Growth Marketing Manager (User Acquisition) - Mobile Subscription Products pozisyonu. Profil anahtar kelimelerinizle eşleşti.,"Growth, User Acquisition, Acquisition",https://tr.linkedin.com/jobs/view/growth-marketing-manager-user-acquisition-mobile-subscription-products-at-appnation-4455701418,İncelenecek
6,2026-09-10 12:48:37,73,Growth Specialist / Dijital Pazarlama Uzmanı,Melontik,"Kadikoy, Istanbul, Türkiye",LinkedIn (TR),Melontik bünyesinde Growth Specialist / Dijital Pazarlama Uzmanı pozisyonu. Profil anahtar kelimelerinizle eşleşti.,Growth,https://tr.linkedin.com/jobs/view/growth-specialist-dijital-pazarlama-uzman%C4%B1-at-melontik-4460762612,İncelenecek
7,2026-09-10 12:48:37,73,Growth Specialist,Fugo Games,"Sarıyer, Istanbul, Türkiye",LinkedIn (TR),Fugo Games bünyesinde Growth Specialist pozisyonu. Profil anahtar kelimelerinizle eşleşti.,Growth,https://tr.linkedin.com/jobs/view/growth-specialist-at-fugo-games-4453862781,İncelenecek
8,2026-09-10 12:48:37,73,Growth & Marketing Manager,Deloitte,"Istanbul, Türkiye",LinkedIn (TR),Deloitte bünyesinde Growth & Marketing Manager pozisyonu. Profil anahtar kelimelerinizle eşleşti.,Growth,https://tr.linkedin.com/jobs/view/growth-marketing-manager-at-deloitte-4442808021,İncelenecek
9,2026-09-10 12:48:37,73,Growth&CRM Manager,Ticimax,"Ataşehir, Istanbul, Türkiye",LinkedIn (TR),Ticimax bünyesinde Growth&CRM Manager pozisyonu. Profil anahtar kelimelerinizle eşleşti.,Growth,https://tr.linkedin.com/jobs/view/growth-crm-manager-at-ticimax-4445319561,İncelenecek
10,2026-09-10 12:48:37,73,Growth Specialist,Domino's Turkey,"Sarıyer, Istanbul, Türkiye",LinkedIn (TR),Domino's Turkey bünyesinde Growth Specialist pozisyonu. Profil anahtar kelimelerinizle eşleşti.,Growth,https://tr.linkedin.com/jobs/view/growth-specialist-at-domino-s-turkey-4443241443,İncelenecek
11,2026-09-10 12:48:37,73,Growth Specialist (New Grad),Grand Games,"Istanbul, Türkiye",LinkedIn (TR),Grand Games bünyesinde Growth Specialist (New Grad) pozisyonu. Profil anahtar kelimelerinizle eşleşti.,Growth,https://tr.linkedin.com/jobs/view/growth-specialist-new-grad-at-grand-games-4433814336,İncelenecek
12,2026-09-10 12:48:37,73,Growth Specialist,Grand Games,"Istanbul, Türkiye",LinkedIn (TR),Grand Games bünyesinde Growth Specialist pozisyonu. Profil anahtar kelimelerinizle eşleşti.,Growth,https://tr.linkedin.com/jobs/view/growth-specialist-at-grand-games-4435558505,İncelenecek
13,2026-09-10 12:48:37,73,Growth Specialist,Paxie Games,"Istanbul, Türkiye",LinkedIn (TR),Paxie Games bünyesinde Growth Specialist pozisyonu. Profil anahtar kelimelerinizle eşleşti.,Growth,https://tr.linkedin.com/jobs/view/growth-specialist-at-paxie-games-4433197640,İncelenecek
14,2026-09-10 12:48:37,73,Performance Marketing Specialist (Paid Search & Social),THE/STUDIO,"Istanbul, Istanbul, Türkiye",LinkedIn (TR),THE/STUDIO bünyesinde Performance Marketing Specialist (Paid Search & Social) pozisyonu. Profil anahtar kelimelerinizle eşleşti.,Performance Marketing,https://tr.linkedin.com/jobs/view/performance-marketing-specialist-paid-search-social-at-the-studio-4453589366,İncelenecek
15,2026-09-10 12:48:37,73,Performance Marketing Specialist,Papcorns,"Kadikoy, Istanbul, Türkiye",LinkedIn (TR),Papcorns bünyesinde Performance Marketing Specialist pozisyonu. Profil anahtar kelimelerinizle eşleşti.,Performance Marketing,https://tr.linkedin.com/jobs/view/performance-marketing-specialist-at-papcorns-4456929899,İncelenecek
16,2026-09-10 12:48:37,73,Growth Marketer,The Flex,Türkiye,LinkedIn (TR),The Flex bünyesinde Growth Marketer pozisyonu. Profil anahtar kelimelerinizle eşleşti.,Growth,https://tr.linkedin.com/jobs/view/growth-marketer-at-the-flex-4436780314,İncelenecek
17,2026-09-10 12:48:37,73,Dijital Kanallar - Growth & Analitik Uzmanı,Koçtaş,"Çekmeköy, Istanbul, Türkiye",LinkedIn (TR),Koçtaş bünyesinde Dijital Kanallar - Growth & Analitik Uzmanı pozisyonu. Profil anahtar kelimelerinizle eşleşti.,Growth,https://tr.linkedin.com/jobs/view/dijital-kanallar-growth-analitik-uzman%C4%B1-at-ko%C3%A7ta%C5%9F-4461167374,İncelenecek
18,2026-09-10 12:48:37,73,Product & Growth Analyst,Midas Games,"Istanbul, Istanbul, Türkiye",LinkedIn (TR),Midas Games bünyesinde Product & Growth Analyst pozisyonu. Profil anahtar kelimelerinizle eşleşti.,Growth,https://tr.linkedin.com/jobs/view/product-growth-analyst-at-midas-games-4462222173,İncelenecek
19,2026-09-10 12:48:37,73,Growth Product Manager,Assistant App,Greater Istanbul,LinkedIn (TR),Assistant App bünyesinde Growth Product Manager pozisyonu. Profil anahtar kelimelerinizle eşleşti.,Growth,https://tr.linkedin.com/jobs/view/growth-product-manager-at-assistant-app-4430236743,İncelenecek
20,2026-09-10 12:48:37,73,Growth Product Specialist,Wowoo,"Istanbul, Türkiye",LinkedIn (TR),Wowoo bünyesinde Growth Product Specialist pozisyonu. Profil anahtar kelimelerinizle eşleşti.,Growth,https://tr.linkedin.com/jobs/view/growth-product-specialist-at-wowoo-4464330419,İncelenecek
21,2026-09-10 12:48:37,73,Growth Product Manager,Infoset,"Istanbul, Türkiye",LinkedIn (TR),Infoset bünyesinde Growth Product Manager pozisyonu. Profil anahtar kelimelerinizle eşleşti.,Growth,https://tr.linkedin.com/jobs/view/growth-product-manager-at-infoset-4447139233,İncelenecek
22,2026-09-10 12:48:37,73,Strategy & Growth Consultant,Kariyer.net İlanı,Türkiye / İstanbul,Kariyer.net,Kariyer.net İlanı bünyesinde Strategy & Growth Consultant pozisyonu. Profil anahtar kelimelerinizle eşleşti.,Growth,https://www.kariyer.net/is-ilani/gizli-firma-strategy-growth-consultant-4500801,İncelenecek
23,2026-09-10 12:48:37,73,Growth Marketing Deputy Manager,Kariyer.net İlanı,Türkiye / İstanbul,Kariyer.net,Kariyer.net İlanı bünyesinde Growth Marketing Deputy Manager pozisyonu. Profil anahtar kelimelerinizle eşleşti.,Growth,https://www.kariyer.net/is-ilani/metlife-emeklilik-ve-hayat-a-s-growth-marketing-deputy-manager-4545832,İncelenecek
24,2026-09-10 12:48:37,73,Career Experıence Drıve (Ced) Intern- Commercıal Excellence and Growth,Kariyer.net İlanı,Türkiye / İstanbul,Kariyer.net,Kariyer.net İlanı bünyesinde Career Experıence Drıve (Ced) Intern- Commercıal Excellence and Growth pozisyonu. Profil anahtar kelimelerinizle eşleşti.,Growth,https://www.kariyer.net/is-ilani/eczacibasi-holding-a-s-career-experience-drive-ced-intern-commercial-e-4536013,İncelenecek
25,2026-09-10 12:48:37,73,Web Geliştirme ve Dijital Büyüme Uzmanı,Kariyer.net İlanı,Türkiye / İstanbul,Kariyer.net,Kariyer.net İlanı bünyesinde Web Geliştirme ve Dijital Büyüme Uzmanı pozisyonu. Profil anahtar kelimelerinizle eşleşti.,Büyüme,https://www.kariyer.net/is-ilani/sovos-digital-planet-bilgi-teknolojileri-yazilim-web-gelistirme-ve-dijital-buyume-uzmani-4520700,İncelenecek
1,2026-09-11 11:44:18,73,Growth Manager,Rollic,"Istanbul, Türkiye",LinkedIn (TR),Rollic bünyesinde Growth Manager pozisyonu. Profil anahtar kelimelerinizle eşleşti.,Growth,https://tr.linkedin.com/jobs/view/growth-manager-at-rollic-4418746792,İncelenecek
2,2026-09-11 11:44:18,73,SaaS Growth Strategist (AI-Native),Vizio AI,Greater Istanbul,LinkedIn (TR),Vizio AI bünyesinde SaaS Growth Strategist (AI-Native) pozisyonu. Profil anahtar kelimelerinizle eşleşti.,Growth,https://tr.linkedin.com/jobs/view/saas-growth-strategist-ai-native-at-vizio-ai-4458852211,İncelenecek
3,2026-09-11 11:44:18,73,Junior Growth Hacker / Growth Hacker,Sigortam.net,"Istanbul, Türkiye",LinkedIn (TR),Sigortam.net bünyesinde Junior Growth Hacker / Growth Hacker pozisyonu. Profil anahtar kelimelerinizle eşleşti.,Growth,https://tr.linkedin.com/jobs/view/junior-growth-hacker-growth-hacker-at-sigortam-net-4457246277,İncelenecek
4,2026-09-11 11:44:18,73,Growth Manager (AI Health-Tech / Clinical Trials),Massive Bio,"Kadıköy, Istanbul, Türkiye",LinkedIn (TR),Massive Bio bünyesinde Growth Manager (AI Health-Tech / Clinical Trials) pozisyonu. Profil anahtar kelimelerinizle eşleşti.,Growth,https://tr.linkedin.com/jobs/view/growth-manager-ai-health-tech-clinical-trials-at-massive-bio-4451446342,İncelenecek
5,2026-09-11 11:44:18,89,Growth Marketing Manager (User Acquisition) - Mobile Subscription Products,AppNation,"Istanbul, Türkiye",LinkedIn (TR),AppNation bünyesinde Growth Marketing Manager (User Acquisition) - Mobile Subscription Products pozisyonu. Profil anahtar kelimelerinizle eşleşti.,"Growth, User Acquisition, Acquisition",https://tr.linkedin.com/jobs/view/growth-marketing-manager-user-acquisition-mobile-subscription-products-at-appnation-4455701418,İncelenecek
6,2026-09-11 11:44:18,73,Growth Specialist / Dijital Pazarlama Uzmanı,Melontik,"Kadikoy, Istanbul, Türkiye",LinkedIn (TR),Melontik bünyesinde Growth Specialist / Dijital Pazarlama Uzmanı pozisyonu. Profil anahtar kelimelerinizle eşleşti.,Growth,https://tr.linkedin.com/jobs/view/growth-specialist-dijital-pazarlama-uzman%C4%B1-at-melontik-4460762612,İncelenecek
7,2026-09-11 11:44:18,88,Growth Specialist,Fugo Games,"Sarıyer, Istanbul, Türkiye",LinkedIn (TR),"Fugo Games'in Sarıyer merkezli Growth Specialist pozisyonu, adayın P&G ve Getirfinans'taki büyüme stratejileri, veri analitiği ve dijital pazarlama deneyimleriyle son derece uyumludur. Adayın lokasyonunun Sarıyer'de olması ve analitik mühendislik altyapısı bu rol için kuvvetli bir zemin oluşturmaktadır.","Growth Marketing & Strategy, Data-Driven Analysis, Digital Marketing & SEO, Customer Insights & Journey Mapping, Product & Cross-Functional Collaboration",https://tr.linkedin.com/jobs/view/growth-specialist-at-fugo-games-4453862781,İncelenecek
8,2026-09-11 11:44:18,73,Growth & Marketing Manager,Deloitte,"Istanbul, Türkiye",LinkedIn (TR),Deloitte bünyesinde Growth & Marketing Manager pozisyonu. Profil anahtar kelimelerinizle eşleşti.,Growth,https://tr.linkedin.com/jobs/view/growth-marketing-manager-at-deloitte-4442808021,İncelenecek
9,2026-09-11 11:44:18,73,Growth Specialist,Domino's Turkey,"Sarıyer, Istanbul, Türkiye",LinkedIn (TR),Domino's Turkey bünyesinde Growth Specialist pozisyonu. Profil anahtar kelimelerinizle eşleşti.,Growth,https://tr.linkedin.com/jobs/view/growth-specialist-at-domino-s-turkey-4443241443,İncelenecek
10,2026-09-11 11:44:18,85,Growth Specialist,Grand Games,"Istanbul, Türkiye",LinkedIn (TR),"Grand Games bünyesindeki Growth Specialist pozisyonu, adayın analitik mühendislik altyapısı ve çok yönlü büyüme/ürün deneyimiyle güçlü bir şekilde örtüşmektedir. Adayın P&G'deki kategori büyüme planları ve Getirfinans'ta büyüme (Growth) ile ürün ekipleri arasındaki köprü rolü bu pozisyon için oldukça değerlidir.","Büyüme Stratejileri (Growth), Veri Analizi ve Raporlama, Müşteri ve Pazar Analitiği, Dijital Pazarlama & SEO, Çapraz Fonksiyonel İş Birliği",https://tr.linkedin.com/jobs/view/growth-specialist-at-grand-games-4435558505,İncelenecek
11,2026-09-11 11:44:18,85,Growth Specialist,Paxie Games,"Istanbul, Türkiye",LinkedIn (TR),"Paxie Games bünyesindeki Growth Specialist rolü, adayın P&G'deki büyüme stratejisi ve Getirfinans'taki Growth-Ürün köprü deneyimiyle yüksek oranda örtüşmektedir. Boğaziçi Endüstri Mühendisliği analitik altyapısı ve zengin staj geçmişi, adayı giriş-orta seviye bir büyüme rolü için güçlü bir aday yapmaktadır.","Büyüme (Growth) Stratejileri, Veri Analitiği ve Metrik Takibi, Kullanıcı İçgörüsü ve Davranış Analizi, Pazar ve Rakip Analizi, Dijital Görünürlük ve Optimizasyon",https://tr.linkedin.com/jobs/view/growth-specialist-at-paxie-games-4433197640,İncelenecek
12,2026-09-11 11:44:18,73,Growth Specialist (New Grad),Agave Games,"Istanbul, Türkiye",LinkedIn (TR),Agave Games bünyesinde Growth Specialist (New Grad) pozisyonu. Profil anahtar kelimelerinizle eşleşti.,Growth,https://tr.linkedin.com/jobs/view/growth-specialist-new-grad-at-agave-games-4443291481,İncelenecek
13,2026-09-11 11:44:18,73,Performance Marketing Specialist (Paid Search & Social),THE/STUDIO,"Istanbul, Istanbul, Türkiye",LinkedIn (TR),THE/STUDIO bünyesinde Performance Marketing Specialist (Paid Search & Social) pozisyonu. Profil anahtar kelimelerinizle eşleşti.,Performance Marketing,https://tr.linkedin.com/jobs/view/performance-marketing-specialist-paid-search-social-at-the-studio-4453589366,İncelenecek
14,2026-09-11 11:44:18,78,Performance Marketing Specialist,Papcorns,"Kadikoy, Istanbul, Türkiye",LinkedIn (TR),"Papcorns bünyesindeki Performance Marketing Specialist rolü, dijital büyüme ve veri odaklı pazarlama yetkinlikleri gerektirmektedir. Adayın Boğaziçi Endüstri Mühendisliği geçmişi, P&G'de e-ticaret ve SEO odaklı marka büyüme deneyimi ile Getirfinans'taki Growth ekipleriyle çalışma tecrübesi bu pozisyon için güçlü bir temel sunmaktadır.","Performance Marketing, Growth Strategy, SEO & Digital Search Strategy, Data Analysis & Reporting, E-Commerce & Digital Campaigns",https://tr.linkedin.com/jobs/view/performance-marketing-specialist-at-papcorns-4456929899,İncelenecek
1,2026-09-11 18:02:35,73,Growth Manager,Rollic,"Istanbul, Türkiye",LinkedIn (TR),Rollic bünyesinde Growth Manager pozisyonu. Profil anahtar kelimelerinizle eşleşti.,Growth,https://tr.linkedin.com/jobs/view/growth-manager-at-rollic-4418746792,İncelenecek
2,2026-09-11 18:02:36,73,SaaS Growth Strategist (AI-Native),Vizio AI,Greater Istanbul,LinkedIn (TR),Vizio AI bünyesinde SaaS Growth Strategist (AI-Native) pozisyonu. Profil anahtar kelimelerinizle eşleşti.,Growth,https://tr.linkedin.com/jobs/view/saas-growth-strategist-ai-native-at-vizio-ai-4458852211,İncelenecek
3,2026-09-11 18:02:36,73,Junior Growth Hacker / Growth Hacker,Sigortam.net,"Istanbul, Türkiye",LinkedIn (TR),Sigortam.net bünyesinde Junior Growth Hacker / Growth Hacker pozisyonu. Profil anahtar kelimelerinizle eşleşti.,Growth,https://tr.linkedin.com/jobs/view/junior-growth-hacker-growth-hacker-at-sigortam-net-4457246277,İncelenecek
4,2026-09-11 18:02:36,30,Growth Manager (AI Health-Tech / Clinical Trials),Massive Bio,"Kadıköy, Istanbul, Türkiye",LinkedIn (TR),"İlan, AI ve sağlık teknolojileri alanında tecrübe gerektiren 'Growth Manager' (yönetici) seviyesinde bir pozisyondur. Adayın güçlü bir marka yönetimi ve iş geliştirme staj geçmişi bulunmasına rağmen, henüz yeni mezun aşamasında olması ve pozisyonun yönetsel tecrübe gerektirmesi nedeniyle bu rol aday için uygun değildir.","Growth Marketing, Data Analysis, AI Assistants, Business Development, Market Research",https://tr.linkedin.com/jobs/view/growth-manager-ai-health-tech-clinical-trials-at-massive-bio-4451446342,İncelenecek
5,2026-09-11 18:02:36,30,Growth Marketing Manager (User Acquisition) - Mobile Subscription Products,AppNation,"Istanbul, Türkiye",LinkedIn (TR),"İlan, mobil abonelik ürünleri için performans pazarlaması ve kullanıcı kazanımı (User Acquisition) alanında yöneticilik seviyesinde (Manager) derin uzmanlık ve tecrübe gerektirmektedir. Adayın P&G ve Getirfinans'ta marka ve büyüme deneyimleri bulunsa da, pozisyonun aradığı doğrudan UA bütçe yönetimi tecrübesi ve yöneticilik kıdemi yeni mezun/junior profilinin üzerindedir.","Growth Marketing, User Acquisition (UA), Mobile Marketing, Data Analytics, Customer Insights",https://tr.linkedin.com/jobs/view/growth-marketing-manager-user-acquisition-mobile-subscription-products-at-appnation-4455701418,İncelenecek
6,2026-09-11 18:02:36,73,Growth Specialist / Dijital Pazarlama Uzmanı,Melontik,"Kadikoy, Istanbul, Türkiye",LinkedIn (TR),Melontik bünyesinde Growth Specialist / Dijital Pazarlama Uzmanı pozisyonu. Profil anahtar kelimelerinizle eşleşti.,Growth,https://tr.linkedin.com/jobs/view/growth-specialist-dijital-pazarlama-uzman%C4%B1-at-melontik-4460762612,İncelenecek
7,2026-09-11 18:02:36,73,Growth Specialist,Fugo Games,"Sarıyer, Istanbul, Türkiye",LinkedIn (TR),Fugo Games bünyesinde Growth Specialist pozisyonu. Profil anahtar kelimelerinizle eşleşti.,Growth,https://tr.linkedin.com/jobs/view/growth-specialist-at-fugo-games-4453862781,İncelenecek
8,2026-09-11 18:02:36,73,Growth & Marketing Manager,Deloitte,"Istanbul, Türkiye",LinkedIn (TR),Deloitte bünyesinde Growth & Marketing Manager pozisyonu. Profil anahtar kelimelerinizle eşleşti.,Growth,https://tr.linkedin.com/jobs/view/growth-marketing-manager-at-deloitte-4442808021,İncelenecek
9,2026-09-11 18:02:36,88,Growth Specialist,Domino's Turkey,"Sarıyer, Istanbul, Türkiye",LinkedIn (TR),"Domino's Turkey bünyesindeki Growth Specialist pozisyonu, adayın P&G'de edindiği kategori büyüme stratejileri ve Getirfinans'ta Büyüme (Growth) ve Ürün ekipleriyle yürüttüğü veri odaklı deneyimle mükemmel örtüşmektedir. Adayın lokasyonunun da Sarıyer olması ve güçlü analitik mühendislik altyapısı bu rol için adayı ideal bir uzman seviyesi/erken kariyer adayı kılmaktadır.","Büyüme Stratejileri (Growth), Pazar ve Veri Analitiği, Dijital Pazarlama & E-Ticaret, Müşteri Deneyimi (CX), Ürün Geliştirme & Dönüşüm Optimizasyonu",https://tr.linkedin.com/jobs/view/growth-specialist-at-domino-s-turkey-4443241443,İncelenecek
10,2026-09-11 18:02:36,86,Growth Specialist,Grand Games,"Istanbul, Türkiye",LinkedIn (TR),"Grand Games bünyesindeki Growth Specialist pozisyonu, adayın P&G'deki büyüme odaklı marka stratejileri ve Getirfinans'ta Growth ekipleriyle yürüttüğü analitik çalışmalarla oldukça uyumludur. Adayın Boğaziçi Endüstri Mühendisliği geçmişi, oyun sektöründe veri odaklı büyüme ve kullanıcı kazanımı süreçleri için güçlü bir altyapı sunmaktadır.","Büyüme Stratejileri (Growth), Veri Analitiği ve Raporlama, Dijital Pazarlama & SEO, Kullanıcı Deneyimi (CX) & Yolculuğu, Pazar ve Rakip Analizi",https://tr.linkedin.com/jobs/view/growth-specialist-at-grand-games-4435558505,İncelenecek
11,2026-09-11 18:02:36,73,Growth Specialist - Gaming,Arcustin Games,Greater Istanbul,LinkedIn (TR),Arcustin Games bünyesinde Growth Specialist - Gaming pozisyonu. Profil anahtar kelimelerinizle eşleşti.,Growth,https://tr.linkedin.com/jobs/view/growth-specialist-gaming-at-arcustin-games-4465815722,İncelenecek
12,2026-09-11 18:02:36,73,Growth Specialist,Paxie Games,"Istanbul, Türkiye",LinkedIn (TR),Paxie Games bünyesinde Growth Specialist pozisyonu. Profil anahtar kelimelerinizle eşleşti.,Growth,https://tr.linkedin.com/jobs/view/growth-specialist-at-paxie-games-4433197640,İncelenecek
13,2026-09-11 18:02:36,73,Performance Marketing Specialist (Paid Search & Social),THE/STUDIO,"Istanbul, Istanbul, Türkiye",LinkedIn (TR),THE/STUDIO bünyesinde Performance Marketing Specialist (Paid Search & Social) pozisyonu. Profil anahtar kelimelerinizle eşleşti.,Performance Marketing,https://tr.linkedin.com/jobs/view/performance-marketing-specialist-paid-search-social-at-the-studio-4453589366,İncelenecek
14,2026-09-11 18:02:36,73,Performance Marketing Specialist,Papcorns,"Kadikoy, Istanbul, Türkiye",LinkedIn (TR),Papcorns bünyesinde Performance Marketing Specialist pozisyonu. Profil anahtar kelimelerinizle eşleşti.,Performance Marketing,https://tr.linkedin.com/jobs/view/performance-marketing-specialist-at-papcorns-4456929899,İncelenecek
15,2026-09-11 18:02:36,73,Sales Growth Implementer,Kariyer.net İlanı,Türkiye / İstanbul,Kariyer.net,Kariyer.net İlanı bünyesinde Sales Growth Implementer pozisyonu. Profil anahtar kelimelerinizle eşleşti.,Growth,https://www.kariyer.net/is-ilani/shell-petrol-a-s-sales-growth-implementer-4554665,İncelenecek
16,2026-09-11 18:02:36,73,Strategy & Growth Consultant,Kariyer.net İlanı,Türkiye / İstanbul,Kariyer.net,Kariyer.net İlanı bünyesinde Strategy & Growth Consultant pozisyonu. Profil anahtar kelimelerinizle eşleşti.,Growth,https://www.kariyer.net/is-ilani/gizli-firma-strategy-growth-consultant-4500801,İncelenecek
17,2026-09-11 18:02:36,73,Growth Marketing Deputy Manager,Kariyer.net İlanı,Türkiye / İstanbul,Kariyer.net,Kariyer.net İlanı bünyesinde Growth Marketing Deputy Manager pozisyonu. Profil anahtar kelimelerinizle eşleşti.,Growth,https://www.kariyer.net/is-ilani/metlife-emeklilik-ve-hayat-a-s-growth-marketing-deputy-manager-4545832,İncelenecek
18,2026-09-11 18:02:36,73,Career Experıence Drıve (Ced) Intern- Commercıal Excellence and Growth,Kariyer.net İlanı,Türkiye / İstanbul,Kariyer.net,Kariyer.net İlanı bünyesinde Career Experıence Drıve (Ced) Intern- Commercıal Excellence and Growth pozisyonu. Profil anahtar kelimelerinizle eşleşti.,Growth,https://www.kariyer.net/is-ilani/eczacibasi-holding-a-s-career-experience-drive-ced-intern-commercial-e-4536013,İncelenecek
19,2026-09-11 18:02:36,58,Büyüme ve CRM Yöneticisi,Kariyer.net İlanı,Türkiye / İstanbul,Kariyer.net,Kariyer.net İlanı bünyesinde Büyüme ve CRM Yöneticisi pozisyonu. Profil anahtar kelimelerinizle eşleşti.,Büyüme,https://www.kariyer.net/is-ilani/evidea-buyume-ve-crm-yoneticisi-4555505,İncelenecek
20,2026-09-11 18:02:36,73,Web Geliştirme ve Dijital Büyüme Uzmanı,Kariyer.net İlanı,Türkiye / İstanbul,Kariyer.net,Kariyer.net İlanı bünyesinde Web Geliştirme ve Dijital Büyüme Uzmanı pozisyonu. Profil anahtar kelimelerinizle eşleşti.,Büyüme,https://www.kariyer.net/is-ilani/sovos-digital-planet-bilgi-teknolojileri-yazilim-web-gelistirme-ve-dijital-buyume-uzmani-4520700,İncelenecek
1,2026-09-12 09:51:07,30,Growth Manager,Rollic,"Istanbul, Türkiye",LinkedIn (TR),"Rollic bünyesindeki 'Growth Manager' pozisyonu, mobil oyun sektöründe kullanıcı kazanımı (UA), büyüme stratejileri ve performans pazarlaması alanlarında deneyim gerektiren orta/üst düzey yönetsel bir roldür. Adayın P&G ve Getirfinans gibi güçlü büyüme ve ürün staj tecrübeleri bulunsa da, yeni mezun profilinde olması sebebiyle bu pozisyonun kıdem ve tecrübe beklentisini tam olarak karşılamamaktadır.","Growth Marketing, Data Analysis, User Acquisition, Product Strategy, Performance Marketing",https://tr.linkedin.com/jobs/view/growth-manager-at-rollic-4418746792,İncelenecek
2,2026-09-12 09:51:07,73,SaaS Growth Strategist (AI-Native),Vizio AI,Greater Istanbul,LinkedIn (TR),Vizio AI bünyesinde SaaS Growth Strategist (AI-Native) pozisyonu. Profil anahtar kelimelerinizle eşleşti.,Growth,https://tr.linkedin.com/jobs/view/saas-growth-strategist-ai-native-at-vizio-ai-4458852211,İncelenecek
3,2026-09-12 09:51:07,73,Junior Growth Hacker / Growth Hacker,Sigortam.net,"Istanbul, Türkiye",LinkedIn (TR),Sigortam.net bünyesinde Junior Growth Hacker / Growth Hacker pozisyonu. Profil anahtar kelimelerinizle eşleşti.,Growth,https://tr.linkedin.com/jobs/view/junior-growth-hacker-growth-hacker-at-sigortam-net-4457246277,İncelenecek
4,2026-09-12 09:51:07,73,Growth Manager (AI Health-Tech / Clinical Trials),Massive Bio,"Kadıköy, Istanbul, Türkiye",LinkedIn (TR),Massive Bio bünyesinde Growth Manager (AI Health-Tech / Clinical Trials) pozisyonu. Profil anahtar kelimelerinizle eşleşti.,Growth,https://tr.linkedin.com/jobs/view/growth-manager-ai-health-tech-clinical-trials-at-massive-bio-4451446342,İncelenecek
5,2026-09-12 09:51:07,89,Growth Marketing Manager (User Acquisition) - Mobile Subscription Products,AppNation,"Istanbul, Türkiye",LinkedIn (TR),AppNation bünyesinde Growth Marketing Manager (User Acquisition) - Mobile Subscription Products pozisyonu. Profil anahtar kelimelerinizle eşleşti.,"Growth, User Acquisition, Acquisition",https://tr.linkedin.com/jobs/view/growth-marketing-manager-user-acquisition-mobile-subscription-products-at-appnation-4455701418,İncelenecek
6,2026-09-12 09:51:07,85,Growth Specialist / Dijital Pazarlama Uzmanı,Melontik,"Kadikoy, Istanbul, Türkiye",LinkedIn (TR),"Melontik'in Growth Specialist / Dijital Pazarlama Uzmanı pozisyonu, adayın P&G'de edindiği büyüme planlaması, SEO ve e-ticaret pazarlama deneyimi ile Getirfinans'ta Growth ekipleriyle yürüttüğü çalışmalarla oldukça örtüşmektedir. Adayın analitik ve mühendislik altyapısı bu rol için güçlü bir temel sunmaktadır.","Growth Marketing, Dijital Pazarlama, SEO Stratejileri, Veri Analitiği, E-Ticaret & Kanal Yönetimi",https://tr.linkedin.com/jobs/view/growth-specialist-dijital-pazarlama-uzman%C4%B1-at-melontik-4460762612,İncelenecek
7,2026-09-12 09:51:07,73,Growth Specialist,Fugo Games,"Sarıyer, Istanbul, Türkiye",LinkedIn (TR),Fugo Games bünyesinde Growth Specialist pozisyonu. Profil anahtar kelimelerinizle eşleşti.,Growth,https://tr.linkedin.com/jobs/view/growth-specialist-at-fugo-games-4453862781,İncelenecek
8,2026-09-12 09:51:07,73,Growth & Marketing Manager,Deloitte,"Istanbul, Türkiye",LinkedIn (TR),Deloitte bünyesinde Growth & Marketing Manager pozisyonu. Profil anahtar kelimelerinizle eşleşti.,Growth,https://tr.linkedin.com/jobs/view/growth-marketing-manager-at-deloitte-4442808021,İncelenecek
9,2026-09-12 09:51:07,73,Growth Specialist,Domino's Turkey,"Sarıyer, Istanbul, Türkiye",LinkedIn (TR),Domino's Turkey bünyesinde Growth Specialist pozisyonu. Profil anahtar kelimelerinizle eşleşti.,Growth,https://tr.linkedin.com/jobs/view/growth-specialist-at-domino-s-turkey-4443241443,İncelenecek
10,2026-09-12 09:51:07,73,Growth Specialist,Grand Games,"Istanbul, Türkiye",LinkedIn (TR),Grand Games bünyesinde Growth Specialist pozisyonu. Profil anahtar kelimelerinizle eşleşti.,Growth,https://tr.linkedin.com/jobs/view/growth-specialist-at-grand-games-4435558505,İncelenecek
11,2026-09-12 09:51:07,73,Growth Specialist,Paxie Games,"Istanbul, Türkiye",LinkedIn (TR),Paxie Games bünyesinde Growth Specialist pozisyonu. Profil anahtar kelimelerinizle eşleşti.,Growth,https://tr.linkedin.com/jobs/view/growth-specialist-at-paxie-games-4433197640,İncelenecek
12,2026-09-12 09:51:07,73,Growth Specialist (New Grad),Agave Games,"Istanbul, Türkiye",LinkedIn (TR),Agave Games bünyesinde Growth Specialist (New Grad) pozisyonu. Profil anahtar kelimelerinizle eşleşti.,Growth,https://tr.linkedin.com/jobs/view/growth-specialist-new-grad-at-agave-games-4443291481,İncelenecek
13,2026-09-12 09:51:07,73,Performance Marketing Specialist (Paid Search & Social),THE/STUDIO,"Istanbul, Istanbul, Türkiye",LinkedIn (TR),THE/STUDIO bünyesinde Performance Marketing Specialist (Paid Search & Social) pozisyonu. Profil anahtar kelimelerinizle eşleşti.,Performance Marketing,https://tr.linkedin.com/jobs/view/performance-marketing-specialist-paid-search-social-at-the-studio-4453589366,İncelenecek
14,2026-09-12 09:51:07,73,Performance Marketing Specialist,Papcorns,"Kadikoy, Istanbul, Türkiye",LinkedIn (TR),Papcorns bünyesinde Performance Marketing Specialist pozisyonu. Profil anahtar kelimelerinizle eşleşti.,Performance Marketing,https://tr.linkedin.com/jobs/view/performance-marketing-specialist-at-papcorns-4456929899,İncelenecek
15,2026-09-12 09:51:07,73,Growth Marketer,The Flex,Türkiye,LinkedIn (TR),The Flex bünyesinde Growth Marketer pozisyonu. Profil anahtar kelimelerinizle eşleşti.,Growth,https://tr.linkedin.com/jobs/view/growth-marketer-at-the-flex-4436780314,İncelenecek
16,2026-09-12 09:51:07,73,Dijital Kanallar - Growth & Analitik Uzmanı,Koçtaş,"Çekmeköy, Istanbul, Türkiye",LinkedIn (TR),Koçtaş bünyesinde Dijital Kanallar - Growth & Analitik Uzmanı pozisyonu. Profil anahtar kelimelerinizle eşleşti.,Growth,https://tr.linkedin.com/jobs/view/dijital-kanallar-growth-analitik-uzman%C4%B1-at-ko%C3%A7ta%C5%9F-4461167374,İncelenecek
17,2026-09-12 09:51:07,73,Product & Growth Analyst,Midas Games,"Istanbul, Istanbul, Türkiye",LinkedIn (TR),Midas Games bünyesinde Product & Growth Analyst pozisyonu. Profil anahtar kelimelerinizle eşleşti.,Growth,https://tr.linkedin.com/jobs/view/product-growth-analyst-at-midas-games-4462222173,İncelenecek
18,2026-09-12 09:51:07,73,Growth Product Manager,Assistant App,Greater Istanbul,LinkedIn (TR),Assistant App bünyesinde Growth Product Manager pozisyonu. Profil anahtar kelimelerinizle eşleşti.,Growth,https://tr.linkedin.com/jobs/view/growth-product-manager-at-assistant-app-4430236743,İncelenecek
19,2026-09-12 09:51:07,73,Growth Product Specialist,Wowoo,"Istanbul, Türkiye",LinkedIn (TR),Wowoo bünyesinde Growth Product Specialist pozisyonu. Profil anahtar kelimelerinizle eşleşti.,Growth,https://tr.linkedin.com/jobs/view/growth-product-specialist-at-wowoo-4464330419,İncelenecek
20,2026-09-12 09:51:07,73,Growth Product Manager,Infoset,"Istanbul, Türkiye",LinkedIn (TR),Infoset bünyesinde Growth Product Manager pozisyonu. Profil anahtar kelimelerinizle eşleşti.,Growth,https://tr.linkedin.com/jobs/view/growth-product-manager-at-infoset-4447139233,İncelenecek
21,2026-09-12 09:51:07,73,Sales Growth Implementer,Kariyer.net İlanı,Türkiye / İstanbul,Kariyer.net,Kariyer.net İlanı bünyesinde Sales Growth Implementer pozisyonu. Profil anahtar kelimelerinizle eşleşti.,Growth,https://www.kariyer.net/is-ilani/shell-petrol-a-s-sales-growth-implementer-4554665,İncelenecek
22,2026-09-12 09:51:07,73,Strategy & Growth Consultant,Kariyer.net İlanı,Türkiye / İstanbul,Kariyer.net,Kariyer.net İlanı bünyesinde Strategy & Growth Consultant pozisyonu. Profil anahtar kelimelerinizle eşleşti.,Growth,https://www.kariyer.net/is-ilani/gizli-firma-strategy-growth-consultant-4500801,İncelenecek
23,2026-09-12 09:51:07,73,Growth Marketing Deputy Manager,Kariyer.net İlanı,Türkiye / İstanbul,Kariyer.net,Kariyer.net İlanı bünyesinde Growth Marketing Deputy Manager pozisyonu. Profil anahtar kelimelerinizle eşleşti.,Growth,https://www.kariyer.net/is-ilani/metlife-emeklilik-ve-hayat-a-s-growth-marketing-deputy-manager-4545832,İncelenecek
24,2026-09-12 09:51:07,73,Career Experıence Drıve (Ced) Intern- Commercıal Excellence and Growth,Kariyer.net İlanı,Türkiye / İstanbul,Kariyer.net,Kariyer.net İlanı bünyesinde Career Experıence Drıve (Ced) Intern- Commercıal Excellence and Growth pozisyonu. Profil anahtar kelimelerinizle eşleşti.,Growth,https://www.kariyer.net/is-ilani/eczacibasi-holding-a-s-career-experience-drive-ced-intern-commercial-e-4536013,İncelenecek
25,2026-09-12 09:51:07,58,Büyüme ve CRM Yöneticisi,Kariyer.net İlanı,Türkiye / İstanbul,Kariyer.net,Kariyer.net İlanı bünyesinde Büyüme ve CRM Yöneticisi pozisyonu. Profil anahtar kelimelerinizle eşleşti.,Büyüme,https://www.kariyer.net/is-ilani/evidea-buyume-ve-crm-yoneticisi-4555505,İncelenecek
26,2026-09-12 09:51:07,73,Web Geliştirme ve Dijital Büyüme Uzmanı,Kariyer.net İlanı,Türkiye / İstanbul,Kariyer.net,Kariyer.net İlanı bünyesinde Web Geliştirme ve Dijital Büyüme Uzmanı pozisyonu. Profil anahtar kelimelerinizle eşleşti.,Büyüme,https://www.kariyer.net/is-ilani/sovos-digital-planet-bilgi-teknolojileri-yazilim-web-gelistirme-ve-dijital-buyume-uzmani-4520700,İncelenecek
1,2026-09-12 17:33:59,73,Growth Manager,Rollic,"Istanbul, Türkiye",LinkedIn (TR),Rollic bünyesinde Growth Manager pozisyonu. Profil anahtar kelimelerinizle eşleşti.,Growth,https://tr.linkedin.com/jobs/view/growth-manager-at-rollic-4418746792,İncelenecek
2,2026-09-12 17:33:59,73,SaaS Growth Strategist (AI-Native),Vizio AI,Greater Istanbul,LinkedIn (TR),Vizio AI bünyesinde SaaS Growth Strategist (AI-Native) pozisyonu. Profil anahtar kelimelerinizle eşleşti.,Growth,https://tr.linkedin.com/jobs/view/saas-growth-strategist-ai-native-at-vizio-ai-4458852211,İncelenecek
3,2026-09-12 17:33:59,73,Junior Growth Hacker / Growth Hacker,Sigortam.net,"Istanbul, Türkiye",LinkedIn (TR),Sigortam.net bünyesinde Junior Growth Hacker / Growth Hacker pozisyonu. Profil anahtar kelimelerinizle eşleşti.,Growth,https://tr.linkedin.com/jobs/view/junior-growth-hacker-growth-hacker-at-sigortam-net-4457246277,İncelenecek
4,2026-09-12 17:33:59,73,Growth Manager (AI Health-Tech / Clinical Trials),Massive Bio,"Kadıköy, Istanbul, Türkiye",LinkedIn (TR),Massive Bio bünyesinde Growth Manager (AI Health-Tech / Clinical Trials) pozisyonu. Profil anahtar kelimelerinizle eşleşti.,Growth,https://tr.linkedin.com/jobs/view/growth-manager-ai-health-tech-clinical-trials-at-massive-bio-4451446342,İncelenecek
5,2026-09-12 17:33:59,30,Growth Marketing Manager (User Acquisition) - Mobile Subscription Products,AppNation,"Istanbul, Türkiye",LinkedIn (TR),"İlan, mobil abonelik ürünleri için kullanıcı kazanımı (User Acquisition) ve performans pazarlama bütçelerini yönetecek deneyimli bir Growth Marketing Manager aramaktadır. Adayın P&G ve Getirfinans'ta büyüme ve marka stratejileri üzerine değerli staj tecrübeleri bulunsa da, henüz mezuniyet aşamasında olması sebebiyle bu yöneticilik pozisyonunun kıdem beklentisini karşılamamaktadır.","Growth Marketing, User Acquisition (UA), Pazar ve Veri Analizi, Performans Pazarlaması, Mobil Ürün Stratejisi",https://tr.linkedin.com/jobs/view/growth-marketing-manager-user-acquisition-mobile-subscription-products-at-appnation-4455701418,İncelenecek
6,2026-09-12 17:33:59,73,Growth Specialist / Dijital Pazarlama Uzmanı,Melontik,"Kadikoy, Istanbul, Türkiye",LinkedIn (TR),Melontik bünyesinde Growth Specialist / Dijital Pazarlama Uzmanı pozisyonu. Profil anahtar kelimelerinizle eşleşti.,Growth,https://tr.linkedin.com/jobs/view/growth-specialist-dijital-pazarlama-uzman%C4%B1-at-melontik-4460762612,İncelenecek
7,2026-09-12 17:33:59,86,Growth Specialist,Fugo Games,"Sarıyer, Istanbul, Türkiye",LinkedIn (TR),"Fugo Games bünyesindeki Growth Specialist pozisyonu, adayın P&G'deki büyüme/pazarlama stratejisi ve Getirfinans'taki Growth-Ürün ekipleri arasındaki köprü rolüyle oldukça iyi örtüşmektedir. Adayın lokasyonunun Sarıyer olması ve güçlü analitik mühendislik altyapısı bu rol için kuvvetli bir zemin sunmaktadır.","Growth Stratejisi, Veri Analitiği, Müşteri ve Pazar Analizi, A/B Testleri ve Optimizasyon, Dijital Büyüme & Pazarlama",https://tr.linkedin.com/jobs/view/growth-specialist-at-fugo-games-4453862781,İncelenecek
8,2026-09-12 17:33:59,73,Growth & Marketing Manager,Deloitte,"Istanbul, Türkiye",LinkedIn (TR),Deloitte bünyesinde Growth & Marketing Manager pozisyonu. Profil anahtar kelimelerinizle eşleşti.,Growth,https://tr.linkedin.com/jobs/view/growth-marketing-manager-at-deloitte-4442808021,İncelenecek
9,2026-09-12 17:33:59,73,Growth Specialist,Domino's Turkey,"Sarıyer, Istanbul, Türkiye",LinkedIn (TR),Domino's Turkey bünyesinde Growth Specialist pozisyonu. Profil anahtar kelimelerinizle eşleşti.,Growth,https://tr.linkedin.com/jobs/view/growth-specialist-at-domino-s-turkey-4443241443,İncelenecek
10,2026-09-12 17:33:59,73,Growth Specialist,Grand Games,"Istanbul, Türkiye",LinkedIn (TR),Grand Games bünyesinde Growth Specialist pozisyonu. Profil anahtar kelimelerinizle eşleşti.,Growth,https://tr.linkedin.com/jobs/view/growth-specialist-at-grand-games-4435558505,İncelenecek
11,2026-09-12 17:33:59,73,Growth Specialist - Gaming,Arcustin Games,Greater Istanbul,LinkedIn (TR),Arcustin Games bünyesinde Growth Specialist - Gaming pozisyonu. Profil anahtar kelimelerinizle eşleşti.,Growth,https://tr.linkedin.com/jobs/view/growth-specialist-gaming-at-arcustin-games-4465815722,İncelenecek
12,2026-09-12 17:33:59,73,Growth Specialist,Paxie Games,"Istanbul, Türkiye",LinkedIn (TR),Paxie Games bünyesinde Growth Specialist pozisyonu. Profil anahtar kelimelerinizle eşleşti.,Growth,https://tr.linkedin.com/jobs/view/growth-specialist-at-paxie-games-4433197640,İncelenecek
13,2026-09-12 17:33:59,73,Performance Marketing Specialist (Paid Search & Social),THE/STUDIO,"Istanbul, Istanbul, Türkiye",LinkedIn (TR),THE/STUDIO bünyesinde Performance Marketing Specialist (Paid Search & Social) pozisyonu. Profil anahtar kelimelerinizle eşleşti.,Performance Marketing,https://tr.linkedin.com/jobs/view/performance-marketing-specialist-paid-search-social-at-the-studio-4453589366,İncelenecek
14,2026-09-12 17:33:59,73,Performance Marketing Specialist,Papcorns,"Kadikoy, Istanbul, Türkiye",LinkedIn (TR),Papcorns bünyesinde Performance Marketing Specialist pozisyonu. Profil anahtar kelimelerinizle eşleşti.,Performance Marketing,https://tr.linkedin.com/jobs/view/performance-marketing-specialist-at-papcorns-4456929899,İncelenecek
15,2026-09-12 17:33:59,73,Growth Marketer,The Flex,Türkiye,LinkedIn (TR),The Flex bünyesinde Growth Marketer pozisyonu. Profil anahtar kelimelerinizle eşleşti.,Growth,https://tr.linkedin.com/jobs/view/growth-marketer-at-the-flex-4436780314,İncelenecek
16,2026-09-12 17:33:59,73,Dijital Kanallar - Growth & Analitik Uzmanı,Koçtaş,"Çekmeköy, Istanbul, Türkiye",LinkedIn (TR),Koçtaş bünyesinde Dijital Kanallar - Growth & Analitik Uzmanı pozisyonu. Profil anahtar kelimelerinizle eşleşti.,Growth,https://tr.linkedin.com/jobs/view/dijital-kanallar-growth-analitik-uzman%C4%B1-at-ko%C3%A7ta%C5%9F-4461167374,İncelenecek
17,2026-09-12 17:33:59,73,Product & Growth Analyst,Midas Games,"Istanbul, Istanbul, Türkiye",LinkedIn (TR),Midas Games bünyesinde Product & Growth Analyst pozisyonu. Profil anahtar kelimelerinizle eşleşti.,Growth,https://tr.linkedin.com/jobs/view/product-growth-analyst-at-midas-games-4462222173,İncelenecek
18,2026-09-12 17:33:59,73,Growth Product Manager,Assistant App,Greater Istanbul,LinkedIn (TR),Assistant App bünyesinde Growth Product Manager pozisyonu. Profil anahtar kelimelerinizle eşleşti.,Growth,https://tr.linkedin.com/jobs/view/growth-product-manager-at-assistant-app-4430236743,İncelenecek
19,2026-09-12 17:33:59,73,Growth Product Specialist,Wowoo,"Istanbul, Türkiye",LinkedIn (TR),Wowoo bünyesinde Growth Product Specialist pozisyonu. Profil anahtar kelimelerinizle eşleşti.,Growth,https://tr.linkedin.com/jobs/view/growth-product-specialist-at-wowoo-4464330419,İncelenecek
20,2026-09-12 17:33:59,73,Growth Product Manager,Infoset,"Istanbul, Türkiye",LinkedIn (TR),Infoset bünyesinde Growth Product Manager pozisyonu. Profil anahtar kelimelerinizle eşleşti.,Growth,https://tr.linkedin.com/jobs/view/growth-product-manager-at-infoset-4447139233,İncelenecek
21,2026-09-12 17:33:59,73,Sales Growth Implementer,Kariyer.net İlanı,Türkiye / İstanbul,Kariyer.net,Kariyer.net İlanı bünyesinde Sales Growth Implementer pozisyonu. Profil anahtar kelimelerinizle eşleşti.,Growth,https://www.kariyer.net/is-ilani/shell-petrol-a-s-sales-growth-implementer-4554665,İncelenecek
22,2026-09-12 17:33:59,73,Strategy & Growth Consultant,Kariyer.net İlanı,Türkiye / İstanbul,Kariyer.net,Kariyer.net İlanı bünyesinde Strategy & Growth Consultant pozisyonu. Profil anahtar kelimelerinizle eşleşti.,Growth,https://www.kariyer.net/is-ilani/gizli-firma-strategy-growth-consultant-4500801,İncelenecek
23,2026-09-12 17:33:59,73,Growth Marketing Deputy Manager,Kariyer.net İlanı,Türkiye / İstanbul,Kariyer.net,Kariyer.net İlanı bünyesinde Growth Marketing Deputy Manager pozisyonu. Profil anahtar kelimelerinizle eşleşti.,Growth,https://www.kariyer.net/is-ilani/metlife-emeklilik-ve-hayat-a-s-growth-marketing-deputy-manager-4545832,İncelenecek
24,2026-09-12 17:33:59,73,Career Experıence Drıve (Ced) Intern- Commercıal Excellence and Growth,Kariyer.net İlanı,Türkiye / İstanbul,Kariyer.net,Kariyer.net İlanı bünyesinde Career Experıence Drıve (Ced) Intern- Commercıal Excellence and Growth pozisyonu. Profil anahtar kelimelerinizle eşleşti.,Growth,https://www.kariyer.net/is-ilani/eczacibasi-holding-a-s-career-experience-drive-ced-intern-commercial-e-4536013,İncelenecek
25,2026-09-12 17:33:59,58,Büyüme ve CRM Yöneticisi,Kariyer.net İlanı,Türkiye / İstanbul,Kariyer.net,Kariyer.net İlanı bünyesinde Büyüme ve CRM Yöneticisi pozisyonu. Profil anahtar kelimelerinizle eşleşti.,Büyüme,https://www.kariyer.net/is-ilani/evidea-buyume-ve-crm-yoneticisi-4555505,İncelenecek
26,2026-09-12 17:33:59,73,Web Geliştirme ve Dijital Büyüme Uzmanı,Kariyer.net İlanı,Türkiye / İstanbul,Kariyer.net,Kariyer.net İlanı bünyesinde Web Geliştirme ve Dijital Büyüme Uzmanı pozisyonu. Profil anahtar kelimelerinizle eşleşti.,Büyüme,https://www.kariyer.net/is-ilani/sovos-digital-planet-bilgi-teknolojileri-yazilim-web-gelistirme-ve-dijital-buyume-uzmani-4520700,İncelenecek
1,2026-09-13 10:51:26,73,Growth Manager,Rollic,"Istanbul, Türkiye",LinkedIn (TR),Rollic bünyesinde Growth Manager pozisyonu. Profil anahtar kelimelerinizle eşleşti.,Growth,https://tr.linkedin.com/jobs/view/growth-manager-at-rollic-4418746792,İncelenecek
2,2026-09-13 10:51:26,73,SaaS Growth Strategist (AI-Native),Vizio AI,Greater Istanbul,LinkedIn (TR),Vizio AI bünyesinde SaaS Growth Strategist (AI-Native) pozisyonu. Profil anahtar kelimelerinizle eşleşti.,Growth,https://tr.linkedin.com/jobs/view/saas-growth-strategist-ai-native-at-vizio-ai-4458852211,İncelenecek
3,2026-09-13 10:51:26,73,Junior Growth Hacker / Growth Hacker,Sigortam.net,"Istanbul, Türkiye",LinkedIn (TR),Sigortam.net bünyesinde Junior Growth Hacker / Growth Hacker pozisyonu. Profil anahtar kelimelerinizle eşleşti.,Growth,https://tr.linkedin.com/jobs/view/junior-growth-hacker-growth-hacker-at-sigortam-net-4457246277,İncelenecek
4,2026-09-13 10:51:26,25,Growth Manager (AI Health-Tech / Clinical Trials),Massive Bio,"Kadıköy, Istanbul, Türkiye",LinkedIn (TR),"Massive Bio'nun Growth Manager pozisyonu, AI sağlık teknolojileri ve klinik araştırmalar alanında büyüme süreçlerine liderlik edecek deneyimli/yönetici seviyesinde bir uzman aramaktadır. Adayın P&G ve Getirfinans'ta büyüme ve yapay zeka odaklı başarılı staj deneyimleri bulunsa da, henüz yeni mezun seviyesinde olması nedeniyle doğrudan 'Manager' sorumluluğu gerektiren bu rol için kıdem düzeyi yetersiz kalmaktadır.","Growth Marketing, AI Uygulamaları, Veri Analitiği, Pazar Araştırması, İş Geliştirme",https://tr.linkedin.com/jobs/view/growth-manager-ai-health-tech-clinical-trials-at-massive-bio-4451446342,İncelenecek
5,2026-09-13 10:51:26,89,Growth Marketing Manager (User Acquisition) - Mobile Subscription Products,AppNation,"Istanbul, Türkiye",LinkedIn (TR),AppNation bünyesinde Growth Marketing Manager (User Acquisition) - Mobile Subscription Products pozisyonu. Profil anahtar kelimelerinizle eşleşti.,"Growth, User Acquisition, Acquisition",https://tr.linkedin.com/jobs/view/growth-marketing-manager-user-acquisition-mobile-subscription-products-at-appnation-4455701418,İncelenecek
6,2026-09-13 10:51:26,85,Growth Specialist / Dijital Pazarlama Uzmanı,Melontik,"Kadikoy, Istanbul, Türkiye",LinkedIn (TR),"Melontik bünyesindeki Growth Specialist / Dijital Pazarlama Uzmanı pozisyonu, adayın P&G'de edindiği dijital görünürlük, SEO ve e-ticaret büyüme stratejileri deneyimi ile Getirfinans'taki Growth ekipleriyle yürüttüğü çalışmalarla oldukça örtüşmektedir. Adayın analitik ve pazarlama odaklı staj geçmişi bu giriş/uzmanlık seviyesindeki rol için güçlü bir zemin sunmaktadır.","Büyüme Stratejileri (Growth), Dijital Pazarlama & SEO, Pazar ve Veri Analitiği, E-Ticaret Yönetimi, Müşteri Deneyimi (CX)",https://tr.linkedin.com/jobs/view/growth-specialist-dijital-pazarlama-uzman%C4%B1-at-melontik-4460762612,İncelenecek
7,2026-09-13 10:51:26,73,Growth Specialist,Fugo Games,"Sarıyer, Istanbul, Türkiye",LinkedIn (TR),Fugo Games bünyesinde Growth Specialist pozisyonu. Profil anahtar kelimelerinizle eşleşti.,Growth,https://tr.linkedin.com/jobs/view/growth-specialist-at-fugo-games-4453862781,İncelenecek
8,2026-09-13 10:51:26,73,Growth & Marketing Manager,Deloitte,"Istanbul, Türkiye",LinkedIn (TR),Deloitte bünyesinde Growth & Marketing Manager pozisyonu. Profil anahtar kelimelerinizle eşleşti.,Growth,https://tr.linkedin.com/jobs/view/growth-marketing-manager-at-deloitte-4442808021,İncelenecek
9,2026-09-13 10:51:26,73,Growth Specialist,Domino's Turkey,"Sarıyer, Istanbul, Türkiye",LinkedIn (TR),Domino's Turkey bünyesinde Growth Specialist pozisyonu. Profil anahtar kelimelerinizle eşleşti.,Growth,https://tr.linkedin.com/jobs/view/growth-specialist-at-domino-s-turkey-4443241443,İncelenecek
10,2026-09-13 10:51:26,73,Growth Specialist,Grand Games,"Istanbul, Türkiye",LinkedIn (TR),Grand Games bünyesinde Growth Specialist pozisyonu. Profil anahtar kelimelerinizle eşleşti.,Growth,https://tr.linkedin.com/jobs/view/growth-specialist-at-grand-games-4435558505,İncelenecek
11,2026-09-13 10:51:26,73,Growth Specialist - Gaming,Arcustin Games,Greater Istanbul,LinkedIn (TR),Arcustin Games bünyesinde Growth Specialist - Gaming pozisyonu. Profil anahtar kelimelerinizle eşleşti.,Growth,https://tr.linkedin.com/jobs/view/growth-specialist-gaming-at-arcustin-games-4465815722,İncelenecek
12,2026-09-13 10:51:26,73,Growth Specialist,Paxie Games,"Istanbul, Türkiye",LinkedIn (TR),Paxie Games bünyesinde Growth Specialist pozisyonu. Profil anahtar kelimelerinizle eşleşti.,Growth,https://tr.linkedin.com/jobs/view/growth-specialist-at-paxie-games-4433197640,İncelenecek
13,2026-09-13 10:51:26,73,Performance Marketing Specialist (Paid Search & Social),THE/STUDIO,"Istanbul, Istanbul, Türkiye",LinkedIn (TR),THE/STUDIO bünyesinde Performance Marketing Specialist (Paid Search & Social) pozisyonu. Profil anahtar kelimelerinizle eşleşti.,Performance Marketing,https://tr.linkedin.com/jobs/view/performance-marketing-specialist-paid-search-social-at-the-studio-4453589366,İncelenecek
14,2026-09-13 10:51:26,73,Performance Marketing Specialist,Papcorns,"Kadikoy, Istanbul, Türkiye",LinkedIn (TR),Papcorns bünyesinde Performance Marketing Specialist pozisyonu. Profil anahtar kelimelerinizle eşleşti.,Performance Marketing,https://tr.linkedin.com/jobs/view/performance-marketing-specialist-at-papcorns-4456929899,İncelenecek
15,2026-09-13 10:51:26,73,Growth Marketer,The Flex,Türkiye,LinkedIn (TR),The Flex bünyesinde Growth Marketer pozisyonu. Profil anahtar kelimelerinizle eşleşti.,Growth,https://tr.linkedin.com/jobs/view/growth-marketer-at-the-flex-4436780314,İncelenecek
16,2026-09-13 10:51:26,73,Dijital Kanallar - Growth & Analitik Uzmanı,Koçtaş,"Çekmeköy, Istanbul, Türkiye",LinkedIn (TR),Koçtaş bünyesinde Dijital Kanallar - Growth & Analitik Uzmanı pozisyonu. Profil anahtar kelimelerinizle eşleşti.,Growth,https://tr.linkedin.com/jobs/view/dijital-kanallar-growth-analitik-uzman%C4%B1-at-ko%C3%A7ta%C5%9F-4461167374,İncelenecek
17,2026-09-13 10:51:26,73,Product & Growth Analyst,Midas Games,"Istanbul, Istanbul, Türkiye",LinkedIn (TR),Midas Games bünyesinde Product & Growth Analyst pozisyonu. Profil anahtar kelimelerinizle eşleşti.,Growth,https://tr.linkedin.com/jobs/view/product-growth-analyst-at-midas-games-4462222173,İncelenecek
18,2026-09-13 10:51:26,73,Growth Product Manager,Assistant App,Greater Istanbul,LinkedIn (TR),Assistant App bünyesinde Growth Product Manager pozisyonu. Profil anahtar kelimelerinizle eşleşti.,Growth,https://tr.linkedin.com/jobs/view/growth-product-manager-at-assistant-app-4430236743,İncelenecek
19,2026-09-13 10:51:26,73,Growth Product Specialist,Wowoo,"Istanbul, Türkiye",LinkedIn (TR),Wowoo bünyesinde Growth Product Specialist pozisyonu. Profil anahtar kelimelerinizle eşleşti.,Growth,https://tr.linkedin.com/jobs/view/growth-product-specialist-at-wowoo-4464330419,İncelenecek
20,2026-09-13 10:51:26,73,Growth Product Manager,Infoset,"Istanbul, Türkiye",LinkedIn (TR),Infoset bünyesinde Growth Product Manager pozisyonu. Profil anahtar kelimelerinizle eşleşti.,Growth,https://tr.linkedin.com/jobs/view/growth-product-manager-at-infoset-4447139233,İncelenecek
1,2026-09-13 17:48:17,73,Growth Manager,Rollic,"Istanbul, Türkiye",LinkedIn (TR),Rollic bünyesinde Growth Manager pozisyonu. Profil anahtar kelimelerinizle eşleşti.,Growth,https://tr.linkedin.com/jobs/view/growth-manager-at-rollic-4418746792,İncelenecek
2,2026-09-13 17:48:17,73,SaaS Growth Strategist (AI-Native),Vizio AI,Greater Istanbul,LinkedIn (TR),Vizio AI bünyesinde SaaS Growth Strategist (AI-Native) pozisyonu. Profil anahtar kelimelerinizle eşleşti.,Growth,https://tr.linkedin.com/jobs/view/saas-growth-strategist-ai-native-at-vizio-ai-4458852211,İncelenecek
3,2026-09-13 17:48:17,73,Junior Growth Hacker / Growth Hacker,Sigortam.net,"Istanbul, Türkiye",LinkedIn (TR),Sigortam.net bünyesinde Junior Growth Hacker / Growth Hacker pozisyonu. Profil anahtar kelimelerinizle eşleşti.,Growth,https://tr.linkedin.com/jobs/view/junior-growth-hacker-growth-hacker-at-sigortam-net-4457246277,İncelenecek
4,2026-09-13 17:48:17,73,Growth Manager (AI Health-Tech / Clinical Trials),Massive Bio,"Kadıköy, Istanbul, Türkiye",LinkedIn (TR),Massive Bio bünyesinde Growth Manager (AI Health-Tech / Clinical Trials) pozisyonu. Profil anahtar kelimelerinizle eşleşti.,Growth,https://tr.linkedin.com/jobs/view/growth-manager-ai-health-tech-clinical-trials-at-massive-bio-4451446342,İncelenecek
5,2026-09-13 17:48:17,89,Growth Marketing Manager (User Acquisition) - Mobile Subscription Products,AppNation,"Istanbul, Türkiye",LinkedIn (TR),AppNation bünyesinde Growth Marketing Manager (User Acquisition) - Mobile Subscription Products pozisyonu. Profil anahtar kelimelerinizle eşleşti.,"Growth, User Acquisition, Acquisition",https://tr.linkedin.com/jobs/view/growth-marketing-manager-user-acquisition-mobile-subscription-products-at-appnation-4455701418,İncelenecek
6,2026-09-13 17:48:17,85,Growth Specialist / Dijital Pazarlama Uzmanı,Melontik,"Kadikoy, Istanbul, Türkiye",LinkedIn (TR),"Melontik bünyesindeki Growth Specialist / Dijital Pazarlama Uzmanı pozisyonu, adayın P&G'deki marka yönetimi ve dijital büyüme/SEO odaklı deneyimi ile Getirfinans'taki müşteri ve büyüme odaklı analitik geçmişiyle oldukça örtüşmektedir. Adayın güçlü mühendislik formasyonu ve çok yönlü staj tecrübeleri, büyüme ve veri odaklı dijital pazarlama rolleri için ideal bir profil oluşturmaktadır.","Growth Marketing, Dijital Pazarlama & SEO, Veri Analitiği & İçgörü Çıkarma, E-Ticaret Stratejileri, Müşteri Yolculuğu Optimizasyonu",https://tr.linkedin.com/jobs/view/growth-specialist-dijital-pazarlama-uzman%C4%B1-at-melontik-4460762612,İncelenecek
7,2026-09-13 17:48:17,73,Growth Specialist,Fugo Games,"Sarıyer, Istanbul, Türkiye",LinkedIn (TR),Fugo Games bünyesinde Growth Specialist pozisyonu. Profil anahtar kelimelerinizle eşleşti.,Growth,https://tr.linkedin.com/jobs/view/growth-specialist-at-fugo-games-4453862781,İncelenecek
8,2026-09-13 17:48:17,73,Growth & Marketing Manager,Deloitte,"Istanbul, Türkiye",LinkedIn (TR),Deloitte bünyesinde Growth & Marketing Manager pozisyonu. Profil anahtar kelimelerinizle eşleşti.,Growth,https://tr.linkedin.com/jobs/view/growth-marketing-manager-at-deloitte-4442808021,İncelenecek
9,2026-09-13 17:48:17,73,Growth Specialist,Domino's Turkey,"Sarıyer, Istanbul, Türkiye",LinkedIn (TR),Domino's Turkey bünyesinde Growth Specialist pozisyonu. Profil anahtar kelimelerinizle eşleşti.,Growth,https://tr.linkedin.com/jobs/view/growth-specialist-at-domino-s-turkey-4443241443,İncelenecek
10,2026-09-13 17:48:17,73,Growth Specialist,Grand Games,"Istanbul, Türkiye",LinkedIn (TR),Grand Games bünyesinde Growth Specialist pozisyonu. Profil anahtar kelimelerinizle eşleşti.,Growth,https://tr.linkedin.com/jobs/view/growth-specialist-at-grand-games-4435558505,İncelenecek
11,2026-09-13 17:48:17,73,Growth Specialist - Gaming,Arcustin Games,Greater Istanbul,LinkedIn (TR),Arcustin Games bünyesinde Growth Specialist - Gaming pozisyonu. Profil anahtar kelimelerinizle eşleşti.,Growth,https://tr.linkedin.com/jobs/view/growth-specialist-gaming-at-arcustin-games-4465815722,İncelenecek
12,2026-09-13 17:48:17,73,Growth Specialist,Paxie Games,"Istanbul, Türkiye",LinkedIn (TR),Paxie Games bünyesinde Growth Specialist pozisyonu. Profil anahtar kelimelerinizle eşleşti.,Growth,https://tr.linkedin.com/jobs/view/growth-specialist-at-paxie-games-4433197640,İncelenecek
13,2026-09-13 17:48:17,73,Performance Marketing Specialist,Papcorns,"Kadikoy, Istanbul, Türkiye",LinkedIn (TR),Papcorns bünyesinde Performance Marketing Specialist pozisyonu. Profil anahtar kelimelerinizle eşleşti.,Performance Marketing,https://tr.linkedin.com/jobs/view/performance-marketing-specialist-at-papcorns-4456929899,İncelenecek
14,2026-09-13 17:48:17,73,Growth Marketer,The Flex,Türkiye,LinkedIn (TR),The Flex bünyesinde Growth Marketer pozisyonu. Profil anahtar kelimelerinizle eşleşti.,Growth,https://tr.linkedin.com/jobs/view/growth-marketer-at-the-flex-4436780314,İncelenecek
15,2026-09-13 17:48:17,73,Dijital Kanallar - Growth & Analitik Uzmanı,Koçtaş,"Çekmeköy, Istanbul, Türkiye",LinkedIn (TR),Koçtaş bünyesinde Dijital Kanallar - Growth & Analitik Uzmanı pozisyonu. Profil anahtar kelimelerinizle eşleşti.,Growth,https://tr.linkedin.com/jobs/view/dijital-kanallar-growth-analitik-uzman%C4%B1-at-ko%C3%A7ta%C5%9F-4461167374,İncelenecek
16,2026-09-13 17:48:17,73,Product & Growth Analyst,Midas Games,"Istanbul, Istanbul, Türkiye",LinkedIn (TR),Midas Games bünyesinde Product & Growth Analyst pozisyonu. Profil anahtar kelimelerinizle eşleşti.,Growth,https://tr.linkedin.com/jobs/view/product-growth-analyst-at-midas-games-4462222173,İncelenecek
17,2026-09-13 17:48:17,73,Growth Product Manager,Assistant App,Greater Istanbul,LinkedIn (TR),Assistant App bünyesinde Growth Product Manager pozisyonu. Profil anahtar kelimelerinizle eşleşti.,Growth,https://tr.linkedin.com/jobs/view/growth-product-manager-at-assistant-app-4430236743,İncelenecek
18,2026-09-13 17:48:17,73,Growth Product Specialist,Wowoo,"Istanbul, Türkiye",LinkedIn (TR),Wowoo bünyesinde Growth Product Specialist pozisyonu. Profil anahtar kelimelerinizle eşleşti.,Growth,https://tr.linkedin.com/jobs/view/growth-product-specialist-at-wowoo-4464330419,İncelenecek
19,2026-09-13 17:48:17,73,Growth Product Manager,Infoset,"Istanbul, Türkiye",LinkedIn (TR),Infoset bünyesinde Growth Product Manager pozisyonu. Profil anahtar kelimelerinizle eşleşti.,Growth,https://tr.linkedin.com/jobs/view/growth-product-manager-at-infoset-4447139233,İncelenecek
1,2026-09-14 11:20:00,73,Growth Manager,Rollic,"Istanbul, Türkiye",LinkedIn (TR),Rollic bünyesinde Growth Manager pozisyonu. Profil anahtar kelimelerinizle eşleşti.,Growth,https://tr.linkedin.com/jobs/view/growth-manager-at-rollic-4418746792,İncelenecek
2,2026-09-14 11:20:00,73,SaaS Growth Strategist (AI-Native),Vizio AI,Greater Istanbul,LinkedIn (TR),Vizio AI bünyesinde SaaS Growth Strategist (AI-Native) pozisyonu. Profil anahtar kelimelerinizle eşleşti.,Growth,https://tr.linkedin.com/jobs/view/saas-growth-strategist-ai-native-at-vizio-ai-4458852211,İncelenecek
3,2026-09-14 11:20:00,90,Junior Growth Hacker / Growth Hacker,Sigortam.net,"Istanbul, Türkiye",LinkedIn (TR),"Sigortam.net'in Junior Growth Hacker pozisyonu, adayın P&G'deki dijital büyüme ve SEO odaklı stratejileri ile Getirfinans'taki Growth ve Ürün ekipleriyle yürüttüğü çalışmalarla mükemmel bir örtüşme göstermektedir. Giriş/Junior seviyede olması ve adayın analitik mühendislik temeli, bu büyüme odaklı pozisyon için güçlü bir uyum sağlamaktadır.","Growth Hacking, Büyüme Stratejileri & E-Ticaret, SEO & Arama Stratejileri, Veri Analitiği & İçgörü Çıkarımı, Müşteri Deneyimi & Dönüşüm Optimizasyonu",https://tr.linkedin.com/jobs/view/junior-growth-hacker-growth-hacker-at-sigortam-net-4457246277,İncelenecek
4,2026-09-14 11:20:00,30,Growth Manager (AI Health-Tech / Clinical Trials),Massive Bio,"Kadıköy, Istanbul, Türkiye",LinkedIn (TR),"İlan, AI ve sağlık teknolojileri (klinik araştırmalar) alanında liderlik ve büyüme stratejilerini yönetecek 'Growth Manager' seviyesinde tecrübeli bir profil aramaktadır. Adayın P&G ve Getirfinans'ta büyüme ve yapay zeka odaklı başarılı staj deneyimleri bulunsa da, pozisyonun gerektirdiği yönetsel kıdem ve sağlık teknolojisi tecrübesi yeni mezun seviyesinin üzerindedir.","Growth Strategy, AI Product Integration, Data-Driven Analysis, Customer Experience & Insights",https://tr.linkedin.com/jobs/view/growth-manager-ai-health-tech-clinical-trials-at-massive-bio-4451446342,İncelenecek
5,2026-09-14 11:20:00,89,Growth Marketing Manager (User Acquisition) - Mobile Subscription Products,AppNation,"Istanbul, Türkiye",LinkedIn (TR),AppNation bünyesinde Growth Marketing Manager (User Acquisition) - Mobile Subscription Products pozisyonu. Profil anahtar kelimelerinizle eşleşti.,"Growth, User Acquisition, Acquisition",https://tr.linkedin.com/jobs/view/growth-marketing-manager-user-acquisition-mobile-subscription-products-at-appnation-4455701418,İncelenecek
6,2026-09-14 11:20:00,85,Growth Specialist / Dijital Pazarlama Uzmanı,Melontik,"Kadikoy, Istanbul, Türkiye",LinkedIn (TR),"Pozisyon Growth Specialist ve Dijital Pazarlama odaklı olup, adayın P&G bünyesinde yürüttüğü SEO, dijital görünürlük ve e-ticaret büyüme stratejileri ile Getirfinans'taki Growth ekipleriyle yürüttüğü çalışmalarla oldukça yüksek uyum göstermektedir. Adayın analitik mühendislik altyapısı veri odaklı büyüme ve pazarlama süreçleri için güçlü bir zemin sunmaktadır.","Growth Marketing, Dijital Pazarlama, SEO Stratejisi, E-Ticaret & Kanal Yönetimi, Veri Analitiği, Müşteri İçgörüsü (VoC)",https://tr.linkedin.com/jobs/view/growth-specialist-dijital-pazarlama-uzman%C4%B1-at-melontik-4460762612,İncelenecek
7,2026-09-14 11:20:00,73,Growth Specialist,Fugo Games,"Sarıyer, Istanbul, Türkiye",LinkedIn (TR),Fugo Games bünyesinde Growth Specialist pozisyonu. Profil anahtar kelimelerinizle eşleşti.,Growth,https://tr.linkedin.com/jobs/view/growth-specialist-at-fugo-games-4453862781,İncelenecek
8,2026-09-14 11:20:00,25,Growth & Marketing Manager,Deloitte,"Istanbul, Türkiye",LinkedIn (TR),"Deloitte'un Growth & Marketing Manager pozisyonu, yönetim seviyesinde stratejik liderlik ve çok yıllık deneyim gerektiren üst düzey bir roldür. Adayın P&G ve Getirfinans gibi kurumlarda marka yönetimi ve büyüme odaklı staj deneyimleri güçlü olsa da henüz mezuniyet aşamasında olması sebebiyle Manager seviyesindeki bu rol için tecrübe kriteri uyuşmamaktadır.","Büyüme Stratejileri (Growth), Pazarlama Yönetimi, Marka Yönetimi, Pazar ve Müşteri Analitiği, İş Geliştirme",https://tr.linkedin.com/jobs/view/growth-marketing-manager-at-deloitte-4442808021,İncelenecek
9,2026-09-14 11:20:00,73,Growth Specialist,Domino's Turkey,"Sarıyer, Istanbul, Türkiye",LinkedIn (TR),Domino's Turkey bünyesinde Growth Specialist pozisyonu. Profil anahtar kelimelerinizle eşleşti.,Growth,https://tr.linkedin.com/jobs/view/growth-specialist-at-domino-s-turkey-4443241443,İncelenecek
10,2026-09-14 11:20:00,73,Growth Specialist,Grand Games,"Istanbul, Türkiye",LinkedIn (TR),Grand Games bünyesinde Growth Specialist pozisyonu. Profil anahtar kelimelerinizle eşleşti.,Growth,https://tr.linkedin.com/jobs/view/growth-specialist-at-grand-games-4435558505,İncelenecek
11,2026-09-14 11:20:00,85,Growth Specialist - Gaming,Arcustin Games,Greater Istanbul,LinkedIn (TR),"Arcustin Games bünyesindeki Growth Specialist - Gaming pozisyonu, adayın P&G'deki büyüme stratejisi (growth action plan) ve Getirfinans'taki Growth/Ürün ekipleriyle yürüttüğü veri odaklı deneyimleriyle oldukça uyumludur. Giriş/uzmanlık seviyesindeki bu büyüme rolü, adayın analitik ve pazarlama yetkinlikleriyle güçlü bir örtüşme göstermektedir.","Growth Strategy, Data Analysis, Product & Marketing Alignment, SEO & Digital Visibility, Customer Insights & Acquisition",https://tr.linkedin.com/jobs/view/growth-specialist-gaming-at-arcustin-games-4465815722,İncelenecek
12,2026-09-14 11:20:00,85,Growth Specialist,Paxie Games,"Istanbul, Türkiye",LinkedIn (TR),"Paxie Games'in Growth Specialist pozisyonu, adayın analitik mühendislik altyapısı ve P&G ile Getirfinans'taki büyüme, dijital görünürlük ve kullanıcı deneyimi odaklı staj tecrübeleriyle son derece iyi örtüşmektedir. Adayın veri odaklı karar alma yetkinliği ve ürün-büyüme ekipleriyle olan çapraz çalışma deneyimi, oyun sektöründeki büyüme hedeflerini destekleyecek niteliktedir.","Growth Marketing, Veri Analitiği, A/B Testi ve Dönüşüm Optimizasyonu, Dijital Pazarlama & SEO, Müşteri Deneyimi (CX)",https://tr.linkedin.com/jobs/view/growth-specialist-at-paxie-games-4433197640,İncelenecek
13,2026-09-14 11:20:00,73,Performance Marketing Specialist,Papcorns,"Kadikoy, Istanbul, Türkiye",LinkedIn (TR),Papcorns bünyesinde Performance Marketing Specialist pozisyonu. Profil anahtar kelimelerinizle eşleşti.,Performance Marketing,https://tr.linkedin.com/jobs/view/performance-marketing-specialist-at-papcorns-4456929899,İncelenecek
14,2026-09-14 11:20:00,73,Growth Marketer,The Flex,Türkiye,LinkedIn (TR),The Flex bünyesinde Growth Marketer pozisyonu. Profil anahtar kelimelerinizle eşleşti.,Growth,https://tr.linkedin.com/jobs/view/growth-marketer-at-the-flex-4436780314,İncelenecek
15,2026-09-14 11:20:00,73,Dijital Kanallar - Growth & Analitik Uzmanı,Koçtaş,"Çekmeköy, Istanbul, Türkiye",LinkedIn (TR),Koçtaş bünyesinde Dijital Kanallar - Growth & Analitik Uzmanı pozisyonu. Profil anahtar kelimelerinizle eşleşti.,Growth,https://tr.linkedin.com/jobs/view/dijital-kanallar-growth-analitik-uzman%C4%B1-at-ko%C3%A7ta%C5%9F-4461167374,İncelenecek
16,2026-09-14 11:20:00,73,Product & Growth Analyst,Midas Games,"Istanbul, Istanbul, Türkiye",LinkedIn (TR),Midas Games bünyesinde Product & Growth Analyst pozisyonu. Profil anahtar kelimelerinizle eşleşti.,Growth,https://tr.linkedin.com/jobs/view/product-growth-analyst-at-midas-games-4462222173,İncelenecek
17,2026-09-14 11:20:00,73,Growth Product Manager,Assistant App,Greater Istanbul,LinkedIn (TR),Assistant App bünyesinde Growth Product Manager pozisyonu. Profil anahtar kelimelerinizle eşleşti.,Growth,https://tr.linkedin.com/jobs/view/growth-product-manager-at-assistant-app-4430236743,İncelenecek
18,2026-09-14 11:20:00,88,Growth Product Specialist,Wowoo,"Istanbul, Türkiye",LinkedIn (TR),"Wowoo bünyesindeki Growth Product Specialist rolü; adayın SabancıDx'teki ürün yönetimi, Getirfinans'taki büyüme/ürün köprüsü kurma ve P&G'deki büyüme odaklı marka stratejisi tecrübeleriyle mükemmel bir uyum göstermektedir. Adayın Boğaziçi Endüstri Mühendisliği altyapısı ve çoklu departmanlar arası çalışma deneyimi bu pozisyon için ideal bir profil sunmaktadır.","Product Management, Growth Strategies, Customer Journey Mapping, Data-Driven Analysis, Cross-Functional Collaboration, E-Commerce & Digital Visibility",https://tr.linkedin.com/jobs/view/growth-product-specialist-at-wowoo-4464330419,İncelenecek
19,2026-09-14 11:20:00,73,Growth Product Manager,Infoset,"Istanbul, Türkiye",LinkedIn (TR),Infoset bünyesinde Growth Product Manager pozisyonu. Profil anahtar kelimelerinizle eşleşti.,Growth,https://tr.linkedin.com/jobs/view/growth-product-manager-at-infoset-4447139233,İncelenecek
1,2026-09-14 19:41:42,73,Growth Manager,Rollic,"Istanbul, Türkiye",LinkedIn (TR),Rollic bünyesinde Growth Manager pozisyonu. Profil anahtar kelimelerinizle eşleşti.,Growth,https://tr.linkedin.com/jobs/view/growth-manager-at-rollic-4418746792,İncelenecek
2,2026-09-14 19:41:42,73,SaaS Growth Strategist (AI-Native),Vizio AI,Greater Istanbul,LinkedIn (TR),Vizio AI bünyesinde SaaS Growth Strategist (AI-Native) pozisyonu. Profil anahtar kelimelerinizle eşleşti.,Growth,https://tr.linkedin.com/jobs/view/saas-growth-strategist-ai-native-at-vizio-ai-4458852211,İncelenecek
3,2026-09-14 19:41:42,73,Junior Growth Hacker / Growth Hacker,Sigortam.net,"Istanbul, Türkiye",LinkedIn (TR),Sigortam.net bünyesinde Junior Growth Hacker / Growth Hacker pozisyonu. Profil anahtar kelimelerinizle eşleşti.,Growth,https://tr.linkedin.com/jobs/view/junior-growth-hacker-growth-hacker-at-sigortam-net-4457246277,İncelenecek
4,2026-09-14 19:41:42,73,Growth Manager (AI Health-Tech / Clinical Trials),Massive Bio,"Kadıköy, Istanbul, Türkiye",LinkedIn (TR),Massive Bio bünyesinde Growth Manager (AI Health-Tech / Clinical Trials) pozisyonu. Profil anahtar kelimelerinizle eşleşti.,Growth,https://tr.linkedin.com/jobs/view/growth-manager-ai-health-tech-clinical-trials-at-massive-bio-4451446342,İncelenecek
5,2026-09-14 19:41:42,89,Growth Marketing Manager (User Acquisition) - Mobile Subscription Products,AppNation,"Istanbul, Türkiye",LinkedIn (TR),AppNation bünyesinde Growth Marketing Manager (User Acquisition) - Mobile Subscription Products pozisyonu. Profil anahtar kelimelerinizle eşleşti.,"Growth, User Acquisition, Acquisition",https://tr.linkedin.com/jobs/view/growth-marketing-manager-user-acquisition-mobile-subscription-products-at-appnation-4455701418,İncelenecek
6,2026-09-14 19:41:42,73,Growth Specialist / Dijital Pazarlama Uzmanı,Melontik,"Kadikoy, Istanbul, Türkiye",LinkedIn (TR),Melontik bünyesinde Growth Specialist / Dijital Pazarlama Uzmanı pozisyonu. Profil anahtar kelimelerinizle eşleşti.,Growth,https://tr.linkedin.com/jobs/view/growth-specialist-dijital-pazarlama-uzman%C4%B1-at-melontik-4460762612,İncelenecek
7,2026-09-14 19:41:42,73,Growth Specialist,Fugo Games,"Sarıyer, Istanbul, Türkiye",LinkedIn (TR),Fugo Games bünyesinde Growth Specialist pozisyonu. Profil anahtar kelimelerinizle eşleşti.,Growth,https://tr.linkedin.com/jobs/view/growth-specialist-at-fugo-games-4453862781,İncelenecek
8,2026-09-14 19:41:42,73,Growth & Marketing Manager,Deloitte,"Istanbul, Türkiye",LinkedIn (TR),Deloitte bünyesinde Growth & Marketing Manager pozisyonu. Profil anahtar kelimelerinizle eşleşti.,Growth,https://tr.linkedin.com/jobs/view/growth-marketing-manager-at-deloitte-4442808021,İncelenecek
9,2026-09-14 19:41:42,73,Growth Specialist,Domino's Turkey,"Sarıyer, Istanbul, Türkiye",LinkedIn (TR),Domino's Turkey bünyesinde Growth Specialist pozisyonu. Profil anahtar kelimelerinizle eşleşti.,Growth,https://tr.linkedin.com/jobs/view/growth-specialist-at-domino-s-turkey-4443241443,İncelenecek
10,2026-09-14 19:41:42,73,Growth Specialist,Grand Games,"Istanbul, Türkiye",LinkedIn (TR),Grand Games bünyesinde Growth Specialist pozisyonu. Profil anahtar kelimelerinizle eşleşti.,Growth,https://tr.linkedin.com/jobs/view/growth-specialist-at-grand-games-4435558505,İncelenecek
11,2026-09-14 19:41:42,73,Growth Specialist - Gaming,Arcustin Games,Greater Istanbul,LinkedIn (TR),Arcustin Games bünyesinde Growth Specialist - Gaming pozisyonu. Profil anahtar kelimelerinizle eşleşti.,Growth,https://tr.linkedin.com/jobs/view/growth-specialist-gaming-at-arcustin-games-4465815722,İncelenecek
12,2026-09-14 19:41:42,73,Growth Specialist,Paxie Games,"Istanbul, Türkiye",LinkedIn (TR),Paxie Games bünyesinde Growth Specialist pozisyonu. Profil anahtar kelimelerinizle eşleşti.,Growth,https://tr.linkedin.com/jobs/view/growth-specialist-at-paxie-games-4433197640,İncelenecek
13,2026-09-14 19:41:42,73,Performance Marketing Specialist,Papcorns,"Kadikoy, Istanbul, Türkiye",LinkedIn (TR),Papcorns bünyesinde Performance Marketing Specialist pozisyonu. Profil anahtar kelimelerinizle eşleşti.,Performance Marketing,https://tr.linkedin.com/jobs/view/performance-marketing-specialist-at-papcorns-4456929899,İncelenecek
14,2026-09-14 19:41:42,73,Growth Marketer,The Flex,Türkiye,LinkedIn (TR),The Flex bünyesinde Growth Marketer pozisyonu. Profil anahtar kelimelerinizle eşleşti.,Growth,https://tr.linkedin.com/jobs/view/growth-marketer-at-the-flex-4436780314,İncelenecek
15,2026-09-14 19:41:42,73,Dijital Kanallar - Growth & Analitik Uzmanı,Koçtaş,"Çekmeköy, Istanbul, Türkiye",LinkedIn (TR),Koçtaş bünyesinde Dijital Kanallar - Growth & Analitik Uzmanı pozisyonu. Profil anahtar kelimelerinizle eşleşti.,Growth,https://tr.linkedin.com/jobs/view/dijital-kanallar-growth-analitik-uzman%C4%B1-at-ko%C3%A7ta%C5%9F-4461167374,İncelenecek
16,2026-09-14 19:41:42,73,Product & Growth Analyst,Midas Games,"Istanbul, Istanbul, Türkiye",LinkedIn (TR),Midas Games bünyesinde Product & Growth Analyst pozisyonu. Profil anahtar kelimelerinizle eşleşti.,Growth,https://tr.linkedin.com/jobs/view/product-growth-analyst-at-midas-games-4462222173,İncelenecek
17,2026-09-14 19:41:42,73,Growth Product Manager,Assistant App,Greater Istanbul,LinkedIn (TR),Assistant App bünyesinde Growth Product Manager pozisyonu. Profil anahtar kelimelerinizle eşleşti.,Growth,https://tr.linkedin.com/jobs/view/growth-product-manager-at-assistant-app-4430236743,İncelenecek
18,2026-09-14 19:41:42,73,Growth Product Specialist,Wowoo,"Istanbul, Türkiye",LinkedIn (TR),Wowoo bünyesinde Growth Product Specialist pozisyonu. Profil anahtar kelimelerinizle eşleşti.,Growth,https://tr.linkedin.com/jobs/view/growth-product-specialist-at-wowoo-4464330419,İncelenecek
19,2026-09-14 19:41:42,73,Growth Product Manager,Infoset,"Istanbul, Türkiye",LinkedIn (TR),Infoset bünyesinde Growth Product Manager pozisyonu. Profil anahtar kelimelerinizle eşleşti.,Growth,https://tr.linkedin.com/jobs/view/growth-product-manager-at-infoset-4447139233,İncelenecek
1,2026-09-15 10:44:27,73,Growth Manager,Rollic,"Istanbul, Türkiye",LinkedIn (TR),Rollic bünyesinde Growth Manager pozisyonu. Profil anahtar kelimelerinizle eşleşti.,Growth,https://tr.linkedin.com/jobs/view/growth-manager-at-rollic-4418746792,İncelenecek
2,2026-09-15 10:44:27,73,SaaS Growth Strategist (AI-Native),Vizio AI,Greater Istanbul,LinkedIn (TR),Vizio AI bünyesinde SaaS Growth Strategist (AI-Native) pozisyonu. Profil anahtar kelimelerinizle eşleşti.,Growth,https://tr.linkedin.com/jobs/view/saas-growth-strategist-ai-native-at-vizio-ai-4458852211,İncelenecek
3,2026-09-15 10:44:27,73,Junior Growth Hacker / Growth Hacker,Sigortam.net,"Istanbul, Türkiye",LinkedIn (TR),Sigortam.net bünyesinde Junior Growth Hacker / Growth Hacker pozisyonu. Profil anahtar kelimelerinizle eşleşti.,Growth,https://tr.linkedin.com/jobs/view/junior-growth-hacker-growth-hacker-at-sigortam-net-4457246277,İncelenecek
4,2026-09-15 10:44:27,73,Growth Manager (AI Health-Tech / Clinical Trials),Massive Bio,"Kadıköy, Istanbul, Türkiye",LinkedIn (TR),Massive Bio bünyesinde Growth Manager (AI Health-Tech / Clinical Trials) pozisyonu. Profil anahtar kelimelerinizle eşleşti.,Growth,https://tr.linkedin.com/jobs/view/growth-manager-ai-health-tech-clinical-trials-at-massive-bio-4451446342,İncelenecek
5,2026-09-15 10:44:27,89,Growth Marketing Manager (User Acquisition) - Mobile Subscription Products,AppNation,"Istanbul, Türkiye",LinkedIn (TR),AppNation bünyesinde Growth Marketing Manager (User Acquisition) - Mobile Subscription Products pozisyonu. Profil anahtar kelimelerinizle eşleşti.,"Growth, User Acquisition, Acquisition",https://tr.linkedin.com/jobs/view/growth-marketing-manager-user-acquisition-mobile-subscription-products-at-appnation-4455701418,İncelenecek
6,2026-09-15 10:44:27,73,Growth Specialist / Dijital Pazarlama Uzmanı,Melontik,"Kadikoy, Istanbul, Türkiye",LinkedIn (TR),Melontik bünyesinde Growth Specialist / Dijital Pazarlama Uzmanı pozisyonu. Profil anahtar kelimelerinizle eşleşti.,Growth,https://tr.linkedin.com/jobs/view/growth-specialist-dijital-pazarlama-uzman%C4%B1-at-melontik-4460762612,İncelenecek
7,2026-09-15 10:44:27,73,Growth Specialist,Fugo Games,"Sarıyer, Istanbul, Türkiye",LinkedIn (TR),Fugo Games bünyesinde Growth Specialist pozisyonu. Profil anahtar kelimelerinizle eşleşti.,Growth,https://tr.linkedin.com/jobs/view/growth-specialist-at-fugo-games-4453862781,İncelenecek
8,2026-09-15 10:44:27,73,Growth & Marketing Manager,Deloitte,"Istanbul, Türkiye",LinkedIn (TR),Deloitte bünyesinde Growth & Marketing Manager pozisyonu. Profil anahtar kelimelerinizle eşleşti.,Growth,https://tr.linkedin.com/jobs/view/growth-marketing-manager-at-deloitte-4442808021,İncelenecek
9,2026-09-15 10:44:27,73,Growth&CRM Manager,Ticimax,"Ataşehir, Istanbul, Türkiye",LinkedIn (TR),Ticimax bünyesinde Growth&CRM Manager pozisyonu. Profil anahtar kelimelerinizle eşleşti.,Growth,https://tr.linkedin.com/jobs/view/growth-crm-manager-at-ticimax-4445319561,İncelenecek
10,2026-09-15 10:44:27,73,Growth Specialist,Domino's Turkey,"Sarıyer, Istanbul, Türkiye",LinkedIn (TR),Domino's Turkey bünyesinde Growth Specialist pozisyonu. Profil anahtar kelimelerinizle eşleşti.,Growth,https://tr.linkedin.com/jobs/view/growth-specialist-at-domino-s-turkey-4443241443,İncelenecek
11,2026-09-15 10:44:27,88,Growth Specialist,Grand Games,"Istanbul, Türkiye",LinkedIn (TR),"Grand Games bünyesindeki Growth Specialist pozisyonu, adayın P&G'deki büyüme stratejisi ve dijital pazarlama deneyimi ile Getirfinans'taki ürün/büyüme odaklı müşteri analitiği geçmişiyle oldukça iyi örtüşmektedir. Boğaziçi Endüstri Mühendisliği analitik altyapısı ve oyun/teknoloji sektörüne yatkın girişimci profili adayı bu giriş/orta seviye büyüme rolü için güçlü bir aday yapmaktadır.","Growth Marketing, Data Analysis, Digital Visibility & SEO, Customer Insights & VoC, Product Strategy, Mobile App Analytics",https://tr.linkedin.com/jobs/view/growth-specialist-at-grand-games-4435558505,İncelenecek
12,2026-09-15 10:44:27,83,Growth Specialist - Gaming,Arcustin Games,Greater Istanbul,LinkedIn (TR),"Arcustin Games bünyesindeki Growth Specialist - Gaming pozisyonu, adayın P&G'deki büyüme ve marka yönetimi ile Getirfinans'taki Growth ekipleriyle yürüttüğü veri odaklı çalışmalarla güçlü bir paralellik göstermektedir. Adayın analitik altyapısı ve çok yönlü staj deneyimi bu uzmanlık rolünün gerektirdiği büyüme reflekslerini karşılamaktadır.","Büyüme Stratejileri (Growth Strategy), Pazar ve Veri Analitiği, Kullanıcı Edinimi ve Deneyimi (User Acquisition/CX), SEO ve Dijital Görünürlük, Ürün ve Büyüme Odaklı Proje Yönetimi",https://tr.linkedin.com/jobs/view/growth-specialist-gaming-at-arcustin-games-4465815722,İncelenecek
13,2026-09-15 10:44:27,85,Growth Specialist,Paxie Games,"Istanbul, Türkiye",LinkedIn (TR),"Paxie Games'in Growth Specialist rolü, veri odaklı büyüme stratejileri ve kullanıcı etkileşimine odaklanan dinamik bir uzmanlık pozisyonudur. Adayın Boğaziçi Endüstri Mühendisliği altyapısı, P&G'deki büyüme stratejisi deneyimi ve Getirfinans'ta Growth ekipleriyle yürüttüğü çalışmalar bu pozisyon için oldukça güçlü bir uyum sergilemektedir.","Büyüme Stratejileri (Growth), Veri Analitiği ve Raporlama, Kullanıcı Deneyimi (CX), Dijital Pazarlama & SEO, Çapraz Fonksiyonel İş Birliği",https://tr.linkedin.com/jobs/view/growth-specialist-at-paxie-games-4433197640,İncelenecek
14,2026-09-15 10:44:27,73,Growth Specialist (New Grad),Agave Games,"Istanbul, Türkiye",LinkedIn (TR),Agave Games bünyesinde Growth Specialist (New Grad) pozisyonu. Profil anahtar kelimelerinizle eşleşti.,Growth,https://tr.linkedin.com/jobs/view/growth-specialist-new-grad-at-agave-games-4443291481,İncelenecek
15,2026-09-15 10:44:27,73,Performance Marketing Specialist,Papcorns,"Kadikoy, Istanbul, Türkiye",LinkedIn (TR),Papcorns bünyesinde Performance Marketing Specialist pozisyonu. Profil anahtar kelimelerinizle eşleşti.,Performance Marketing,https://tr.linkedin.com/jobs/view/performance-marketing-specialist-at-papcorns-4456929899,İncelenecek
16,2026-09-15 10:44:27,73,Performance Marketing Manager,Hesapkurdu,Greater Istanbul,LinkedIn (TR),Hesapkurdu bünyesinde Performance Marketing Manager pozisyonu. Profil anahtar kelimelerinizle eşleşti.,Performance Marketing,https://tr.linkedin.com/jobs/view/performance-marketing-manager-at-hesapkurdu-4465510216,İncelenecek
1,2026-09-15 18:37:08,73,Growth Manager,Rollic,"Istanbul, Türkiye",LinkedIn (TR),Rollic bünyesinde Growth Manager pozisyonu. Profil anahtar kelimelerinizle eşleşti.,Growth,https://tr.linkedin.com/jobs/view/growth-manager-at-rollic-4418746792,İncelenecek
2,2026-09-15 18:37:08,73,SaaS Growth Strategist (AI-Native),Vizio AI,Greater Istanbul,LinkedIn (TR),Vizio AI bünyesinde SaaS Growth Strategist (AI-Native) pozisyonu. Profil anahtar kelimelerinizle eşleşti.,Growth,https://tr.linkedin.com/jobs/view/saas-growth-strategist-ai-native-at-vizio-ai-4458852211,İncelenecek
3,2026-09-15 18:37:08,73,Junior Growth Hacker / Growth Hacker,Sigortam.net,"Istanbul, Türkiye",LinkedIn (TR),Sigortam.net bünyesinde Junior Growth Hacker / Growth Hacker pozisyonu. Profil anahtar kelimelerinizle eşleşti.,Growth,https://tr.linkedin.com/jobs/view/junior-growth-hacker-growth-hacker-at-sigortam-net-4457246277,İncelenecek
4,2026-09-15 18:37:09,73,Growth Manager (AI Health-Tech / Clinical Trials),Massive Bio,"Kadıköy, Istanbul, Türkiye",LinkedIn (TR),Massive Bio bünyesinde Growth Manager (AI Health-Tech / Clinical Trials) pozisyonu. Profil anahtar kelimelerinizle eşleşti.,Growth,https://tr.linkedin.com/jobs/view/growth-manager-ai-health-tech-clinical-trials-at-massive-bio-4451446342,İncelenecek
5,2026-09-15 18:37:09,30,Growth Marketing Manager (User Acquisition) - Mobile Subscription Products,AppNation,"Istanbul, Türkiye",LinkedIn (TR),"Pozisyon, mobil abonelik ürünlerinde bütçe ve kampanya yönetimini üstlenebilecek 'Manager' seviyesinde ve derinlemesine Kullanıcı Kazanımı (User Acquisition) tecrübesine sahip profesyonelleri hedeflemektedir. Adayın P&G ve Getirfinans stajlarında büyüme ve pazarlama teması bulunsa da doğrudan mobil UA bütçesi yönetme tecrübesinin olmaması ve henüz yeni mezun aşamasında bulunması sebebiyle rolün kıdemi adaya uygun değildir.","Growth Marketing, User Acquisition (UA), Performans Pazarlaması, Mobil Uygulama Büyümesi, Veri Analitiği",https://tr.linkedin.com/jobs/view/growth-marketing-manager-user-acquisition-mobile-subscription-products-at-appnation-4455701418,İncelenecek
6,2026-09-15 18:37:09,85,Growth Specialist / Dijital Pazarlama Uzmanı,Melontik,"Kadikoy, Istanbul, Türkiye",LinkedIn (TR),"İlan, adayın P&G'de edindiği e-ticaret büyüme ve SEO stratejileri deneyimi ile Getirfinans'ta Growth ekipleriyle yürüttüğü çalışmalarla yakından örtüşmektedir. Giriş/uzmanlık seviyesindeki bu Growth Specialist rolü, adayın veri odaklı analitik bakış açısı ve pazarlama geçmişi için oldukça uygundur.","Growth Marketing, Dijital Pazarlama, SEO Stratejileri, E-Ticaret Büyüme Planlaması, Müşteri İçgörüsü ve Veri Analitiği",https://tr.linkedin.com/jobs/view/growth-specialist-dijital-pazarlama-uzman%C4%B1-at-melontik-4460762612,İncelenecek
7,2026-09-15 18:37:09,73,Growth Specialist,Fugo Games,"Sarıyer, Istanbul, Türkiye",LinkedIn (TR),Fugo Games bünyesinde Growth Specialist pozisyonu. Profil anahtar kelimelerinizle eşleşti.,Growth,https://tr.linkedin.com/jobs/view/growth-specialist-at-fugo-games-4453862781,İncelenecek
8,2026-09-15 18:37:09,25,Growth & Marketing Manager,Deloitte,"Istanbul, Türkiye",LinkedIn (TR),"Deloitte bünyesindeki 'Growth & Marketing Manager' pozisyonu, kapsamlı yönetim ve liderlik tecrübesi gerektiren orta-üst düzey (Manager) bir roldür. Adayın P&G bünyesinde marka yönetimi ve büyüme odaklı staj tecrübeleri bulunsa da, yeni mezun seviyesinde olması sebebiyle bu yönetsel pozisyon için gereken kıdem ve tecrübe seviyesini karşılamamaktadır.","Growth Marketing, Brand Management, Digital Visibility & SEO, Customer Insights & Analytics, Strategic Planning",https://tr.linkedin.com/jobs/view/growth-marketing-manager-at-deloitte-4442808021,İncelenecek
9,2026-09-15 18:37:09,73,Growth&CRM Manager,Ticimax,"Ataşehir, Istanbul, Türkiye",LinkedIn (TR),Ticimax bünyesinde Growth&CRM Manager pozisyonu. Profil anahtar kelimelerinizle eşleşti.,Growth,https://tr.linkedin.com/jobs/view/growth-crm-manager-at-ticimax-4445319561,İncelenecek
10,2026-09-15 18:37:09,73,Growth Specialist,Domino's Turkey,"Sarıyer, Istanbul, Türkiye",LinkedIn (TR),Domino's Turkey bünyesinde Growth Specialist pozisyonu. Profil anahtar kelimelerinizle eşleşti.,Growth,https://tr.linkedin.com/jobs/view/growth-specialist-at-domino-s-turkey-4443241443,İncelenecek
11,2026-09-15 18:37:09,73,Growth Specialist,Grand Games,"Istanbul, Türkiye",LinkedIn (TR),Grand Games bünyesinde Growth Specialist pozisyonu. Profil anahtar kelimelerinizle eşleşti.,Growth,https://tr.linkedin.com/jobs/view/growth-specialist-at-grand-games-4435558505,İncelenecek
12,2026-09-15 18:37:09,73,Growth Specialist - Gaming,Arcustin Games,Greater Istanbul,LinkedIn (TR),Arcustin Games bünyesinde Growth Specialist - Gaming pozisyonu. Profil anahtar kelimelerinizle eşleşti.,Growth,https://tr.linkedin.com/jobs/view/growth-specialist-gaming-at-arcustin-games-4465815722,İncelenecek
13,2026-09-15 18:37:09,73,Growth Specialist,Paxie Games,"Istanbul, Türkiye",LinkedIn (TR),Paxie Games bünyesinde Growth Specialist pozisyonu. Profil anahtar kelimelerinizle eşleşti.,Growth,https://tr.linkedin.com/jobs/view/growth-specialist-at-paxie-games-4433197640,İncelenecek
14,2026-09-15 18:37:09,73,Growth Specialist (New Grad),Agave Games,"Istanbul, Türkiye",LinkedIn (TR),Agave Games bünyesinde Growth Specialist (New Grad) pozisyonu. Profil anahtar kelimelerinizle eşleşti.,Growth,https://tr.linkedin.com/jobs/view/growth-specialist-new-grad-at-agave-games-4465552386,İncelenecek
15,2026-09-15 18:37:09,73,Performance Marketing Specialist,Papcorns,"Kadikoy, Istanbul, Türkiye",LinkedIn (TR),Papcorns bünyesinde Performance Marketing Specialist pozisyonu. Profil anahtar kelimelerinizle eşleşti.,Performance Marketing,https://tr.linkedin.com/jobs/view/performance-marketing-specialist-at-papcorns-4456929899,İncelenecek
16,2026-09-15 18:37:09,73,Performance Marketing Manager,Hesapkurdu,Greater Istanbul,LinkedIn (TR),Hesapkurdu bünyesinde Performance Marketing Manager pozisyonu. Profil anahtar kelimelerinizle eşleşti.,Performance Marketing,https://tr.linkedin.com/jobs/view/performance-marketing-manager-at-hesapkurdu-4465510216,İncelenecek
17,2026-09-15 18:37:10,73,Growth Marketer,The Flex,Türkiye,LinkedIn (TR),The Flex bünyesinde Growth Marketer pozisyonu. Profil anahtar kelimelerinizle eşleşti.,Growth,https://tr.linkedin.com/jobs/view/growth-marketer-at-the-flex-4436780314,İncelenecek
18,2026-09-15 18:37:10,73,Dijital Kanallar - Growth & Analitik Uzmanı,Koçtaş,"Çekmeköy, Istanbul, Türkiye",LinkedIn (TR),Koçtaş bünyesinde Dijital Kanallar - Growth & Analitik Uzmanı pozisyonu. Profil anahtar kelimelerinizle eşleşti.,Growth,https://tr.linkedin.com/jobs/view/dijital-kanallar-growth-analitik-uzman%C4%B1-at-ko%C3%A7ta%C5%9F-4461167374,İncelenecek
19,2026-09-15 18:37:10,73,Product & Growth Analyst,Midas Games,"Istanbul, Istanbul, Türkiye",LinkedIn (TR),Midas Games bünyesinde Product & Growth Analyst pozisyonu. Profil anahtar kelimelerinizle eşleşti.,Growth,https://tr.linkedin.com/jobs/view/product-growth-analyst-at-midas-games-4462222173,İncelenecek
20,2026-09-15 18:37:10,73,Growth Product Manager,Assistant App,Greater Istanbul,LinkedIn (TR),Assistant App bünyesinde Growth Product Manager pozisyonu. Profil anahtar kelimelerinizle eşleşti.,Growth,https://tr.linkedin.com/jobs/view/growth-product-manager-at-assistant-app-4430236743,İncelenecek
21,2026-09-15 18:37:11,73,Growth Product Specialist,Wowoo,"Istanbul, Türkiye",LinkedIn (TR),Wowoo bünyesinde Growth Product Specialist pozisyonu. Profil anahtar kelimelerinizle eşleşti.,Growth,https://tr.linkedin.com/jobs/view/growth-product-specialist-at-wowoo-4464330419,İncelenecek
22,2026-09-15 18:37:11,73,Growth Product Manager,Infoset,"Istanbul, Türkiye",LinkedIn (TR),Infoset bünyesinde Growth Product Manager pozisyonu. Profil anahtar kelimelerinizle eşleşti.,Growth,https://tr.linkedin.com/jobs/view/growth-product-manager-at-infoset-4447139233,İncelenecek
1,2026-09-16 10:33:09,73,Growth Manager,Rollic,"Istanbul, Türkiye",LinkedIn (TR),Rollic bünyesinde Growth Manager pozisyonu. Profil anahtar kelimelerinizle eşleşti.,Growth,https://tr.linkedin.com/jobs/view/growth-manager-at-rollic-4418746792,İncelenecek
2,2026-09-16 10:33:09,73,SaaS Growth Strategist (AI-Native),Vizio AI,Greater Istanbul,LinkedIn (TR),Vizio AI bünyesinde SaaS Growth Strategist (AI-Native) pozisyonu. Profil anahtar kelimelerinizle eşleşti.,Growth,https://tr.linkedin.com/jobs/view/saas-growth-strategist-ai-native-at-vizio-ai-4458852211,İncelenecek
3,2026-09-16 10:33:09,73,Junior Growth Hacker / Growth Hacker,Sigortam.net,"Istanbul, Türkiye",LinkedIn (TR),Sigortam.net bünyesinde Junior Growth Hacker / Growth Hacker pozisyonu. Profil anahtar kelimelerinizle eşleşti.,Growth,https://tr.linkedin.com/jobs/view/junior-growth-hacker-growth-hacker-at-sigortam-net-4457246277,İncelenecek
4,2026-09-16 10:33:09,73,Growth Manager (AI Health-Tech / Clinical Trials),Massive Bio,"Kadıköy, Istanbul, Türkiye",LinkedIn (TR),Massive Bio bünyesinde Growth Manager (AI Health-Tech / Clinical Trials) pozisyonu. Profil anahtar kelimelerinizle eşleşti.,Growth,https://tr.linkedin.com/jobs/view/growth-manager-ai-health-tech-clinical-trials-at-massive-bio-4451446342,İncelenecek
5,2026-09-16 10:33:09,89,Growth Marketing Manager (User Acquisition) - Mobile Subscription Products,AppNation,"Istanbul, Türkiye",LinkedIn (TR),AppNation bünyesinde Growth Marketing Manager (User Acquisition) - Mobile Subscription Products pozisyonu. Profil anahtar kelimelerinizle eşleşti.,"Growth, User Acquisition, Acquisition",https://tr.linkedin.com/jobs/view/growth-marketing-manager-user-acquisition-mobile-subscription-products-at-appnation-4455701418,İncelenecek
6,2026-09-16 10:33:09,73,Growth Specialist / Dijital Pazarlama Uzmanı,Melontik,"Kadikoy, Istanbul, Türkiye",LinkedIn (TR),Melontik bünyesinde Growth Specialist / Dijital Pazarlama Uzmanı pozisyonu. Profil anahtar kelimelerinizle eşleşti.,Growth,https://tr.linkedin.com/jobs/view/growth-specialist-dijital-pazarlama-uzman%C4%B1-at-melontik-4460762612,İncelenecek
7,2026-09-16 10:33:09,88,Growth Specialist,Fugo Games,"Sarıyer, Istanbul, Türkiye",LinkedIn (TR),"Fugo Games bünyesindeki Growth Specialist pozisyonu, mobil oyun sektöründe kullanıcı kazanımı, performans pazarlaması ve büyüme stratejileri üzerine odaklanan bir roldür. Adayın P&G'deki büyüme ve marka yönetimi tecrübesi ile Getirfinans'ta büyüme ve ürün ekipleriyle yürüttüğü köprü görevi bu pozisyonla güçlü bir sinerji oluşturmaktadır. Ayrıca adayın Sarıyer lokasyonunda ikamet etmesi lojistik açıdan da mükemmel bir uyum sağlamaktadır.","Büyüme Stratejileri (Growth), Performans ve Veri Analitiği, Kullanıcı Deneyimi ve Müşteri İçgörüsü, E-ticaret ve Dijital Pazarlama, A/B Testi ve Dönüşüm Optimizasyonu",https://tr.linkedin.com/jobs/view/growth-specialist-at-fugo-games-4453862781,İncelenecek
8,2026-09-16 10:33:09,73,Growth & Marketing Manager,Deloitte,"Istanbul, Türkiye",LinkedIn (TR),Deloitte bünyesinde Growth & Marketing Manager pozisyonu. Profil anahtar kelimelerinizle eşleşti.,Growth,https://tr.linkedin.com/jobs/view/growth-marketing-manager-at-deloitte-4442808021,İncelenecek
9,2026-09-16 10:33:09,73,Growth&CRM Manager,Ticimax,"Ataşehir, Istanbul, Türkiye",LinkedIn (TR),Ticimax bünyesinde Growth&CRM Manager pozisyonu. Profil anahtar kelimelerinizle eşleşti.,Growth,https://tr.linkedin.com/jobs/view/growth-crm-manager-at-ticimax-4445319561,İncelenecek
10,2026-09-16 10:33:09,73,Growth Specialist,Domino's Turkey,"Sarıyer, Istanbul, Türkiye",LinkedIn (TR),Domino's Turkey bünyesinde Growth Specialist pozisyonu. Profil anahtar kelimelerinizle eşleşti.,Growth,https://tr.linkedin.com/jobs/view/growth-specialist-at-domino-s-turkey-4443241443,İncelenecek
11,2026-09-16 10:33:09,73,Growth Specialist,Grand Games,"Istanbul, Türkiye",LinkedIn (TR),Grand Games bünyesinde Growth Specialist pozisyonu. Profil anahtar kelimelerinizle eşleşti.,Growth,https://tr.linkedin.com/jobs/view/growth-specialist-at-grand-games-4435558505,İncelenecek
12,2026-09-16 10:33:09,73,Growth Specialist - Gaming,Arcustin Games,Greater Istanbul,LinkedIn (TR),Arcustin Games bünyesinde Growth Specialist - Gaming pozisyonu. Profil anahtar kelimelerinizle eşleşti.,Growth,https://tr.linkedin.com/jobs/view/growth-specialist-gaming-at-arcustin-games-4465815722,İncelenecek
13,2026-09-16 10:33:09,73,Growth Specialist,Paxie Games,"Istanbul, Türkiye",LinkedIn (TR),Paxie Games bünyesinde Growth Specialist pozisyonu. Profil anahtar kelimelerinizle eşleşti.,Growth,https://tr.linkedin.com/jobs/view/growth-specialist-at-paxie-games-4433197640,İncelenecek
14,2026-09-16 10:33:09,73,Growth Specialist (New Grad),Agave Games,"Istanbul, Türkiye",LinkedIn (TR),Agave Games bünyesinde Growth Specialist (New Grad) pozisyonu. Profil anahtar kelimelerinizle eşleşti.,Growth,https://tr.linkedin.com/jobs/view/growth-specialist-new-grad-at-agave-games-4465552386,İncelenecek
15,2026-09-16 10:33:09,73,Performance Marketing Specialist,Papcorns,"Kadikoy, Istanbul, Türkiye",LinkedIn (TR),Papcorns bünyesinde Performance Marketing Specialist pozisyonu. Profil anahtar kelimelerinizle eşleşti.,Performance Marketing,https://tr.linkedin.com/jobs/view/performance-marketing-specialist-at-papcorns-4456929899,İncelenecek
16,2026-09-16 10:33:09,73,Performance Marketing Manager,Hesapkurdu,Greater Istanbul,LinkedIn (TR),Hesapkurdu bünyesinde Performance Marketing Manager pozisyonu. Profil anahtar kelimelerinizle eşleşti.,Performance Marketing,https://tr.linkedin.com/jobs/view/performance-marketing-manager-at-hesapkurdu-4465510216,İncelenecek
17,2026-09-16 10:33:09,73,Growth Marketer,The Flex,Türkiye,LinkedIn (TR),The Flex bünyesinde Growth Marketer pozisyonu. Profil anahtar kelimelerinizle eşleşti.,Growth,https://tr.linkedin.com/jobs/view/growth-marketer-at-the-flex-4436780314,İncelenecek
18,2026-09-16 10:33:09,73,Dijital Kanallar - Growth & Analitik Uzmanı,Koçtaş,"Çekmeköy, Istanbul, Türkiye",LinkedIn (TR),Koçtaş bünyesinde Dijital Kanallar - Growth & Analitik Uzmanı pozisyonu. Profil anahtar kelimelerinizle eşleşti.,Growth,https://tr.linkedin.com/jobs/view/dijital-kanallar-growth-analitik-uzman%C4%B1-at-ko%C3%A7ta%C5%9F-4461167374,İncelenecek
19,2026-09-16 10:33:09,73,Product & Growth Analyst,Midas Games,"Istanbul, Istanbul, Türkiye",LinkedIn (TR),Midas Games bünyesinde Product & Growth Analyst pozisyonu. Profil anahtar kelimelerinizle eşleşti.,Growth,https://tr.linkedin.com/jobs/view/product-growth-analyst-at-midas-games-4462222173,İncelenecek
20,2026-09-16 10:33:09,73,Growth Product Manager,Assistant App,Greater Istanbul,LinkedIn (TR),Assistant App bünyesinde Growth Product Manager pozisyonu. Profil anahtar kelimelerinizle eşleşti.,Growth,https://tr.linkedin.com/jobs/view/growth-product-manager-at-assistant-app-4430236743,İncelenecek
21,2026-09-16 10:33:09,73,Growth Product Specialist,Wowoo,"Istanbul, Türkiye",LinkedIn (TR),Wowoo bünyesinde Growth Product Specialist pozisyonu. Profil anahtar kelimelerinizle eşleşti.,Growth,https://tr.linkedin.com/jobs/view/growth-product-specialist-at-wowoo-4464330419,İncelenecek
22,2026-09-16 10:33:09,73,Growth Product Manager,Infoset,"Istanbul, Türkiye",LinkedIn (TR),Infoset bünyesinde Growth Product Manager pozisyonu. Profil anahtar kelimelerinizle eşleşti.,Growth,https://tr.linkedin.com/jobs/view/growth-product-manager-at-infoset-4447139233,İncelenecek
23,2026-09-16 10:33:09,73,Commercial Growth Manager,n11,"Sarıyer, Istanbul, Türkiye",LinkedIn (TR),n11 bünyesinde Commercial Growth Manager pozisyonu. Profil anahtar kelimelerinizle eşleşti.,Growth,https://tr.linkedin.com/jobs/view/commercial-growth-manager-at-n11-4455849632,İncelenecek
1,2026-09-16 18:34:46,73,Growth Marketing Specialist,Gamegos,"Istanbul, Türkiye",LinkedIn (TR),Gamegos bünyesinde Growth Marketing Specialist pozisyonu. Profil anahtar kelimelerinizle eşleşti.,Growth,https://tr.linkedin.com/jobs/view/growth-marketing-specialist-at-gamegos-4466205359,İncelenecek
2,2026-09-16 18:34:46,73,Growth Manager,Rollic,"Istanbul, Türkiye",LinkedIn (TR),Rollic bünyesinde Growth Manager pozisyonu. Profil anahtar kelimelerinizle eşleşti.,Growth,https://tr.linkedin.com/jobs/view/growth-manager-at-rollic-4418746792,İncelenecek
3,2026-09-16 18:34:46,73,SaaS Growth Strategist (AI-Native),Vizio AI,Greater Istanbul,LinkedIn (TR),Vizio AI bünyesinde SaaS Growth Strategist (AI-Native) pozisyonu. Profil anahtar kelimelerinizle eşleşti.,Growth,https://tr.linkedin.com/jobs/view/saas-growth-strategist-ai-native-at-vizio-ai-4458852211,İncelenecek
4,2026-09-16 18:34:46,73,Junior Growth Hacker / Growth Hacker,Sigortam.net,"Istanbul, Türkiye",LinkedIn (TR),Sigortam.net bünyesinde Junior Growth Hacker / Growth Hacker pozisyonu. Profil anahtar kelimelerinizle eşleşti.,Growth,https://tr.linkedin.com/jobs/view/junior-growth-hacker-growth-hacker-at-sigortam-net-4457246277,İncelenecek
5,2026-09-16 18:34:46,73,Growth Manager (AI Health-Tech / Clinical Trials),Massive Bio,"Kadıköy, Istanbul, Türkiye",LinkedIn (TR),Massive Bio bünyesinde Growth Manager (AI Health-Tech / Clinical Trials) pozisyonu. Profil anahtar kelimelerinizle eşleşti.,Growth,https://tr.linkedin.com/jobs/view/growth-manager-ai-health-tech-clinical-trials-at-massive-bio-4451446342,İncelenecek
6,2026-09-16 18:34:46,89,Growth Marketing Manager (User Acquisition) - Mobile Subscription Products,AppNation,"Istanbul, Türkiye",LinkedIn (TR),AppNation bünyesinde Growth Marketing Manager (User Acquisition) - Mobile Subscription Products pozisyonu. Profil anahtar kelimelerinizle eşleşti.,"Growth, User Acquisition, Acquisition",https://tr.linkedin.com/jobs/view/growth-marketing-manager-user-acquisition-mobile-subscription-products-at-appnation-4455701418,İncelenecek
7,2026-09-16 18:34:46,73,Growth Specialist / Dijital Pazarlama Uzmanı,Melontik,"Kadikoy, Istanbul, Türkiye",LinkedIn (TR),Melontik bünyesinde Growth Specialist / Dijital Pazarlama Uzmanı pozisyonu. Profil anahtar kelimelerinizle eşleşti.,Growth,https://tr.linkedin.com/jobs/view/growth-specialist-dijital-pazarlama-uzman%C4%B1-at-melontik-4460762612,İncelenecek
8,2026-09-16 18:34:46,73,Growth Specialist,Fugo Games,"Sarıyer, Istanbul, Türkiye",LinkedIn (TR),Fugo Games bünyesinde Growth Specialist pozisyonu. Profil anahtar kelimelerinizle eşleşti.,Growth,https://tr.linkedin.com/jobs/view/growth-specialist-at-fugo-games-4453862781,İncelenecek
9,2026-09-16 18:34:46,73,Growth & Marketing Manager,Deloitte,"Istanbul, Türkiye",LinkedIn (TR),Deloitte bünyesinde Growth & Marketing Manager pozisyonu. Profil anahtar kelimelerinizle eşleşti.,Growth,https://tr.linkedin.com/jobs/view/growth-marketing-manager-at-deloitte-4442808021,İncelenecek
10,2026-09-16 18:34:46,73,Growth&CRM Manager,Ticimax,"Ataşehir, Istanbul, Türkiye",LinkedIn (TR),Ticimax bünyesinde Growth&CRM Manager pozisyonu. Profil anahtar kelimelerinizle eşleşti.,Growth,https://tr.linkedin.com/jobs/view/growth-crm-manager-at-ticimax-4445319561,İncelenecek
11,2026-09-16 18:34:46,73,Growth Specialist,Domino's Turkey,"Sarıyer, Istanbul, Türkiye",LinkedIn (TR),Domino's Turkey bünyesinde Growth Specialist pozisyonu. Profil anahtar kelimelerinizle eşleşti.,Growth,https://tr.linkedin.com/jobs/view/growth-specialist-at-domino-s-turkey-4443241443,İncelenecek
12,2026-09-16 18:34:46,73,Growth Specialist,Grand Games,"Istanbul, Türkiye",LinkedIn (TR),Grand Games bünyesinde Growth Specialist pozisyonu. Profil anahtar kelimelerinizle eşleşti.,Growth,https://tr.linkedin.com/jobs/view/growth-specialist-at-grand-games-4435558505,İncelenecek
13,2026-09-16 18:34:46,73,Growth Specialist - Gaming,Arcustin Games,Greater Istanbul,LinkedIn (TR),Arcustin Games bünyesinde Growth Specialist - Gaming pozisyonu. Profil anahtar kelimelerinizle eşleşti.,Growth,https://tr.linkedin.com/jobs/view/growth-specialist-gaming-at-arcustin-games-4465815722,İncelenecek
14,2026-09-16 18:34:46,73,Growth Specialist,Paxie Games,"Istanbul, Türkiye",LinkedIn (TR),Paxie Games bünyesinde Growth Specialist pozisyonu. Profil anahtar kelimelerinizle eşleşti.,Growth,https://tr.linkedin.com/jobs/view/growth-specialist-at-paxie-games-4433197640,İncelenecek
15,2026-09-16 18:34:46,73,Growth Specialist (New Grad),Agave Games,"Istanbul, Türkiye",LinkedIn (TR),Agave Games bünyesinde Growth Specialist (New Grad) pozisyonu. Profil anahtar kelimelerinizle eşleşti.,Growth,https://tr.linkedin.com/jobs/view/growth-specialist-new-grad-at-agave-games-4465552386,İncelenecek
16,2026-09-16 18:34:46,73,Performance Marketing Specialist,Papcorns,"Kadikoy, Istanbul, Türkiye",LinkedIn (TR),Papcorns bünyesinde Performance Marketing Specialist pozisyonu. Profil anahtar kelimelerinizle eşleşti.,Performance Marketing,https://tr.linkedin.com/jobs/view/performance-marketing-specialist-at-papcorns-4456929899,İncelenecek
17,2026-09-16 18:34:46,73,Performance Marketing Manager,Hesapkurdu,Greater Istanbul,LinkedIn (TR),Hesapkurdu bünyesinde Performance Marketing Manager pozisyonu. Profil anahtar kelimelerinizle eşleşti.,Performance Marketing,https://tr.linkedin.com/jobs/view/performance-marketing-manager-at-hesapkurdu-4465510216,İncelenecek
1,2026-09-17 10:43:02,73,Growth Manager,TikTak,"Kagithane, Istanbul, Türkiye",LinkedIn (TR),TikTak bünyesinde Growth Manager pozisyonu. Profil anahtar kelimelerinizle eşleşti.,Growth,https://tr.linkedin.com/jobs/view/growth-manager-at-tiktak-4467188138,İncelenecek
2,2026-09-17 10:43:03,73,Growth Marketing Specialist,Gamegos,"Istanbul, Türkiye",LinkedIn (TR),Gamegos bünyesinde Growth Marketing Specialist pozisyonu. Profil anahtar kelimelerinizle eşleşti.,Growth,https://tr.linkedin.com/jobs/view/growth-marketing-specialist-at-gamegos-4466205359,İncelenecek
3,2026-09-17 10:43:03,73,Growth Manager,Rollic,"Istanbul, Türkiye",LinkedIn (TR),Rollic bünyesinde Growth Manager pozisyonu. Profil anahtar kelimelerinizle eşleşti.,Growth,https://tr.linkedin.com/jobs/view/growth-manager-at-rollic-4418746792,İncelenecek
4,2026-09-17 10:43:03,73,SaaS Growth Strategist (AI-Native),Vizio AI,Greater Istanbul,LinkedIn (TR),Vizio AI bünyesinde SaaS Growth Strategist (AI-Native) pozisyonu. Profil anahtar kelimelerinizle eşleşti.,Growth,https://tr.linkedin.com/jobs/view/saas-growth-strategist-ai-native-at-vizio-ai-4458852211,İncelenecek
5,2026-09-17 10:43:03,73,Junior Growth Hacker / Growth Hacker,Sigortam.net,"Istanbul, Türkiye",LinkedIn (TR),Sigortam.net bünyesinde Junior Growth Hacker / Growth Hacker pozisyonu. Profil anahtar kelimelerinizle eşleşti.,Growth,https://tr.linkedin.com/jobs/view/junior-growth-hacker-growth-hacker-at-sigortam-net-4457246277,İncelenecek
6,2026-09-17 10:43:03,73,Growth Manager (AI Health-Tech / Clinical Trials),Massive Bio,"Kadıköy, Istanbul, Türkiye",LinkedIn (TR),Massive Bio bünyesinde Growth Manager (AI Health-Tech / Clinical Trials) pozisyonu. Profil anahtar kelimelerinizle eşleşti.,Growth,https://tr.linkedin.com/jobs/view/growth-manager-ai-health-tech-clinical-trials-at-massive-bio-4451446342,İncelenecek
7,2026-09-17 10:43:03,73,Growth Specialist / Dijital Pazarlama Uzmanı,Melontik,"Kadikoy, Istanbul, Türkiye",LinkedIn (TR),Melontik bünyesinde Growth Specialist / Dijital Pazarlama Uzmanı pozisyonu. Profil anahtar kelimelerinizle eşleşti.,Growth,https://tr.linkedin.com/jobs/view/growth-specialist-dijital-pazarlama-uzman%C4%B1-at-melontik-4460762612,İncelenecek
8,2026-09-17 10:43:03,73,Growth Specialist,Fugo Games,"Sarıyer, Istanbul, Türkiye",LinkedIn (TR),Fugo Games bünyesinde Growth Specialist pozisyonu. Profil anahtar kelimelerinizle eşleşti.,Growth,https://tr.linkedin.com/jobs/view/growth-specialist-at-fugo-games-4453862781,İncelenecek
9,2026-09-17 10:43:03,73,Growth & Marketing Manager,Deloitte,"Istanbul, Türkiye",LinkedIn (TR),Deloitte bünyesinde Growth & Marketing Manager pozisyonu. Profil anahtar kelimelerinizle eşleşti.,Growth,https://tr.linkedin.com/jobs/view/growth-marketing-manager-at-deloitte-4442808021,İncelenecek
10,2026-09-17 10:43:03,73,Growth&CRM Manager,Ticimax,"Ataşehir, Istanbul, Türkiye",LinkedIn (TR),Ticimax bünyesinde Growth&CRM Manager pozisyonu. Profil anahtar kelimelerinizle eşleşti.,Growth,https://tr.linkedin.com/jobs/view/growth-crm-manager-at-ticimax-4445319561,İncelenecek
11,2026-09-17 10:43:03,73,Growth Specialist,Domino's Turkey,"Sarıyer, Istanbul, Türkiye",LinkedIn (TR),Domino's Turkey bünyesinde Growth Specialist pozisyonu. Profil anahtar kelimelerinizle eşleşti.,Growth,https://tr.linkedin.com/jobs/view/growth-specialist-at-domino-s-turkey-4443241443,İncelenecek
12,2026-09-17 10:43:03,73,Growth Specialist,Grand Games,"Istanbul, Türkiye",LinkedIn (TR),Grand Games bünyesinde Growth Specialist pozisyonu. Profil anahtar kelimelerinizle eşleşti.,Growth,https://tr.linkedin.com/jobs/view/growth-specialist-at-grand-games-4435558505,İncelenecek
13,2026-09-17 10:43:03,73,Growth & Digital Marketing Specialist,Cerebrovita,"Sariyer, Istanbul, Türkiye",LinkedIn (TR),Cerebrovita bünyesinde Growth & Digital Marketing Specialist pozisyonu. Profil anahtar kelimelerinizle eşleşti.,Growth,https://tr.linkedin.com/jobs/view/growth-digital-marketing-specialist-at-cerebrovita-4468381897,İncelenecek
14,2026-09-17 10:43:03,73,Growth Specialist - Gaming,Arcustin Games,Greater Istanbul,LinkedIn (TR),Arcustin Games bünyesinde Growth Specialist - Gaming pozisyonu. Profil anahtar kelimelerinizle eşleşti.,Growth,https://tr.linkedin.com/jobs/view/growth-specialist-gaming-at-arcustin-games-4465815722,İncelenecek
15,2026-09-17 10:43:03,73,Growth Specialist,Paxie Games,"Istanbul, Türkiye",LinkedIn (TR),Paxie Games bünyesinde Growth Specialist pozisyonu. Profil anahtar kelimelerinizle eşleşti.,Growth,https://tr.linkedin.com/jobs/view/growth-specialist-at-paxie-games-4433197640,İncelenecek
16,2026-09-17 10:43:03,73,Performance Marketing Specialist,Papcorns,"Kadikoy, Istanbul, Türkiye",LinkedIn (TR),Papcorns bünyesinde Performance Marketing Specialist pozisyonu. Profil anahtar kelimelerinizle eşleşti.,Performance Marketing,https://tr.linkedin.com/jobs/view/performance-marketing-specialist-at-papcorns-4456929899,İncelenecek
17,2026-09-17 10:43:03,73,Growth Marketer,The Flex,Türkiye,LinkedIn (TR),The Flex bünyesinde Growth Marketer pozisyonu. Profil anahtar kelimelerinizle eşleşti.,Growth,https://tr.linkedin.com/jobs/view/growth-marketer-at-the-flex-4436780314,İncelenecek
18,2026-09-17 10:43:03,73,Dijital Kanallar - Growth & Analitik Uzmanı,Koçtaş,"Çekmeköy, Istanbul, Türkiye",LinkedIn (TR),Koçtaş bünyesinde Dijital Kanallar - Growth & Analitik Uzmanı pozisyonu. Profil anahtar kelimelerinizle eşleşti.,Growth,https://tr.linkedin.com/jobs/view/dijital-kanallar-growth-analitik-uzman%C4%B1-at-ko%C3%A7ta%C5%9F-4461167374,İncelenecek
19,2026-09-17 10:43:03,73,Product & Growth Analyst,Midas Games,"Istanbul, Istanbul, Türkiye",LinkedIn (TR),Midas Games bünyesinde Product & Growth Analyst pozisyonu. Profil anahtar kelimelerinizle eşleşti.,Growth,https://tr.linkedin.com/jobs/view/product-growth-analyst-at-midas-games-4462222173,İncelenecek
20,2026-09-17 10:43:03,73,Growth Product Manager,Assistant App,Greater Istanbul,LinkedIn (TR),Assistant App bünyesinde Growth Product Manager pozisyonu. Profil anahtar kelimelerinizle eşleşti.,Growth,https://tr.linkedin.com/jobs/view/growth-product-manager-at-assistant-app-4430236743,İncelenecek
21,2026-09-17 10:43:03,73,Growth Product Specialist,Wowoo,"Istanbul, Türkiye",LinkedIn (TR),Wowoo bünyesinde Growth Product Specialist pozisyonu. Profil anahtar kelimelerinizle eşleşti.,Growth,https://tr.linkedin.com/jobs/view/growth-product-specialist-at-wowoo-4464330419,İncelenecek
22,2026-09-17 10:43:03,73,Growth Product Manager,Infoset,"Istanbul, Türkiye",LinkedIn (TR),Infoset bünyesinde Growth Product Manager pozisyonu. Profil anahtar kelimelerinizle eşleşti.,Growth,https://tr.linkedin.com/jobs/view/growth-product-manager-at-infoset-4447139233,İncelenecek
1,2026-09-17 18:42:38,73,Growth Manager,TikTak,"Kagithane, Istanbul, Türkiye",LinkedIn (TR),TikTak bünyesinde Growth Manager pozisyonu. Profil anahtar kelimelerinizle eşleşti.,Growth,https://tr.linkedin.com/jobs/view/growth-manager-at-tiktak-4467188138,İncelenecek
2,2026-09-17 18:42:38,73,Growth Marketing Specialist,Gamegos,"Istanbul, Türkiye",LinkedIn (TR),Gamegos bünyesinde Growth Marketing Specialist pozisyonu. Profil anahtar kelimelerinizle eşleşti.,Growth,https://tr.linkedin.com/jobs/view/growth-marketing-specialist-at-gamegos-4466205359,İncelenecek
3,2026-09-17 18:42:38,73,Growth Manager,Rollic,"Istanbul, Türkiye",LinkedIn (TR),Rollic bünyesinde Growth Manager pozisyonu. Profil anahtar kelimelerinizle eşleşti.,Growth,https://tr.linkedin.com/jobs/view/growth-manager-at-rollic-4418746792,İncelenecek
4,2026-09-17 18:42:38,73,SaaS Growth Strategist (AI-Native),Vizio AI,Greater Istanbul,LinkedIn (TR),Vizio AI bünyesinde SaaS Growth Strategist (AI-Native) pozisyonu. Profil anahtar kelimelerinizle eşleşti.,Growth,https://tr.linkedin.com/jobs/view/saas-growth-strategist-ai-native-at-vizio-ai-4458852211,İncelenecek
5,2026-09-17 18:42:38,73,Junior Growth Hacker / Growth Hacker,Sigortam.net,"Istanbul, Türkiye",LinkedIn (TR),Sigortam.net bünyesinde Junior Growth Hacker / Growth Hacker pozisyonu. Profil anahtar kelimelerinizle eşleşti.,Growth,https://tr.linkedin.com/jobs/view/junior-growth-hacker-growth-hacker-at-sigortam-net-4457246277,İncelenecek
6,2026-09-17 18:42:38,73,Growth Manager (AI Health-Tech / Clinical Trials),Massive Bio,"Kadıköy, Istanbul, Türkiye",LinkedIn (TR),Massive Bio bünyesinde Growth Manager (AI Health-Tech / Clinical Trials) pozisyonu. Profil anahtar kelimelerinizle eşleşti.,Growth,https://tr.linkedin.com/jobs/view/growth-manager-ai-health-tech-clinical-trials-at-massive-bio-4451446342,İncelenecek
7,2026-09-17 18:42:38,87,Growth Specialist / Dijital Pazarlama Uzmanı,Melontik,"Kadikoy, Istanbul, Türkiye",LinkedIn (TR),"İlan, büyüme ve dijital pazarlama alanında uzman arayan bir pozisyon olup, adayın P&G'deki marka yönetimi ve SEO odaklı dijital görünürlük tecrübesi ile Getirfinans'taki Growth ekipleriyle çalışma deneyimiyle oldukça örtüşmektedir. Adayın Boğaziçi Endüstri Mühendisliği analitik altyapısı ve çok yönlü staj geçmişi, bu Growth Specialist rolü için son derece uygundur.","Büyüme Stratejileri (Growth), Dijital Pazarlama & SEO, Veri ve Müşteri Analitiği, E-Ticaret ve Kanal Yönetimi, Çapraz Fonksiyonel İletişim",https://tr.linkedin.com/jobs/view/growth-specialist-dijital-pazarlama-uzman%C4%B1-at-melontik-4460762612,İncelenecek
8,2026-09-17 18:42:38,88,Growth Specialist,Fugo Games,"Sarıyer, Istanbul, Türkiye",LinkedIn (TR),"Fugo Games'in Sarıyer lokasyonundaki Growth Specialist pozisyonu, adayın P&G ve Getirfinans'taki büyüme stratejileri, veri analitiği ve dijital pazarlama deneyimleriyle son derece uyumludur. Sarıyer'de ikamet eden ve Boğaziçi Endüstri Mühendisliği altyapısına sahip aday için bu rol, mobil oyun sektöründe analitik odaklı kariyer gelişimi açısından harika bir fırsattır.","Growth & User Acquisition, Data Analysis & Reporting, Digital Marketing & SEO, Cross-Functional Collaboration, A/B Testing & Customer Insights",https://tr.linkedin.com/jobs/view/growth-specialist-at-fugo-games-4453862781,İncelenecek
9,2026-09-17 18:42:38,73,Growth & Marketing Manager,Deloitte,"Istanbul, Türkiye",LinkedIn (TR),Deloitte bünyesinde Growth & Marketing Manager pozisyonu. Profil anahtar kelimelerinizle eşleşti.,Growth,https://tr.linkedin.com/jobs/view/growth-marketing-manager-at-deloitte-4442808021,İncelenecek
10,2026-09-17 18:42:38,73,Growth&CRM Manager,Ticimax,"Ataşehir, Istanbul, Türkiye",LinkedIn (TR),Ticimax bünyesinde Growth&CRM Manager pozisyonu. Profil anahtar kelimelerinizle eşleşti.,Growth,https://tr.linkedin.com/jobs/view/growth-crm-manager-at-ticimax-4445319561,İncelenecek
11,2026-09-17 18:42:38,73,Growth Specialist,Domino's Turkey,"Sarıyer, Istanbul, Türkiye",LinkedIn (TR),Domino's Turkey bünyesinde Growth Specialist pozisyonu. Profil anahtar kelimelerinizle eşleşti.,Growth,https://tr.linkedin.com/jobs/view/growth-specialist-at-domino-s-turkey-4443241443,İncelenecek
12,2026-09-17 18:42:38,73,Growth & Digital Marketing Specialist,Cerebrovita,"Sariyer, Istanbul, Türkiye",LinkedIn (TR),Cerebrovita bünyesinde Growth & Digital Marketing Specialist pozisyonu. Profil anahtar kelimelerinizle eşleşti.,Growth,https://tr.linkedin.com/jobs/view/growth-digital-marketing-specialist-at-cerebrovita-4468381897,İncelenecek
13,2026-09-17 18:42:38,73,Growth Specialist - Gaming,Arcustin Games,Greater Istanbul,LinkedIn (TR),Arcustin Games bünyesinde Growth Specialist - Gaming pozisyonu. Profil anahtar kelimelerinizle eşleşti.,Growth,https://tr.linkedin.com/jobs/view/growth-specialist-gaming-at-arcustin-games-4465815722,İncelenecek
14,2026-09-17 18:42:38,73,Growth Specialist,Paxie Games,"Istanbul, Türkiye",LinkedIn (TR),Paxie Games bünyesinde Growth Specialist pozisyonu. Profil anahtar kelimelerinizle eşleşti.,Growth,https://tr.linkedin.com/jobs/view/growth-specialist-at-paxie-games-4433197640,İncelenecek
15,2026-09-17 18:42:38,73,Growth Specialist (New Grad),Agave Games,"Istanbul, Türkiye",LinkedIn (TR),Agave Games bünyesinde Growth Specialist (New Grad) pozisyonu. Profil anahtar kelimelerinizle eşleşti.,Growth,https://tr.linkedin.com/jobs/view/growth-specialist-new-grad-at-agave-games-4465552386,İncelenecek
16,2026-09-17 18:42:38,73,Performance Marketing Specialist,Papcorns,"Kadikoy, Istanbul, Türkiye",LinkedIn (TR),Papcorns bünyesinde Performance Marketing Specialist pozisyonu. Profil anahtar kelimelerinizle eşleşti.,Performance Marketing,https://tr.linkedin.com/jobs/view/performance-marketing-specialist-at-papcorns-4456929899,İncelenecek
17,2026-09-17 18:42:38,73,Growth Manager,Grand Games,"Istanbul, Türkiye",LinkedIn (TR),Grand Games bünyesinde Growth Manager pozisyonu. Profil anahtar kelimelerinizle eşleşti.,Growth,https://tr.linkedin.com/jobs/view/growth-manager-at-grand-games-4468655780,İncelenecek
18,2026-09-17 18:42:38,73,Growth Marketer,The Flex,Türkiye,LinkedIn (TR),The Flex bünyesinde Growth Marketer pozisyonu. Profil anahtar kelimelerinizle eşleşti.,Growth,https://tr.linkedin.com/jobs/view/growth-marketer-at-the-flex-4436780314,İncelenecek
19,2026-09-17 18:42:38,73,Dijital Kanallar - Growth & Analitik Uzmanı,Koçtaş,"Çekmeköy, Istanbul, Türkiye",LinkedIn (TR),Koçtaş bünyesinde Dijital Kanallar - Growth & Analitik Uzmanı pozisyonu. Profil anahtar kelimelerinizle eşleşti.,Growth,https://tr.linkedin.com/jobs/view/dijital-kanallar-growth-analitik-uzman%C4%B1-at-ko%C3%A7ta%C5%9F-4461167374,İncelenecek
20,2026-09-17 18:42:38,73,Product & Growth Analyst,Midas Games,"Istanbul, Istanbul, Türkiye",LinkedIn (TR),Midas Games bünyesinde Product & Growth Analyst pozisyonu. Profil anahtar kelimelerinizle eşleşti.,Growth,https://tr.linkedin.com/jobs/view/product-growth-analyst-at-midas-games-4462222173,İncelenecek
21,2026-09-17 18:42:38,73,Growth Product Manager,Assistant App,Greater Istanbul,LinkedIn (TR),Assistant App bünyesinde Growth Product Manager pozisyonu. Profil anahtar kelimelerinizle eşleşti.,Growth,https://tr.linkedin.com/jobs/view/growth-product-manager-at-assistant-app-4430236743,İncelenecek
22,2026-09-17 18:42:38,73,Growth Product Specialist,Wowoo,"Istanbul, Türkiye",LinkedIn (TR),Wowoo bünyesinde Growth Product Specialist pozisyonu. Profil anahtar kelimelerinizle eşleşti.,Growth,https://tr.linkedin.com/jobs/view/growth-product-specialist-at-wowoo-4464330419,İncelenecek
23,2026-09-17 18:42:38,73,Growth Product Manager,Infoset,"Istanbul, Türkiye",LinkedIn (TR),Infoset bünyesinde Growth Product Manager pozisyonu. Profil anahtar kelimelerinizle eşleşti.,Growth,https://tr.linkedin.com/jobs/view/growth-product-manager-at-infoset-4447139233,İncelenecek
1,2026-09-18 10:18:15,73,Growth Manager,TikTak,"Kagithane, Istanbul, Türkiye",LinkedIn (TR),TikTak bünyesinde Growth Manager pozisyonu. Profil anahtar kelimelerinizle eşleşti.,Growth,https://tr.linkedin.com/jobs/view/growth-manager-at-tiktak-4467188138,İncelenecek
2,2026-09-18 10:18:15,73,Growth Marketing Specialist,Gamegos,"Istanbul, Türkiye",LinkedIn (TR),Gamegos bünyesinde Growth Marketing Specialist pozisyonu. Profil anahtar kelimelerinizle eşleşti.,Growth,https://tr.linkedin.com/jobs/view/growth-marketing-specialist-at-gamegos-4466205359,İncelenecek
3,2026-09-18 10:18:15,73,Growth Manager,Rollic,"Istanbul, Türkiye",LinkedIn (TR),Rollic bünyesinde Growth Manager pozisyonu. Profil anahtar kelimelerinizle eşleşti.,Growth,https://tr.linkedin.com/jobs/view/growth-manager-at-rollic-4418746792,İncelenecek
4,2026-09-18 10:18:15,73,SaaS Growth Strategist (AI-Native),Vizio AI,Greater Istanbul,LinkedIn (TR),Vizio AI bünyesinde SaaS Growth Strategist (AI-Native) pozisyonu. Profil anahtar kelimelerinizle eşleşti.,Growth,https://tr.linkedin.com/jobs/view/saas-growth-strategist-ai-native-at-vizio-ai-4458852211,İncelenecek
5,2026-09-18 10:18:15,73,Junior Growth Hacker / Growth Hacker,Sigortam.net,"Istanbul, Türkiye",LinkedIn (TR),Sigortam.net bünyesinde Junior Growth Hacker / Growth Hacker pozisyonu. Profil anahtar kelimelerinizle eşleşti.,Growth,https://tr.linkedin.com/jobs/view/junior-growth-hacker-growth-hacker-at-sigortam-net-4457246277,İncelenecek
6,2026-09-18 10:18:15,73,Growth Manager (AI Health-Tech / Clinical Trials),Massive Bio,"Kadıköy, Istanbul, Türkiye",LinkedIn (TR),Massive Bio bünyesinde Growth Manager (AI Health-Tech / Clinical Trials) pozisyonu. Profil anahtar kelimelerinizle eşleşti.,Growth,https://tr.linkedin.com/jobs/view/growth-manager-ai-health-tech-clinical-trials-at-massive-bio-4451446342,İncelenecek
7,2026-09-18 10:18:15,73,Growth Specialist / Dijital Pazarlama Uzmanı,Melontik,"Kadikoy, Istanbul, Türkiye",LinkedIn (TR),Melontik bünyesinde Growth Specialist / Dijital Pazarlama Uzmanı pozisyonu. Profil anahtar kelimelerinizle eşleşti.,Growth,https://tr.linkedin.com/jobs/view/growth-specialist-dijital-pazarlama-uzman%C4%B1-at-melontik-4460762612,İncelenecek
8,2026-09-18 10:18:15,73,Growth Specialist,Fugo Games,"Sarıyer, Istanbul, Türkiye",LinkedIn (TR),Fugo Games bünyesinde Growth Specialist pozisyonu. Profil anahtar kelimelerinizle eşleşti.,Growth,https://tr.linkedin.com/jobs/view/growth-specialist-at-fugo-games-4453862781,İncelenecek
9,2026-09-18 10:18:15,73,Growth & Marketing Manager,Deloitte,"Istanbul, Türkiye",LinkedIn (TR),Deloitte bünyesinde Growth & Marketing Manager pozisyonu. Profil anahtar kelimelerinizle eşleşti.,Growth,https://tr.linkedin.com/jobs/view/growth-marketing-manager-at-deloitte-4442808021,İncelenecek
10,2026-09-18 10:18:15,73,Growth Specialist,Domino's Turkey,"Sarıyer, Istanbul, Türkiye",LinkedIn (TR),Domino's Turkey bünyesinde Growth Specialist pozisyonu. Profil anahtar kelimelerinizle eşleşti.,Growth,https://tr.linkedin.com/jobs/view/growth-specialist-at-domino-s-turkey-4443241443,İncelenecek
11,2026-09-18 10:18:15,73,Growth & Digital Marketing Specialist,Cerebrovita,"Sariyer, Istanbul, Türkiye",LinkedIn (TR),Cerebrovita bünyesinde Growth & Digital Marketing Specialist pozisyonu. Profil anahtar kelimelerinizle eşleşti.,Growth,https://tr.linkedin.com/jobs/view/growth-digital-marketing-specialist-at-cerebrovita-4468381897,İncelenecek
12,2026-09-18 10:18:15,73,Growth Specialist - Gaming,Arcustin Games,Greater Istanbul,LinkedIn (TR),Arcustin Games bünyesinde Growth Specialist - Gaming pozisyonu. Profil anahtar kelimelerinizle eşleşti.,Growth,https://tr.linkedin.com/jobs/view/growth-specialist-gaming-at-arcustin-games-4465815722,İncelenecek
13,2026-09-18 10:18:15,73,Growth Specialist,Paxie Games,"Istanbul, Türkiye",LinkedIn (TR),Paxie Games bünyesinde Growth Specialist pozisyonu. Profil anahtar kelimelerinizle eşleşti.,Growth,https://tr.linkedin.com/jobs/view/growth-specialist-at-paxie-games-4433197640,İncelenecek
14,2026-09-18 10:18:15,73,Growth Specialist (New Grad),Agave Games,"Istanbul, Türkiye",LinkedIn (TR),Agave Games bünyesinde Growth Specialist (New Grad) pozisyonu. Profil anahtar kelimelerinizle eşleşti.,Growth,https://tr.linkedin.com/jobs/view/growth-specialist-new-grad-at-agave-games-4465552386,İncelenecek
15,2026-09-18 10:18:15,73,Performance Marketing Specialist,Papcorns,"Kadikoy, Istanbul, Türkiye",LinkedIn (TR),Papcorns bünyesinde Performance Marketing Specialist pozisyonu. Profil anahtar kelimelerinizle eşleşti.,Performance Marketing,https://tr.linkedin.com/jobs/view/performance-marketing-specialist-at-papcorns-4456929899,İncelenecek
16,2026-09-18 10:18:15,30,Growth Manager,Grand Games,"Istanbul, Türkiye",LinkedIn (TR),"Grand Games bünyesindeki Growth Manager pozisyonu, mobil oyun ekosisteminde kullanıcı kazanımı (UA), performans pazarlaması ve büyüme stratejilerini uçtan uca yönetecek deneyimli bir profil aramaktadır. Adayın P&G ve Getirfinans gibi kurumlarda başarılı staj deneyimleri bulunsa da, henüz yeni mezun seviyesinde olması ve doğrudan mobil oyun büyüme tecrübesinin olmaması nedeniyle pozisyon seviyesi aday için yüksek kalmaktadır.","Growth Marketing, User Acquisition (UA), Performans Pazarlaması, Veri Analitiği, A/B Testleri ve Optimizasyon",https://tr.linkedin.com/jobs/view/growth-manager-at-grand-games-4468655780,İncelenecek
1,2026-09-18 17:58:36,73,Growth Manager,TikTak,"Kagithane, Istanbul, Türkiye",LinkedIn (TR),TikTak bünyesinde Growth Manager pozisyonu. Profil anahtar kelimelerinizle eşleşti.,Growth,https://tr.linkedin.com/jobs/view/growth-manager-at-tiktak-4467188138,İncelenecek
2,2026-09-18 17:58:36,73,Growth Marketing Specialist,Gamegos,"Istanbul, Türkiye",LinkedIn (TR),Gamegos bünyesinde Growth Marketing Specialist pozisyonu. Profil anahtar kelimelerinizle eşleşti.,Growth,https://tr.linkedin.com/jobs/view/growth-marketing-specialist-at-gamegos-4466205359,İncelenecek
3,2026-09-18 17:58:36,73,Growth Manager,Rollic,"Istanbul, Türkiye",LinkedIn (TR),Rollic bünyesinde Growth Manager pozisyonu. Profil anahtar kelimelerinizle eşleşti.,Growth,https://tr.linkedin.com/jobs/view/growth-manager-at-rollic-4418746792,İncelenecek
4,2026-09-18 17:58:36,88,SaaS Growth Strategist (AI-Native),Vizio AI,Greater Istanbul,LinkedIn (TR),"Vizio AI bünyesindeki SaaS Growth Strategist (AI-Native) rolü; adayın P&G'deki büyüme ve arama stratejileri, Getirfinans'taki yapay zekâ asistanı ve büyüme odaklı müşteri içgörüleri deneyimiyle son derece güçlü bir uyum sergilemektedir. Adayın Boğaziçi Endüstri Mühendisliği analitik altyapısı ve teknoloji odaklı girişimcilik geçmişi, bu AI-native SaaS rolü için ideal bir profil sunmaktadır.","SaaS Büyüme Stratejisi (Growth Strategy), Yapay Zekâ (AI) Odaklı Ürün/Hizmet Çözümleri, Pazar ve Müşteri Analitiği, SEO ve Dijital Görünürlük Stratejisi, Çapraz Fonksiyonel İş Birliği (Growth & Product)",https://tr.linkedin.com/jobs/view/saas-growth-strategist-ai-native-at-vizio-ai-4458852211,İncelenecek
5,2026-09-18 17:58:36,73,Junior Growth Hacker / Growth Hacker,Sigortam.net,"Istanbul, Türkiye",LinkedIn (TR),Sigortam.net bünyesinde Junior Growth Hacker / Growth Hacker pozisyonu. Profil anahtar kelimelerinizle eşleşti.,Growth,https://tr.linkedin.com/jobs/view/junior-growth-hacker-growth-hacker-at-sigortam-net-4457246277,İncelenecek
6,2026-09-18 17:58:36,73,Growth Manager (AI Health-Tech / Clinical Trials),Massive Bio,"Kadıköy, Istanbul, Türkiye",LinkedIn (TR),Massive Bio bünyesinde Growth Manager (AI Health-Tech / Clinical Trials) pozisyonu. Profil anahtar kelimelerinizle eşleşti.,Growth,https://tr.linkedin.com/jobs/view/growth-manager-ai-health-tech-clinical-trials-at-massive-bio-4451446342,İncelenecek
7,2026-09-18 17:58:36,73,Growth Specialist / Dijital Pazarlama Uzmanı,Melontik,"Kadikoy, Istanbul, Türkiye",LinkedIn (TR),Melontik bünyesinde Growth Specialist / Dijital Pazarlama Uzmanı pozisyonu. Profil anahtar kelimelerinizle eşleşti.,Growth,https://tr.linkedin.com/jobs/view/growth-specialist-dijital-pazarlama-uzman%C4%B1-at-melontik-4460762612,İncelenecek
8,2026-09-18 17:58:36,73,Growth Specialist,Fugo Games,"Sarıyer, Istanbul, Türkiye",LinkedIn (TR),Fugo Games bünyesinde Growth Specialist pozisyonu. Profil anahtar kelimelerinizle eşleşti.,Growth,https://tr.linkedin.com/jobs/view/growth-specialist-at-fugo-games-4453862781,İncelenecek
9,2026-09-18 17:58:36,73,Growth & Marketing Manager,Deloitte,"Istanbul, Türkiye",LinkedIn (TR),Deloitte bünyesinde Growth & Marketing Manager pozisyonu. Profil anahtar kelimelerinizle eşleşti.,Growth,https://tr.linkedin.com/jobs/view/growth-marketing-manager-at-deloitte-4442808021,İncelenecek
10,2026-09-18 17:58:36,73,Growth Specialist,Domino's Turkey,"Sarıyer, Istanbul, Türkiye",LinkedIn (TR),Domino's Turkey bünyesinde Growth Specialist pozisyonu. Profil anahtar kelimelerinizle eşleşti.,Growth,https://tr.linkedin.com/jobs/view/growth-specialist-at-domino-s-turkey-4443241443,İncelenecek
11,2026-09-18 17:58:36,73,Growth & Digital Marketing Specialist,Cerebrovita,"Sariyer, Istanbul, Türkiye",LinkedIn (TR),Cerebrovita bünyesinde Growth & Digital Marketing Specialist pozisyonu. Profil anahtar kelimelerinizle eşleşti.,Growth,https://tr.linkedin.com/jobs/view/growth-digital-marketing-specialist-at-cerebrovita-4468381897,İncelenecek
12,2026-09-18 17:58:36,73,Growth Specialist - Gaming,Arcustin Games,Greater Istanbul,LinkedIn (TR),Arcustin Games bünyesinde Growth Specialist - Gaming pozisyonu. Profil anahtar kelimelerinizle eşleşti.,Growth,https://tr.linkedin.com/jobs/view/growth-specialist-gaming-at-arcustin-games-4465815722,İncelenecek
13,2026-09-18 17:58:36,73,Growth Specialist,Paxie Games,"Istanbul, Türkiye",LinkedIn (TR),Paxie Games bünyesinde Growth Specialist pozisyonu. Profil anahtar kelimelerinizle eşleşti.,Growth,https://tr.linkedin.com/jobs/view/growth-specialist-at-paxie-games-4433197640,İncelenecek
14,2026-09-18 17:58:36,73,Performance Marketing Specialist,Papcorns,"Kadikoy, Istanbul, Türkiye",LinkedIn (TR),Papcorns bünyesinde Performance Marketing Specialist pozisyonu. Profil anahtar kelimelerinizle eşleşti.,Performance Marketing,https://tr.linkedin.com/jobs/view/performance-marketing-specialist-at-papcorns-4456929899,İncelenecek
15,2026-09-18 17:58:36,73,Growth Manager,Grand Games,"Istanbul, Türkiye",LinkedIn (TR),Grand Games bünyesinde Growth Manager pozisyonu. Profil anahtar kelimelerinizle eşleşti.,Growth,https://tr.linkedin.com/jobs/view/growth-manager-at-grand-games-4468655780,İncelenecek
16,2026-09-18 17:58:36,73,Growth Marketer,The Flex,Türkiye,LinkedIn (TR),The Flex bünyesinde Growth Marketer pozisyonu. Profil anahtar kelimelerinizle eşleşti.,Growth,https://tr.linkedin.com/jobs/view/growth-marketer-at-the-flex-4436780314,İncelenecek
17,2026-09-18 17:58:36,73,Dijital Kanallar - Growth & Analitik Uzmanı,Koçtaş,"Çekmeköy, Istanbul, Türkiye",LinkedIn (TR),Koçtaş bünyesinde Dijital Kanallar - Growth & Analitik Uzmanı pozisyonu. Profil anahtar kelimelerinizle eşleşti.,Growth,https://tr.linkedin.com/jobs/view/dijital-kanallar-growth-analitik-uzman%C4%B1-at-ko%C3%A7ta%C5%9F-4461167374,İncelenecek
18,2026-09-18 17:58:36,73,Product & Growth Analyst,Midas Games,"Istanbul, Istanbul, Türkiye",LinkedIn (TR),Midas Games bünyesinde Product & Growth Analyst pozisyonu. Profil anahtar kelimelerinizle eşleşti.,Growth,https://tr.linkedin.com/jobs/view/product-growth-analyst-at-midas-games-4462222173,İncelenecek
19,2026-09-18 17:58:36,73,Growth Product Manager,Assistant App,Greater Istanbul,LinkedIn (TR),Assistant App bünyesinde Growth Product Manager pozisyonu. Profil anahtar kelimelerinizle eşleşti.,Growth,https://tr.linkedin.com/jobs/view/growth-product-manager-at-assistant-app-4430236743,İncelenecek
20,2026-09-18 17:58:36,73,Growth Product Specialist,Wowoo,"Istanbul, Türkiye",LinkedIn (TR),Wowoo bünyesinde Growth Product Specialist pozisyonu. Profil anahtar kelimelerinizle eşleşti.,Growth,https://tr.linkedin.com/jobs/view/growth-product-specialist-at-wowoo-4464330419,İncelenecek
21,2026-09-18 17:58:36,73,Growth Product Manager,Infoset,"Istanbul, Türkiye",LinkedIn (TR),Infoset bünyesinde Growth Product Manager pozisyonu. Profil anahtar kelimelerinizle eşleşti.,Growth,https://tr.linkedin.com/jobs/view/growth-product-manager-at-infoset-4447139233,İncelenecek
1,2026-09-19 10:01:05,73,Growth Manager,TikTak,"Kagithane, Istanbul, Türkiye",LinkedIn (TR),TikTak bünyesinde Growth Manager pozisyonu. Profil anahtar kelimelerinizle eşleşti.,Growth,https://tr.linkedin.com/jobs/view/growth-manager-at-tiktak-4467188138,İncelenecek
2,2026-09-19 10:01:05,73,Growth Marketing Specialist,Gamegos,"Istanbul, Türkiye",LinkedIn (TR),Gamegos bünyesinde Growth Marketing Specialist pozisyonu. Profil anahtar kelimelerinizle eşleşti.,Growth,https://tr.linkedin.com/jobs/view/growth-marketing-specialist-at-gamegos-4466205359,İncelenecek
3,2026-09-19 10:01:05,73,Growth Manager,Rollic,"Istanbul, Türkiye",LinkedIn (TR),Rollic bünyesinde Growth Manager pozisyonu. Profil anahtar kelimelerinizle eşleşti.,Growth,https://tr.linkedin.com/jobs/view/growth-manager-at-rollic-4418746792,İncelenecek
4,2026-09-19 10:01:05,73,SaaS Growth Strategist (AI-Native),Vizio AI,Greater Istanbul,LinkedIn (TR),Vizio AI bünyesinde SaaS Growth Strategist (AI-Native) pozisyonu. Profil anahtar kelimelerinizle eşleşti.,Growth,https://tr.linkedin.com/jobs/view/saas-growth-strategist-ai-native-at-vizio-ai-4458852211,İncelenecek
5,2026-09-19 10:01:05,73,Junior Growth Hacker / Growth Hacker,Sigortam.net,"Istanbul, Türkiye",LinkedIn (TR),Sigortam.net bünyesinde Junior Growth Hacker / Growth Hacker pozisyonu. Profil anahtar kelimelerinizle eşleşti.,Growth,https://tr.linkedin.com/jobs/view/junior-growth-hacker-growth-hacker-at-sigortam-net-4457246277,İncelenecek
6,2026-09-19 10:01:05,73,Growth Manager (AI Health-Tech / Clinical Trials),Massive Bio,"Kadıköy, Istanbul, Türkiye",LinkedIn (TR),Massive Bio bünyesinde Growth Manager (AI Health-Tech / Clinical Trials) pozisyonu. Profil anahtar kelimelerinizle eşleşti.,Growth,https://tr.linkedin.com/jobs/view/growth-manager-ai-health-tech-clinical-trials-at-massive-bio-4451446342,İncelenecek
7,2026-09-19 10:01:05,73,Growth Specialist / Dijital Pazarlama Uzmanı,Melontik,"Kadikoy, Istanbul, Türkiye",LinkedIn (TR),Melontik bünyesinde Growth Specialist / Dijital Pazarlama Uzmanı pozisyonu. Profil anahtar kelimelerinizle eşleşti.,Growth,https://tr.linkedin.com/jobs/view/growth-specialist-dijital-pazarlama-uzman%C4%B1-at-melontik-4460762612,İncelenecek
8,2026-09-19 10:01:05,73,Growth Specialist,Fugo Games,"Sarıyer, Istanbul, Türkiye",LinkedIn (TR),Fugo Games bünyesinde Growth Specialist pozisyonu. Profil anahtar kelimelerinizle eşleşti.,Growth,https://tr.linkedin.com/jobs/view/growth-specialist-at-fugo-games-4453862781,İncelenecek
9,2026-09-19 10:01:05,73,Growth & Marketing Manager,Deloitte,"Istanbul, Türkiye",LinkedIn (TR),Deloitte bünyesinde Growth & Marketing Manager pozisyonu. Profil anahtar kelimelerinizle eşleşti.,Growth,https://tr.linkedin.com/jobs/view/growth-marketing-manager-at-deloitte-4442808021,İncelenecek
10,2026-09-19 10:01:05,73,Growth Specialist,Domino's Turkey,"Sarıyer, Istanbul, Türkiye",LinkedIn (TR),Domino's Turkey bünyesinde Growth Specialist pozisyonu. Profil anahtar kelimelerinizle eşleşti.,Growth,https://tr.linkedin.com/jobs/view/growth-specialist-at-domino-s-turkey-4443241443,İncelenecek
11,2026-09-19 10:01:05,73,Growth & Digital Marketing Specialist,Cerebrovita,"Sariyer, Istanbul, Türkiye",LinkedIn (TR),Cerebrovita bünyesinde Growth & Digital Marketing Specialist pozisyonu. Profil anahtar kelimelerinizle eşleşti.,Growth,https://tr.linkedin.com/jobs/view/growth-digital-marketing-specialist-at-cerebrovita-4468381897,İncelenecek
12,2026-09-19 10:01:05,73,Growth Specialist - Gaming,Arcustin Games,Greater Istanbul,LinkedIn (TR),Arcustin Games bünyesinde Growth Specialist - Gaming pozisyonu. Profil anahtar kelimelerinizle eşleşti.,Growth,https://tr.linkedin.com/jobs/view/growth-specialist-gaming-at-arcustin-games-4465815722,İncelenecek
13,2026-09-19 10:01:05,73,Growth Specialist,Paxie Games,"Istanbul, Türkiye",LinkedIn (TR),Paxie Games bünyesinde Growth Specialist pozisyonu. Profil anahtar kelimelerinizle eşleşti.,Growth,https://tr.linkedin.com/jobs/view/growth-specialist-at-paxie-games-4433197640,İncelenecek
14,2026-09-19 10:01:05,73,Performance Marketing Specialist,Papcorns,"Kadikoy, Istanbul, Türkiye",LinkedIn (TR),Papcorns bünyesinde Performance Marketing Specialist pozisyonu. Profil anahtar kelimelerinizle eşleşti.,Performance Marketing,https://tr.linkedin.com/jobs/view/performance-marketing-specialist-at-papcorns-4456929899,İncelenecek
15,2026-09-19 10:01:05,73,Growth Manager,Grand Games,"Istanbul, Türkiye",LinkedIn (TR),Grand Games bünyesinde Growth Manager pozisyonu. Profil anahtar kelimelerinizle eşleşti.,Growth,https://tr.linkedin.com/jobs/view/growth-manager-at-grand-games-4468655780,İncelenecek
16,2026-09-19 10:01:05,73,Growth Marketer,The Flex,Türkiye,LinkedIn (TR),The Flex bünyesinde Growth Marketer pozisyonu. Profil anahtar kelimelerinizle eşleşti.,Growth,https://tr.linkedin.com/jobs/view/growth-marketer-at-the-flex-4436780314,İncelenecek
17,2026-09-19 10:01:05,73,Growth Marketing Manager (AI-Native),Efsora,"Urla, İzmir, Türkiye",LinkedIn (TR),Efsora bünyesinde Growth Marketing Manager (AI-Native) pozisyonu. Profil anahtar kelimelerinizle eşleşti.,Growth,https://tr.linkedin.com/jobs/view/growth-marketing-manager-ai-native-at-efsora-4466918317,İncelenecek
18,2026-09-19 10:01:05,73,Dijital Kanallar - Growth & Analitik Uzmanı,Koçtaş,"Çekmeköy, Istanbul, Türkiye",LinkedIn (TR),Koçtaş bünyesinde Dijital Kanallar - Growth & Analitik Uzmanı pozisyonu. Profil anahtar kelimelerinizle eşleşti.,Growth,https://tr.linkedin.com/jobs/view/dijital-kanallar-growth-analitik-uzman%C4%B1-at-ko%C3%A7ta%C5%9F-4461167374,İncelenecek
19,2026-09-19 10:01:05,73,Product & Growth Analyst,Midas Games,"Istanbul, Istanbul, Türkiye",LinkedIn (TR),Midas Games bünyesinde Product & Growth Analyst pozisyonu. Profil anahtar kelimelerinizle eşleşti.,Growth,https://tr.linkedin.com/jobs/view/product-growth-analyst-at-midas-games-4462222173,İncelenecek
20,2026-09-19 10:01:05,73,Growth Product Manager,Assistant App,Greater Istanbul,LinkedIn (TR),Assistant App bünyesinde Growth Product Manager pozisyonu. Profil anahtar kelimelerinizle eşleşti.,Growth,https://tr.linkedin.com/jobs/view/growth-product-manager-at-assistant-app-4430236743,İncelenecek
21,2026-09-19 10:01:05,73,Growth Product Specialist,Wowoo,"Istanbul, Türkiye",LinkedIn (TR),Wowoo bünyesinde Growth Product Specialist pozisyonu. Profil anahtar kelimelerinizle eşleşti.,Growth,https://tr.linkedin.com/jobs/view/growth-product-specialist-at-wowoo-4464330419,İncelenecek
22,2026-09-19 10:01:05,73,Growth Product Manager,Infoset,"Istanbul, Türkiye",LinkedIn (TR),Infoset bünyesinde Growth Product Manager pozisyonu. Profil anahtar kelimelerinizle eşleşti.,Growth,https://tr.linkedin.com/jobs/view/growth-product-manager-at-infoset-4447139233,İncelenecek
1,2026-09-19 17:36:48,73,Growth Manager,TikTak,"Kagithane, Istanbul, Türkiye",LinkedIn (TR),TikTak bünyesinde Growth Manager pozisyonu. Profil anahtar kelimelerinizle eşleşti.,Growth,https://tr.linkedin.com/jobs/view/growth-manager-at-tiktak-4467188138,İncelenecek
2,2026-09-19 17:36:48,73,Growth Marketing Specialist,Gamegos,"Istanbul, Türkiye",LinkedIn (TR),Gamegos bünyesinde Growth Marketing Specialist pozisyonu. Profil anahtar kelimelerinizle eşleşti.,Growth,https://tr.linkedin.com/jobs/view/growth-marketing-specialist-at-gamegos-4466205359,İncelenecek
3,2026-09-19 17:36:48,73,Growth Manager,Rollic,"Istanbul, Türkiye",LinkedIn (TR),Rollic bünyesinde Growth Manager pozisyonu. Profil anahtar kelimelerinizle eşleşti.,Growth,https://tr.linkedin.com/jobs/view/growth-manager-at-rollic-4418746792,İncelenecek
4,2026-09-19 17:36:48,73,SaaS Growth Strategist (AI-Native),Vizio AI,Greater Istanbul,LinkedIn (TR),Vizio AI bünyesinde SaaS Growth Strategist (AI-Native) pozisyonu. Profil anahtar kelimelerinizle eşleşti.,Growth,https://tr.linkedin.com/jobs/view/saas-growth-strategist-ai-native-at-vizio-ai-4458852211,İncelenecek
5,2026-09-19 17:36:48,73,Junior Growth Hacker / Growth Hacker,Sigortam.net,"Istanbul, Türkiye",LinkedIn (TR),Sigortam.net bünyesinde Junior Growth Hacker / Growth Hacker pozisyonu. Profil anahtar kelimelerinizle eşleşti.,Growth,https://tr.linkedin.com/jobs/view/junior-growth-hacker-growth-hacker-at-sigortam-net-4457246277,İncelenecek
6,2026-09-19 17:36:48,73,Growth Manager (AI Health-Tech / Clinical Trials),Massive Bio,"Kadıköy, Istanbul, Türkiye",LinkedIn (TR),Massive Bio bünyesinde Growth Manager (AI Health-Tech / Clinical Trials) pozisyonu. Profil anahtar kelimelerinizle eşleşti.,Growth,https://tr.linkedin.com/jobs/view/growth-manager-ai-health-tech-clinical-trials-at-massive-bio-4451446342,İncelenecek
7,2026-09-19 17:36:48,73,Growth Specialist / Dijital Pazarlama Uzmanı,Melontik,"Kadikoy, Istanbul, Türkiye",LinkedIn (TR),Melontik bünyesinde Growth Specialist / Dijital Pazarlama Uzmanı pozisyonu. Profil anahtar kelimelerinizle eşleşti.,Growth,https://tr.linkedin.com/jobs/view/growth-specialist-dijital-pazarlama-uzman%C4%B1-at-melontik-4460762612,İncelenecek
8,2026-09-19 17:36:48,73,Growth Specialist,Fugo Games,"Sarıyer, Istanbul, Türkiye",LinkedIn (TR),Fugo Games bünyesinde Growth Specialist pozisyonu. Profil anahtar kelimelerinizle eşleşti.,Growth,https://tr.linkedin.com/jobs/view/growth-specialist-at-fugo-games-4453862781,İncelenecek
9,2026-09-19 17:36:48,73,Growth & Marketing Manager,Deloitte,"Istanbul, Türkiye",LinkedIn (TR),Deloitte bünyesinde Growth & Marketing Manager pozisyonu. Profil anahtar kelimelerinizle eşleşti.,Growth,https://tr.linkedin.com/jobs/view/growth-marketing-manager-at-deloitte-4442808021,İncelenecek
10,2026-09-19 17:36:48,73,Growth Specialist,Domino's Turkey,"Sarıyer, Istanbul, Türkiye",LinkedIn (TR),Domino's Turkey bünyesinde Growth Specialist pozisyonu. Profil anahtar kelimelerinizle eşleşti.,Growth,https://tr.linkedin.com/jobs/view/growth-specialist-at-domino-s-turkey-4443241443,İncelenecek
11,2026-09-19 17:36:48,73,Growth & Digital Marketing Specialist,Cerebrovita,"Sariyer, Istanbul, Türkiye",LinkedIn (TR),Cerebrovita bünyesinde Growth & Digital Marketing Specialist pozisyonu. Profil anahtar kelimelerinizle eşleşti.,Growth,https://tr.linkedin.com/jobs/view/growth-digital-marketing-specialist-at-cerebrovita-4468381897,İncelenecek
12,2026-09-19 17:36:48,73,Growth Specialist - Gaming,Arcustin Games,Greater Istanbul,LinkedIn (TR),Arcustin Games bünyesinde Growth Specialist - Gaming pozisyonu. Profil anahtar kelimelerinizle eşleşti.,Growth,https://tr.linkedin.com/jobs/view/growth-specialist-gaming-at-arcustin-games-4465815722,İncelenecek
13,2026-09-19 17:36:48,73,Growth Specialist,Paxie Games,"Istanbul, Türkiye",LinkedIn (TR),Paxie Games bünyesinde Growth Specialist pozisyonu. Profil anahtar kelimelerinizle eşleşti.,Growth,https://tr.linkedin.com/jobs/view/growth-specialist-at-paxie-games-4433197640,İncelenecek
14,2026-09-19 17:36:48,73,Performance Marketing Specialist,Papcorns,"Kadikoy, Istanbul, Türkiye",LinkedIn (TR),Papcorns bünyesinde Performance Marketing Specialist pozisyonu. Profil anahtar kelimelerinizle eşleşti.,Performance Marketing,https://tr.linkedin.com/jobs/view/performance-marketing-specialist-at-papcorns-4456929899,İncelenecek
15,2026-09-19 17:36:48,73,Growth Manager,Grand Games,"Istanbul, Türkiye",LinkedIn (TR),Grand Games bünyesinde Growth Manager pozisyonu. Profil anahtar kelimelerinizle eşleşti.,Growth,https://tr.linkedin.com/jobs/view/growth-manager-at-grand-games-4468655780,İncelenecek
16,2026-09-19 17:36:48,73,Growth Marketer,The Flex,Türkiye,LinkedIn (TR),The Flex bünyesinde Growth Marketer pozisyonu. Profil anahtar kelimelerinizle eşleşti.,Growth,https://tr.linkedin.com/jobs/view/growth-marketer-at-the-flex-4436780314,İncelenecek
17,2026-09-19 17:36:48,73,Growth Marketing Manager (AI-Native),Efsora,"Urla, İzmir, Türkiye",LinkedIn (TR),Efsora bünyesinde Growth Marketing Manager (AI-Native) pozisyonu. Profil anahtar kelimelerinizle eşleşti.,Growth,https://tr.linkedin.com/jobs/view/growth-marketing-manager-ai-native-at-efsora-4466918317,İncelenecek
18,2026-09-19 17:36:49,73,Dijital Kanallar - Growth & Analitik Uzmanı,Koçtaş,"Çekmeköy, Istanbul, Türkiye",LinkedIn (TR),Koçtaş bünyesinde Dijital Kanallar - Growth & Analitik Uzmanı pozisyonu. Profil anahtar kelimelerinizle eşleşti.,Growth,https://tr.linkedin.com/jobs/view/dijital-kanallar-growth-analitik-uzman%C4%B1-at-ko%C3%A7ta%C5%9F-4461167374,İncelenecek
19,2026-09-19 17:36:49,73,Product & Growth Analyst,Midas Games,"Istanbul, Istanbul, Türkiye",LinkedIn (TR),Midas Games bünyesinde Product & Growth Analyst pozisyonu. Profil anahtar kelimelerinizle eşleşti.,Growth,https://tr.linkedin.com/jobs/view/product-growth-analyst-at-midas-games-4462222173,İncelenecek
20,2026-09-19 17:36:49,73,Growth Product Manager,Assistant App,Greater Istanbul,LinkedIn (TR),Assistant App bünyesinde Growth Product Manager pozisyonu. Profil anahtar kelimelerinizle eşleşti.,Growth,https://tr.linkedin.com/jobs/view/growth-product-manager-at-assistant-app-4430236743,İncelenecek
21,2026-09-19 17:36:49,73,Growth Product Specialist,Wowoo,"Istanbul, Türkiye",LinkedIn (TR),Wowoo bünyesinde Growth Product Specialist pozisyonu. Profil anahtar kelimelerinizle eşleşti.,Growth,https://tr.linkedin.com/jobs/view/growth-product-specialist-at-wowoo-4464330419,İncelenecek
22,2026-09-19 17:36:49,73,Growth Product Manager,Infoset,"Istanbul, Türkiye",LinkedIn (TR),Infoset bünyesinde Growth Product Manager pozisyonu. Profil anahtar kelimelerinizle eşleşti.,Growth,https://tr.linkedin.com/jobs/view/growth-product-manager-at-infoset-4447139233,İncelenecek
1,2026-09-20 10:20:50,73,Growth Manager,TikTak,"Kagithane, Istanbul, Türkiye",LinkedIn (TR),TikTak bünyesinde Growth Manager pozisyonu. Profil anahtar kelimelerinizle eşleşti.,Growth,https://tr.linkedin.com/jobs/view/growth-manager-at-tiktak-4467188138,İncelenecek
2,2026-09-20 10:20:50,73,Growth Marketing Specialist,Gamegos,"Istanbul, Türkiye",LinkedIn (TR),Gamegos bünyesinde Growth Marketing Specialist pozisyonu. Profil anahtar kelimelerinizle eşleşti.,Growth,https://tr.linkedin.com/jobs/view/growth-marketing-specialist-at-gamegos-4466205359,İncelenecek
3,2026-09-20 10:20:50,73,Growth Manager,Rollic,"Istanbul, Türkiye",LinkedIn (TR),Rollic bünyesinde Growth Manager pozisyonu. Profil anahtar kelimelerinizle eşleşti.,Growth,https://tr.linkedin.com/jobs/view/growth-manager-at-rollic-4418746792,İncelenecek
4,2026-09-20 10:20:50,88,SaaS Growth Strategist (AI-Native),Vizio AI,Greater Istanbul,LinkedIn (TR),"Vizio AI bünyesindeki SaaS Growth Strategist (AI-Native) pozisyonu, adayın büyüme stratejisi, yapay zekâ entegrasyonu ve B2B/SaaS iş geliştirme deneyimleriyle olağanüstü bir uyum göstermektedir. Adayın Getirfinans'ta yapay zekâ asistanlarının müşteri deneyimine etkisini ölçmesi ve P&G ile Buluttan'daki büyüme ve iş geliştirme geçmişi bu rol için güçlü bir temel sunmaktadır.","SaaS Büyüme Stratejisi (Growth), Yapay Zekâ (AI-Native Ürünler), Pazar ve Müşteri Analizi (VoC), Veriye Dayalı Raporlama, İş Geliştirme & Müşteri Deneyimi",https://tr.linkedin.com/jobs/view/saas-growth-strategist-ai-native-at-vizio-ai-4458852211,İncelenecek
5,2026-09-20 10:20:50,73,Junior Growth Hacker / Growth Hacker,Sigortam.net,"Istanbul, Türkiye",LinkedIn (TR),Sigortam.net bünyesinde Junior Growth Hacker / Growth Hacker pozisyonu. Profil anahtar kelimelerinizle eşleşti.,Growth,https://tr.linkedin.com/jobs/view/junior-growth-hacker-growth-hacker-at-sigortam-net-4457246277,İncelenecek
6,2026-09-20 10:20:50,73,Growth Manager (AI Health-Tech / Clinical Trials),Massive Bio,"Kadıköy, Istanbul, Türkiye",LinkedIn (TR),Massive Bio bünyesinde Growth Manager (AI Health-Tech / Clinical Trials) pozisyonu. Profil anahtar kelimelerinizle eşleşti.,Growth,https://tr.linkedin.com/jobs/view/growth-manager-ai-health-tech-clinical-trials-at-massive-bio-4451446342,İncelenecek
7,2026-09-20 10:20:50,73,Growth Specialist / Dijital Pazarlama Uzmanı,Melontik,"Kadikoy, Istanbul, Türkiye",LinkedIn (TR),Melontik bünyesinde Growth Specialist / Dijital Pazarlama Uzmanı pozisyonu. Profil anahtar kelimelerinizle eşleşti.,Growth,https://tr.linkedin.com/jobs/view/growth-specialist-dijital-pazarlama-uzman%C4%B1-at-melontik-4460762612,İncelenecek
8,2026-09-20 10:20:50,73,Growth Specialist,Fugo Games,"Sarıyer, Istanbul, Türkiye",LinkedIn (TR),Fugo Games bünyesinde Growth Specialist pozisyonu. Profil anahtar kelimelerinizle eşleşti.,Growth,https://tr.linkedin.com/jobs/view/growth-specialist-at-fugo-games-4453862781,İncelenecek
9,2026-09-20 10:20:50,73,Growth & Marketing Manager,Deloitte,"Istanbul, Türkiye",LinkedIn (TR),Deloitte bünyesinde Growth & Marketing Manager pozisyonu. Profil anahtar kelimelerinizle eşleşti.,Growth,https://tr.linkedin.com/jobs/view/growth-marketing-manager-at-deloitte-4442808021,İncelenecek
10,2026-09-20 10:20:50,73,Growth Specialist,Domino's Turkey,"Sarıyer, Istanbul, Türkiye",LinkedIn (TR),Domino's Turkey bünyesinde Growth Specialist pozisyonu. Profil anahtar kelimelerinizle eşleşti.,Growth,https://tr.linkedin.com/jobs/view/growth-specialist-at-domino-s-turkey-4443241443,İncelenecek
11,2026-09-20 10:20:50,73,Growth & Digital Marketing Specialist,Cerebrovita,"Sariyer, Istanbul, Türkiye",LinkedIn (TR),Cerebrovita bünyesinde Growth & Digital Marketing Specialist pozisyonu. Profil anahtar kelimelerinizle eşleşti.,Growth,https://tr.linkedin.com/jobs/view/growth-digital-marketing-specialist-at-cerebrovita-4468381897,İncelenecek
12,2026-09-20 10:20:50,73,Growth Specialist - Gaming,Arcustin Games,Greater Istanbul,LinkedIn (TR),Arcustin Games bünyesinde Growth Specialist - Gaming pozisyonu. Profil anahtar kelimelerinizle eşleşti.,Growth,https://tr.linkedin.com/jobs/view/growth-specialist-gaming-at-arcustin-games-4465815722,İncelenecek
13,2026-09-20 10:20:50,73,Growth Specialist,Paxie Games,"Istanbul, Türkiye",LinkedIn (TR),Paxie Games bünyesinde Growth Specialist pozisyonu. Profil anahtar kelimelerinizle eşleşti.,Growth,https://tr.linkedin.com/jobs/view/growth-specialist-at-paxie-games-4433197640,İncelenecek
14,2026-09-20 10:20:50,73,Performance Marketing Specialist,Papcorns,"Kadikoy, Istanbul, Türkiye",LinkedIn (TR),Papcorns bünyesinde Performance Marketing Specialist pozisyonu. Profil anahtar kelimelerinizle eşleşti.,Performance Marketing,https://tr.linkedin.com/jobs/view/performance-marketing-specialist-at-papcorns-4456929899,İncelenecek
15,2026-09-20 10:20:50,73,Growth Manager,Grand Games,"Istanbul, Türkiye",LinkedIn (TR),Grand Games bünyesinde Growth Manager pozisyonu. Profil anahtar kelimelerinizle eşleşti.,Growth,https://tr.linkedin.com/jobs/view/growth-manager-at-grand-games-4468655780,İncelenecek
16,2026-09-20 10:20:50,73,Growth Marketer,The Flex,Türkiye,LinkedIn (TR),The Flex bünyesinde Growth Marketer pozisyonu. Profil anahtar kelimelerinizle eşleşti.,Growth,https://tr.linkedin.com/jobs/view/growth-marketer-at-the-flex-4436780314,İncelenecek
17,2026-09-20 10:20:50,73,Growth Marketing Manager (AI-Native),Efsora,"Urla, İzmir, Türkiye",LinkedIn (TR),Efsora bünyesinde Growth Marketing Manager (AI-Native) pozisyonu. Profil anahtar kelimelerinizle eşleşti.,Growth,https://tr.linkedin.com/jobs/view/growth-marketing-manager-ai-native-at-efsora-4466918317,İncelenecek
18,2026-09-20 10:20:50,73,Dijital Kanallar - Growth & Analitik Uzmanı,Koçtaş,"Çekmeköy, Istanbul, Türkiye",LinkedIn (TR),Koçtaş bünyesinde Dijital Kanallar - Growth & Analitik Uzmanı pozisyonu. Profil anahtar kelimelerinizle eşleşti.,Growth,https://tr.linkedin.com/jobs/view/dijital-kanallar-growth-analitik-uzman%C4%B1-at-ko%C3%A7ta%C5%9F-4461167374,İncelenecek
19,2026-09-20 10:20:50,73,Product & Growth Analyst,Midas Games,"Istanbul, Istanbul, Türkiye",LinkedIn (TR),Midas Games bünyesinde Product & Growth Analyst pozisyonu. Profil anahtar kelimelerinizle eşleşti.,Growth,https://tr.linkedin.com/jobs/view/product-growth-analyst-at-midas-games-4462222173,İncelenecek
20,2026-09-20 10:20:50,73,Growth Product Manager,Assistant App,Greater Istanbul,LinkedIn (TR),Assistant App bünyesinde Growth Product Manager pozisyonu. Profil anahtar kelimelerinizle eşleşti.,Growth,https://tr.linkedin.com/jobs/view/growth-product-manager-at-assistant-app-4430236743,İncelenecek
21,2026-09-20 10:20:50,73,Growth Product Specialist,Wowoo,"Istanbul, Türkiye",LinkedIn (TR),Wowoo bünyesinde Growth Product Specialist pozisyonu. Profil anahtar kelimelerinizle eşleşti.,Growth,https://tr.linkedin.com/jobs/view/growth-product-specialist-at-wowoo-4464330419,İncelenecek
22,2026-09-20 10:20:50,73,Growth Product Manager,Infoset,"Istanbul, Türkiye",LinkedIn (TR),Infoset bünyesinde Growth Product Manager pozisyonu. Profil anahtar kelimelerinizle eşleşti.,Growth,https://tr.linkedin.com/jobs/view/growth-product-manager-at-infoset-4447139233,İncelenecek
1,2026-09-20 17:49:34,73,Growth Manager,TikTak,"Kagithane, Istanbul, Türkiye",LinkedIn (TR),TikTak bünyesinde Growth Manager pozisyonu. Profil anahtar kelimelerinizle eşleşti.,Growth,https://tr.linkedin.com/jobs/view/growth-manager-at-tiktak-4467188138,İncelenecek
2,2026-09-20 17:49:34,85,Growth Marketing Specialist,Gamegos,"Istanbul, Türkiye",LinkedIn (TR),"Gamegos'un Growth Marketing Specialist pozisyonu, adayın P&G'deki büyüme ve arama odaklı pazarlama stratejileri ile Getirfinans'ta Growth ekipleriyle yürüttüğü veri odaklı çalışmalarla yüksek oranda örtüşmektedir. Boğaziçi Endüstri Mühendisliği altyapısı, adaya büyüme pazarlamasının gerektirdiği analitik bakış açısını ve veri odaklı karar alma yetkinliğini kazandırmaktadır.","Growth Marketing, Data-Driven Analysis, Customer Acquisition & Funnel Optimization, Digital Marketing & SEO, Cross-Functional Collaboration",https://tr.linkedin.com/jobs/view/growth-marketing-specialist-at-gamegos-4466205359,İncelenecek
3,2026-09-20 17:49:34,73,Growth Manager,Rollic,"Istanbul, Türkiye",LinkedIn (TR),Rollic bünyesinde Growth Manager pozisyonu. Profil anahtar kelimelerinizle eşleşti.,Growth,https://tr.linkedin.com/jobs/view/growth-manager-at-rollic-4418746792,İncelenecek
4,2026-09-20 17:49:34,73,SaaS Growth Strategist (AI-Native),Vizio AI,Greater Istanbul,LinkedIn (TR),Vizio AI bünyesinde SaaS Growth Strategist (AI-Native) pozisyonu. Profil anahtar kelimelerinizle eşleşti.,Growth,https://tr.linkedin.com/jobs/view/saas-growth-strategist-ai-native-at-vizio-ai-4458852211,İncelenecek
5,2026-09-20 17:49:34,90,Junior Growth Hacker / Growth Hacker,Sigortam.net,"Istanbul, Türkiye",LinkedIn (TR),"Sigortam.net'in Junior Growth Hacker rolü, adayın yeni mezun/junior seviyesi ve büyüme odaklı kariyer hedefleriyle kusursuz örtüşmektedir. Adayın P&G'deki büyüme stratejisi ve SEO deneyimi ile Getirfinans'taki Growth/CX kesişiminde edindiği tecrübeler bu pozisyon için güçlü bir zemin sunmaktadır.","Growth Hacking & Büyüme Stratejileri, Veri Analitiği ve Raporlama, Müşteri Yolculuğu ve CX Analizi, SEO ve Dijital Pazarlama, Ürün Geliştirme ve Optimizasyon",https://tr.linkedin.com/jobs/view/junior-growth-hacker-growth-hacker-at-sigortam-net-4457246277,İncelenecek
6,2026-09-20 17:49:34,30,Growth Manager (AI Health-Tech / Clinical Trials),Massive Bio,"Kadıköy, Istanbul, Türkiye",LinkedIn (TR),"Massive Bio'nun Growth Manager pozisyonu, AI destekli sağlık teknolojileri ve klinik araştırmalar alanında uçtan uca büyüme stratejilerini yönetecek deneyimli (Manager seviyesi) bir profil aramaktadır. Adayın P&G ve Getirfinans gibi kurumlarda değerli büyüme, marka ve yapay zeka deneyimleri bulunsa da henüz yeni mezun aşamasında olması sebebiyle bu yönetsel pozisyon için kıdem ve uzmanlık seviyesi uyuşmamaktadır.","Growth Strategies, Data-Driven Marketing, AI Product Experience, Customer Experience & Insights, Cross-Functional Collaboration",https://tr.linkedin.com/jobs/view/growth-manager-ai-health-tech-clinical-trials-at-massive-bio-4451446342,İncelenecek
7,2026-09-20 17:49:34,85,Growth Specialist / Dijital Pazarlama Uzmanı,Melontik,"Kadikoy, Istanbul, Türkiye",LinkedIn (TR),"Adayın P&G bünyesindeki marka yönetimi ve SEO odaklı büyüme stratejisi deneyimi ile Getirfinans ve Buluttan'daki büyüme odaklı iş analizleri, Melontik'in Growth Specialist / Dijital Pazarlama Uzmanı rolü ile güçlü bir uyum göstermektedir. Analitik mühendislik geçmişi performans odaklı pazarlama hedefleri için önemli bir avantajdır.","Büyüme Stratejisi (Growth Strategy), Dijital Pazarlama & SEO, Pazar ve Müşteri Analitiği, E-Ticaret Yönetimi, Veri Odaklı Performans Takibi",https://tr.linkedin.com/jobs/view/growth-specialist-dijital-pazarlama-uzman%C4%B1-at-melontik-4460762612,İncelenecek
8,2026-09-20 17:49:34,73,Growth Specialist,Fugo Games,"Sarıyer, Istanbul, Türkiye",LinkedIn (TR),Fugo Games bünyesinde Growth Specialist pozisyonu. Profil anahtar kelimelerinizle eşleşti.,Growth,https://tr.linkedin.com/jobs/view/growth-specialist-at-fugo-games-4453862781,İncelenecek
9,2026-09-20 17:49:34,73,Growth & Marketing Manager,Deloitte,"Istanbul, Türkiye",LinkedIn (TR),Deloitte bünyesinde Growth & Marketing Manager pozisyonu. Profil anahtar kelimelerinizle eşleşti.,Growth,https://tr.linkedin.com/jobs/view/growth-marketing-manager-at-deloitte-4442808021,İncelenecek
10,2026-09-20 17:49:34,73,Growth Specialist,Domino's Turkey,"Sarıyer, Istanbul, Türkiye",LinkedIn (TR),Domino's Turkey bünyesinde Growth Specialist pozisyonu. Profil anahtar kelimelerinizle eşleşti.,Growth,https://tr.linkedin.com/jobs/view/growth-specialist-at-domino-s-turkey-4443241443,İncelenecek
11,2026-09-20 17:49:34,73,Growth & Digital Marketing Specialist,Cerebrovita,"Sariyer, Istanbul, Türkiye",LinkedIn (TR),Cerebrovita bünyesinde Growth & Digital Marketing Specialist pozisyonu. Profil anahtar kelimelerinizle eşleşti.,Growth,https://tr.linkedin.com/jobs/view/growth-digital-marketing-specialist-at-cerebrovita-4468381897,İncelenecek
12,2026-09-20 17:49:34,73,Growth Specialist - Gaming,Arcustin Games,Greater Istanbul,LinkedIn (TR),Arcustin Games bünyesinde Growth Specialist - Gaming pozisyonu. Profil anahtar kelimelerinizle eşleşti.,Growth,https://tr.linkedin.com/jobs/view/growth-specialist-gaming-at-arcustin-games-4465815722,İncelenecek
13,2026-09-20 17:49:34,73,Growth Specialist,Paxie Games,"Istanbul, Türkiye",LinkedIn (TR),Paxie Games bünyesinde Growth Specialist pozisyonu. Profil anahtar kelimelerinizle eşleşti.,Growth,https://tr.linkedin.com/jobs/view/growth-specialist-at-paxie-games-4433197640,İncelenecek
14,2026-09-20 17:49:34,73,Performance Marketing Specialist,Papcorns,"Kadikoy, Istanbul, Türkiye",LinkedIn (TR),Papcorns bünyesinde Performance Marketing Specialist pozisyonu. Profil anahtar kelimelerinizle eşleşti.,Performance Marketing,https://tr.linkedin.com/jobs/view/performance-marketing-specialist-at-papcorns-4456929899,İncelenecek
15,2026-09-20 17:49:34,30,Growth Manager,Grand Games,"Istanbul, Türkiye",LinkedIn (TR),"Grand Games'teki Growth Manager pozisyonu, mobil oyun sektöründe kullanıcı kazanımı (UA), ASO ve performans pazarlaması alanlarında bağımsız bütçe yönetebilecek deneyimli profesyonelleri hedefleyen yönetsel bir roldür. Adayın P&G ve Getirfinans'ta büyüme ve marka yönetimi staj deneyimleri güçlü olsa da, henüz yeni mezun aşamasında olması ve oyun sektörüne özgü growth/UA tecrübesinin bulunmaması nedeniyle pozisyon seviyesi adaya uygun değildir.","Growth Strategy, Data Analysis, User Acquisition (UA), Product Growth, Performance Marketing",https://tr.linkedin.com/jobs/view/growth-manager-at-grand-games-4468655780,İncelenecek
16,2026-09-20 17:49:34,73,Growth Marketer,The Flex,Türkiye,LinkedIn (TR),The Flex bünyesinde Growth Marketer pozisyonu. Profil anahtar kelimelerinizle eşleşti.,Growth,https://tr.linkedin.com/jobs/view/growth-marketer-at-the-flex-4436780314,İncelenecek
17,2026-09-20 17:49:34,30,Growth Marketing Manager (AI-Native),Efsora,"Urla, İzmir, Türkiye",LinkedIn (TR),"Pozisyon 'Manager' seviyesinde bağımsız büyüme stratejileri yürütmeyi gerektiren orta/üst düzey bir rol olup, henüz yeni mezun aşamasındaki aday için kıdem seviyesi açısından uygun değildir. Ayrıca pozisyonun İzmir/Urla lokasyonunda hibrit çalışma modeli gerektirmesi, İstanbul'da ikamet eden aday için ek bir dezavantaj oluşturmaktadır.","Growth Marketing, AI Native Tools & LLMs, Brand Management, E-commerce Strategy, Data-Driven Growth",https://tr.linkedin.com/jobs/view/growth-marketing-manager-ai-native-at-efsora-4466918317,İncelenecek
18,2026-09-20 17:49:34,85,Dijital Kanallar - Growth & Analitik Uzmanı,Koçtaş,"Çekmeköy, Istanbul, Türkiye",LinkedIn (TR),"Koçtaş'ın Dijital Kanallar bünyesindeki Growth & Analitik Uzmanı pozisyonu, adayın analitik mühendislik temeli ve dijital büyüme deneyimleriyle oldukça uyumludur. Adayın P&G'deki e-ticaret büyüme stratejileri ve Getirfinans'taki büyüme-ürün veri analizleri bu pozisyon için güçlü bir zemin sunmaktadır.","Büyüme Stratejileri (Growth), Veri Analitiği, E-Ticaret & Dijital Kanallar, SEO & Dijital Görünürlük, Müşteri & Pazar İçgörüsü Analizi",https://tr.linkedin.com/jobs/view/dijital-kanallar-growth-analitik-uzman%C4%B1-at-ko%C3%A7ta%C5%9F-4461167374,İncelenecek
19,2026-09-20 17:49:34,73,Product & Growth Analyst,Midas Games,"Istanbul, Istanbul, Türkiye",LinkedIn (TR),Midas Games bünyesinde Product & Growth Analyst pozisyonu. Profil anahtar kelimelerinizle eşleşti.,Growth,https://tr.linkedin.com/jobs/view/product-growth-analyst-at-midas-games-4462222173,İncelenecek
20,2026-09-20 17:49:34,82,Growth Product Manager,Assistant App,Greater Istanbul,LinkedIn (TR),"İlan, büyüme odaklı ürün yönetimi (Growth Product Management) rolünü kapsamaktadır. Adayın SabancıDx'teki Ürün Yönetimi, Getirfinans'taki Büyüme (Growth)/Müşteri Deneyimi ve P&G'deki büyüme stratejisi deneyimleri pozisyonun temel dinamikleriyle oldukça iyi örtüşmektedir.","Growth Product Management, Customer Journey & UX, Data-Driven Growth Strategies, AI Product Integration, Cross-Functional Leadership",https://tr.linkedin.com/jobs/view/growth-product-manager-at-assistant-app-4430236743,İncelenecek
21,2026-09-20 17:49:34,73,Growth Product Specialist,Wowoo,"Istanbul, Türkiye",LinkedIn (TR),Wowoo bünyesinde Growth Product Specialist pozisyonu. Profil anahtar kelimelerinizle eşleşti.,Growth,https://tr.linkedin.com/jobs/view/growth-product-specialist-at-wowoo-4464330419,İncelenecek
22,2026-09-20 17:49:34,73,Growth Product Manager,Infoset,"Istanbul, Türkiye",LinkedIn (TR),Infoset bünyesinde Growth Product Manager pozisyonu. Profil anahtar kelimelerinizle eşleşti.,Growth,https://tr.linkedin.com/jobs/view/growth-product-manager-at-infoset-4447139233,İncelenecek
23,2026-09-20 17:49:34,81,Performance Marketing Specialist,clickzone - Growth Marketing Agency,"Istanbul, Türkiye",LinkedIn (TR),clickzone - Growth Marketing Agency bünyesinde Performance Marketing Specialist pozisyonu. Profil anahtar kelimelerinizle eşleşti.,"Growth, Performance Marketing",https://tr.linkedin.com/jobs/view/performance-marketing-specialist-at-clickzone-growth-marketing-agency-4461823378,İncelenecek
24,2026-09-20 17:49:34,73,Performance Marketing Manager,Nexoft,"Ankara, Türkiye",LinkedIn (TR),Nexoft bünyesinde Performance Marketing Manager pozisyonu. Profil anahtar kelimelerinizle eşleşti.,Performance Marketing,https://tr.linkedin.com/jobs/view/performance-marketing-manager-at-nexoft-4462421454,İncelenecek
25,2026-09-20 17:49:34,73,Performance Marketing Specialist / Dijital Reklam Uzmanı,Adgonic,"Beyoglu, Istanbul, Türkiye",LinkedIn (TR),Adgonic bünyesinde Performance Marketing Specialist / Dijital Reklam Uzmanı pozisyonu. Profil anahtar kelimelerinizle eşleşti.,Performance Marketing,https://tr.linkedin.com/jobs/view/performance-marketing-specialist-dijital-reklam-uzman%C4%B1-at-adgonic-4463978096,İncelenecek
1,2026-09-21 11:33:21,73,Growth Manager,TikTak,"Kagithane, Istanbul, Türkiye",LinkedIn (TR),TikTak bünyesinde Growth Manager pozisyonu. Profil anahtar kelimelerinizle eşleşti.,Growth,https://tr.linkedin.com/jobs/view/growth-manager-at-tiktak-4467188138,İncelenecek
2,2026-09-21 11:33:21,73,Growth Marketing Specialist,Gamegos,"Istanbul, Türkiye",LinkedIn (TR),Gamegos bünyesinde Growth Marketing Specialist pozisyonu. Profil anahtar kelimelerinizle eşleşti.,Growth,https://tr.linkedin.com/jobs/view/growth-marketing-specialist-at-gamegos-4466205359,İncelenecek
3,2026-09-21 11:33:21,73,Growth Manager,Rollic,"Istanbul, Türkiye",LinkedIn (TR),Rollic bünyesinde Growth Manager pozisyonu. Profil anahtar kelimelerinizle eşleşti.,Growth,https://tr.linkedin.com/jobs/view/growth-manager-at-rollic-4418746792,İncelenecek
4,2026-09-21 11:33:21,73,SaaS Growth Strategist (AI-Native),Vizio AI,Greater Istanbul,LinkedIn (TR),Vizio AI bünyesinde SaaS Growth Strategist (AI-Native) pozisyonu. Profil anahtar kelimelerinizle eşleşti.,Growth,https://tr.linkedin.com/jobs/view/saas-growth-strategist-ai-native-at-vizio-ai-4458852211,İncelenecek
5,2026-09-21 11:33:21,90,Junior Growth Hacker / Growth Hacker,Sigortam.net,"Istanbul, Türkiye",LinkedIn (TR),"Sigortam.net'in Junior Growth Hacker pozisyonu, adayın Boğaziçi Endüstri Mühendisliği geçmişi ve P&G ile Getirfinans'ta edindiği büyüme, e-ticaret, SEO ve veri odaklı ürün deneyimleriyle mükemmel derecede örtüşmektedir. Rol tam olarak adayın hedeflediği giriş/junior seviyesindedir.","Büyüme Stratejileri (Growth Hacking), Veri Analitiği ve VoC, E-Ticaret ve SEO Yönetimi, Müşteri Yolculuğu Optimizasyonu, A/B Testi ve Dönüşüm Optimizasyonu",https://tr.linkedin.com/jobs/view/junior-growth-hacker-growth-hacker-at-sigortam-net-4457246277,İncelenecek
6,2026-09-21 11:33:21,73,Growth Manager (AI Health-Tech / Clinical Trials),Massive Bio,"Kadıköy, Istanbul, Türkiye",LinkedIn (TR),Massive Bio bünyesinde Growth Manager (AI Health-Tech / Clinical Trials) pozisyonu. Profil anahtar kelimelerinizle eşleşti.,Growth,https://tr.linkedin.com/jobs/view/growth-manager-ai-health-tech-clinical-trials-at-massive-bio-4451446342,İncelenecek
7,2026-09-21 11:33:21,73,Growth Specialist,Fugo Games,"Sarıyer, Istanbul, Türkiye",LinkedIn (TR),Fugo Games bünyesinde Growth Specialist pozisyonu. Profil anahtar kelimelerinizle eşleşti.,Growth,https://tr.linkedin.com/jobs/view/growth-specialist-at-fugo-games-4453862781,İncelenecek
8,2026-09-21 11:33:21,73,Growth & Marketing Manager,Deloitte,"Istanbul, Türkiye",LinkedIn (TR),Deloitte bünyesinde Growth & Marketing Manager pozisyonu. Profil anahtar kelimelerinizle eşleşti.,Growth,https://tr.linkedin.com/jobs/view/growth-marketing-manager-at-deloitte-4442808021,İncelenecek
9,2026-09-21 11:33:21,73,Growth&CRM Manager,Ticimax,"Ataşehir, Istanbul, Türkiye",LinkedIn (TR),Ticimax bünyesinde Growth&CRM Manager pozisyonu. Profil anahtar kelimelerinizle eşleşti.,Growth,https://tr.linkedin.com/jobs/view/growth-crm-manager-at-ticimax-4445319561,İncelenecek
10,2026-09-21 11:33:21,73,Growth & Digital Marketing Specialist,Cerebrovita,"Sariyer, Istanbul, Türkiye",LinkedIn (TR),Cerebrovita bünyesinde Growth & Digital Marketing Specialist pozisyonu. Profil anahtar kelimelerinizle eşleşti.,Growth,https://tr.linkedin.com/jobs/view/growth-digital-marketing-specialist-at-cerebrovita-4468381897,İncelenecek
11,2026-09-21 11:33:21,73,Growth Specialist - Gaming,Arcustin Games,Greater Istanbul,LinkedIn (TR),Arcustin Games bünyesinde Growth Specialist - Gaming pozisyonu. Profil anahtar kelimelerinizle eşleşti.,Growth,https://tr.linkedin.com/jobs/view/growth-specialist-gaming-at-arcustin-games-4465815722,İncelenecek
12,2026-09-21 11:33:21,73,Growth Specialist,Paxie Games,"Istanbul, Türkiye",LinkedIn (TR),Paxie Games bünyesinde Growth Specialist pozisyonu. Profil anahtar kelimelerinizle eşleşti.,Growth,https://tr.linkedin.com/jobs/view/growth-specialist-at-paxie-games-4433197640,İncelenecek
13,2026-09-21 11:33:21,73,Growth Specialist (New Grad),Agave Games,"Istanbul, Türkiye",LinkedIn (TR),Agave Games bünyesinde Growth Specialist (New Grad) pozisyonu. Profil anahtar kelimelerinizle eşleşti.,Growth,https://tr.linkedin.com/jobs/view/growth-specialist-new-grad-at-agave-games-4465552386,İncelenecek
14,2026-09-21 11:33:21,73,Performance Marketing Specialist,Papcorns,"Kadikoy, Istanbul, Türkiye",LinkedIn (TR),Papcorns bünyesinde Performance Marketing Specialist pozisyonu. Profil anahtar kelimelerinizle eşleşti.,Performance Marketing,https://tr.linkedin.com/jobs/view/performance-marketing-specialist-at-papcorns-4456929899,İncelenecek
15,2026-09-21 11:33:21,30,Growth Manager,Grand Games,"Istanbul, Türkiye",LinkedIn (TR),"Grand Games bünyesindeki 'Growth Manager' pozisyonu, oyun sektöründe kullanıcı kazanımı, performans pazarlaması ve büyüme stratejilerini yönetecek deneyimli profesyonelleri hedefleyen yönetsel/kıdemli bir roldür. Adayın P&G marka yönetimi ve Getirfinans büyüme odaklı staj tecrübeleri bulunsa da, yeni mezun seviyesinde olması nedeniyle 'Manager' seviyesindeki bu rol adayın kariyer aşamasına uygun değildir.","Büyüme Stratejileri, Performans Pazarlaması, Kullanıcı Kazanımı (UA), Veri Analitiği, Pazar Araştırması",https://tr.linkedin.com/jobs/view/growth-manager-at-grand-games-4468655780,İncelenecek
16,2026-09-21 11:33:21,73,Growth Marketer,The Flex,Türkiye,LinkedIn (TR),The Flex bünyesinde Growth Marketer pozisyonu. Profil anahtar kelimelerinizle eşleşti.,Growth,https://tr.linkedin.com/jobs/view/growth-marketer-at-the-flex-4436780314,İncelenecek
17,2026-09-21 11:33:21,73,Growth Marketing Manager (AI-Native),Efsora,"Urla, İzmir, Türkiye",LinkedIn (TR),Efsora bünyesinde Growth Marketing Manager (AI-Native) pozisyonu. Profil anahtar kelimelerinizle eşleşti.,Growth,https://tr.linkedin.com/jobs/view/growth-marketing-manager-ai-native-at-efsora-4466918317,İncelenecek
18,2026-09-21 11:33:21,73,Dijital Kanallar - Growth & Analitik Uzmanı,Koçtaş,"Çekmeköy, Istanbul, Türkiye",LinkedIn (TR),Koçtaş bünyesinde Dijital Kanallar - Growth & Analitik Uzmanı pozisyonu. Profil anahtar kelimelerinizle eşleşti.,Growth,https://tr.linkedin.com/jobs/view/dijital-kanallar-growth-analitik-uzman%C4%B1-at-ko%C3%A7ta%C5%9F-4461167374,İncelenecek
19,2026-09-21 11:33:21,73,Kıdemli Analitik Büyüme Uzmanı,Mikrogrup,"Istanbul, Türkiye",LinkedIn (TR),Mikrogrup bünyesinde Kıdemli Analitik Büyüme Uzmanı pozisyonu. Profil anahtar kelimelerinizle eşleşti.,Büyüme,https://tr.linkedin.com/jobs/view/k%C4%B1demli-analitik-b%C3%BCy%C3%BCme-uzman%C4%B1-at-mikrogrup-4469863265,İncelenecek
20,2026-09-21 11:33:21,90,Product & Growth Analyst,Midas Games,"Istanbul, Istanbul, Türkiye",LinkedIn (TR),"Midas Games'in Product & Growth Analyst pozisyonu, adayın SabancıDx'teki Ürün Yönetimi ve Getirfinans'taki Büyüme/Ürün odaklı staj deneyimleriyle mükemmel şekilde örtüşmektedir. Analist seviyesindeki bu rol, Boğaziçi Endüstri Mühendisliği geçmişi olan ve veri analitiğiyle ürün büyümesini birleştiren bir profil için oldukça idealdir.","Product Management, Growth Analytics, Veri Analizi, Kullanıcı Deneyimi (UX), A/B Testi ve Metrik Takibi, Pazar ve Rakip Analizi",https://tr.linkedin.com/jobs/view/product-growth-analyst-at-midas-games-4462222173,İncelenecek
21,2026-09-21 11:33:21,82,Growth Product Manager,Assistant App,Greater Istanbul,LinkedIn (TR),"İlan, büyüme ve ürün yönetimi dinamiklerini birleştiren bir Growth Product Manager pozisyonudur. Adayın Getirfinans'ta yapay zeka asistanları, CX ve büyüme ekipleriyle çalışması ve SabancıDx'teki Ürün Yönetimi stajı bu rol için oldukça güçlü bir temel sunmaktadır.","Product Management, Growth Strategies, Customer Journey Mapping, AI Assistants & Deployments, Data Analysis & VoC, SEO & Digital Visibility",https://tr.linkedin.com/jobs/view/growth-product-manager-at-assistant-app-4430236743,İncelenecek
22,2026-09-21 11:33:21,83,Growth Product Manager,Infoset,"Istanbul, Türkiye",LinkedIn (TR),"Infoset bünyesindeki Growth Product Manager rolü; ürün yönetimi, büyüme stratejileri ve analitik bakış açısını bir araya getirmektedir. Adayın SabancıDx'teki Ürün Yönetimi, Getirfinans'ta Growth ve Product ekipleriyle yürüttüğü çalışmalar ve P&G'deki büyüme stratejisi deneyimleri bu pozisyonla güçlü bir uyum sergilemektedir.","Product Management, Growth Strategy, Customer Journey & UX, Data-driven Decision Making, Cross-functional Collaboration, SEO & Digital Visibility",https://tr.linkedin.com/jobs/view/growth-product-manager-at-infoset-4447139233,İncelenecek
1,2026-09-21 19:49:40,25,Growth Manager,TikTak,"Kagithane, Istanbul, Türkiye",LinkedIn (TR),"TikTak bünyesindeki Growth Manager rolü, büyüme stratejilerini ve bütçeleri doğrudan yönetecek seviyede deneyimli profesyonelleri hedefleyen yönetsel bir pozisyondur. Adayın P&G ve Getirfinans'ta büyüme ve marka üzerine staj deneyimleri bulunsa da henüz yeni mezun seviyesinde olması nedeniyle kıdem gereksinimini karşılamamaktadır.","Growth Marketing, Veri Analitiği, Kullanıcı Kazanımı (User Acquisition), Pazar ve Rakip Analizi, Müşteri Yolculuğu Optimizasyonu",https://tr.linkedin.com/jobs/view/growth-manager-at-tiktak-4467188138,İncelenecek
2,2026-09-21 19:49:40,73,Growth Marketing Specialist,Gamegos,"Istanbul, Türkiye",LinkedIn (TR),Gamegos bünyesinde Growth Marketing Specialist pozisyonu. Profil anahtar kelimelerinizle eşleşti.,Growth,https://tr.linkedin.com/jobs/view/growth-marketing-specialist-at-gamegos-4466205359,İncelenecek
3,2026-09-21 19:49:40,73,Growth Manager,Rollic,"Istanbul, Türkiye",LinkedIn (TR),Rollic bünyesinde Growth Manager pozisyonu. Profil anahtar kelimelerinizle eşleşti.,Growth,https://tr.linkedin.com/jobs/view/growth-manager-at-rollic-4418746792,İncelenecek
4,2026-09-21 19:49:40,73,SaaS Growth Strategist (AI-Native),Vizio AI,Greater Istanbul,LinkedIn (TR),Vizio AI bünyesinde SaaS Growth Strategist (AI-Native) pozisyonu. Profil anahtar kelimelerinizle eşleşti.,Growth,https://tr.linkedin.com/jobs/view/saas-growth-strategist-ai-native-at-vizio-ai-4458852211,İncelenecek
5,2026-09-21 19:49:40,73,Junior Growth Hacker / Growth Hacker,Sigortam.net,"Istanbul, Türkiye",LinkedIn (TR),Sigortam.net bünyesinde Junior Growth Hacker / Growth Hacker pozisyonu. Profil anahtar kelimelerinizle eşleşti.,Growth,https://tr.linkedin.com/jobs/view/junior-growth-hacker-growth-hacker-at-sigortam-net-4457246277,İncelenecek
6,2026-09-21 19:49:40,73,Growth Manager (AI Health-Tech / Clinical Trials),Massive Bio,"Kadıköy, Istanbul, Türkiye",LinkedIn (TR),Massive Bio bünyesinde Growth Manager (AI Health-Tech / Clinical Trials) pozisyonu. Profil anahtar kelimelerinizle eşleşti.,Growth,https://tr.linkedin.com/jobs/view/growth-manager-ai-health-tech-clinical-trials-at-massive-bio-4451446342,İncelenecek
7,2026-09-21 19:49:40,73,Growth Specialist,Fugo Games,"Sarıyer, Istanbul, Türkiye",LinkedIn (TR),Fugo Games bünyesinde Growth Specialist pozisyonu. Profil anahtar kelimelerinizle eşleşti.,Growth,https://tr.linkedin.com/jobs/view/growth-specialist-at-fugo-games-4453862781,İncelenecek
8,2026-09-21 19:49:40,73,Growth & Marketing Manager,Deloitte,"Istanbul, Türkiye",LinkedIn (TR),Deloitte bünyesinde Growth & Marketing Manager pozisyonu. Profil anahtar kelimelerinizle eşleşti.,Growth,https://tr.linkedin.com/jobs/view/growth-marketing-manager-at-deloitte-4442808021,İncelenecek
9,2026-09-21 19:49:40,73,Growth&CRM Manager,Ticimax,"Ataşehir, Istanbul, Türkiye",LinkedIn (TR),Ticimax bünyesinde Growth&CRM Manager pozisyonu. Profil anahtar kelimelerinizle eşleşti.,Growth,https://tr.linkedin.com/jobs/view/growth-crm-manager-at-ticimax-4445319561,İncelenecek
10,2026-09-21 19:49:40,73,Growth & Digital Marketing Specialist,Cerebrovita,"Sariyer, Istanbul, Türkiye",LinkedIn (TR),Cerebrovita bünyesinde Growth & Digital Marketing Specialist pozisyonu. Profil anahtar kelimelerinizle eşleşti.,Growth,https://tr.linkedin.com/jobs/view/growth-digital-marketing-specialist-at-cerebrovita-4468381897,İncelenecek
11,2026-09-21 19:49:40,73,Growth Specialist - Gaming,Arcustin Games,Greater Istanbul,LinkedIn (TR),Arcustin Games bünyesinde Growth Specialist - Gaming pozisyonu. Profil anahtar kelimelerinizle eşleşti.,Growth,https://tr.linkedin.com/jobs/view/growth-specialist-gaming-at-arcustin-games-4465815722,İncelenecek
12,2026-09-21 19:49:40,73,Growth Specialist,Paxie Games,"Istanbul, Türkiye",LinkedIn (TR),Paxie Games bünyesinde Growth Specialist pozisyonu. Profil anahtar kelimelerinizle eşleşti.,Growth,https://tr.linkedin.com/jobs/view/growth-specialist-at-paxie-games-4433197640,İncelenecek
13,2026-09-21 19:49:40,73,Growth Specialist (New Grad),Agave Games,"Istanbul, Türkiye",LinkedIn (TR),Agave Games bünyesinde Growth Specialist (New Grad) pozisyonu. Profil anahtar kelimelerinizle eşleşti.,Growth,https://tr.linkedin.com/jobs/view/growth-specialist-new-grad-at-agave-games-4465552386,İncelenecek
14,2026-09-21 19:49:40,73,Performance Marketing Specialist,Papcorns,"Kadikoy, Istanbul, Türkiye",LinkedIn (TR),Papcorns bünyesinde Performance Marketing Specialist pozisyonu. Profil anahtar kelimelerinizle eşleşti.,Performance Marketing,https://tr.linkedin.com/jobs/view/performance-marketing-specialist-at-papcorns-4456929899,İncelenecek
15,2026-09-21 19:49:40,73,Growth Manager,Grand Games,"Istanbul, Türkiye",LinkedIn (TR),Grand Games bünyesinde Growth Manager pozisyonu. Profil anahtar kelimelerinizle eşleşti.,Growth,https://tr.linkedin.com/jobs/view/growth-manager-at-grand-games-4468655780,İncelenecek
16,2026-09-21 19:49:40,73,Growth Marketer,The Flex,Türkiye,LinkedIn (TR),The Flex bünyesinde Growth Marketer pozisyonu. Profil anahtar kelimelerinizle eşleşti.,Growth,https://tr.linkedin.com/jobs/view/growth-marketer-at-the-flex-4436780314,İncelenecek
17,2026-09-21 19:49:40,73,Growth Marketing Manager (AI-Native),Efsora,"Urla, İzmir, Türkiye",LinkedIn (TR),Efsora bünyesinde Growth Marketing Manager (AI-Native) pozisyonu. Profil anahtar kelimelerinizle eşleşti.,Growth,https://tr.linkedin.com/jobs/view/growth-marketing-manager-ai-native-at-efsora-4466918317,İncelenecek
18,2026-09-21 19:49:40,73,Dijital Kanallar - Growth & Analitik Uzmanı,Koçtaş,"Çekmeköy, Istanbul, Türkiye",LinkedIn (TR),Koçtaş bünyesinde Dijital Kanallar - Growth & Analitik Uzmanı pozisyonu. Profil anahtar kelimelerinizle eşleşti.,Growth,https://tr.linkedin.com/jobs/view/dijital-kanallar-growth-analitik-uzman%C4%B1-at-ko%C3%A7ta%C5%9F-4461167374,İncelenecek
19,2026-09-21 19:49:40,73,Kıdemli Analitik Büyüme Uzmanı,Mikrogrup,"Istanbul, Türkiye",LinkedIn (TR),Mikrogrup bünyesinde Kıdemli Analitik Büyüme Uzmanı pozisyonu. Profil anahtar kelimelerinizle eşleşti.,Büyüme,https://tr.linkedin.com/jobs/view/k%C4%B1demli-analitik-b%C3%BCy%C3%BCme-uzman%C4%B1-at-mikrogrup-4469863265,İncelenecek
20,2026-09-21 19:49:40,73,Product & Growth Analyst,Midas Games,"Istanbul, Istanbul, Türkiye",LinkedIn (TR),Midas Games bünyesinde Product & Growth Analyst pozisyonu. Profil anahtar kelimelerinizle eşleşti.,Growth,https://tr.linkedin.com/jobs/view/product-growth-analyst-at-midas-games-4462222173,İncelenecek
21,2026-09-21 19:49:40,73,Growth Product Manager,Assistant App,Greater Istanbul,LinkedIn (TR),Assistant App bünyesinde Growth Product Manager pozisyonu. Profil anahtar kelimelerinizle eşleşti.,Growth,https://tr.linkedin.com/jobs/view/growth-product-manager-at-assistant-app-4430236743,İncelenecek
22,2026-09-21 19:49:40,73,Growth Product Manager,Infoset,"Istanbul, Türkiye",LinkedIn (TR),Infoset bünyesinde Growth Product Manager pozisyonu. Profil anahtar kelimelerinizle eşleşti.,Growth,https://tr.linkedin.com/jobs/view/growth-product-manager-at-infoset-4447139233,İncelenecek
23,2026-09-21 19:49:40,73,Growth Manager - New Grad,Good Job Games,"Istanbul, Türkiye",LinkedIn (TR),Good Job Games bünyesinde Growth Manager - New Grad pozisyonu. Profil anahtar kelimelerinizle eşleşti.,Growth,https://tr.linkedin.com/jobs/view/growth-manager-new-grad-at-good-job-games-4446577248,İncelenecek
1,2026-09-22 10:39:43,30,Growth Manager,TikTak,"Kagithane, Istanbul, Türkiye",LinkedIn (TR),"TikTak bünyesindeki 'Growth Manager' pozisyonu, doğrudan ekip ve strateji yönetimi gerektiren orta/üst düzey (Manager) bir roldür. Adayın P&G ve Getirfinans'ta büyüme ve ürün odaklı değerli staj deneyimleri bulunsa da, henüz yeni mezun seviyesinde olması nedeniyle yönetsel ve kıdem gereksinimleri açısından pozisyona uygun değildir.","Growth Stratejileri, Kullanıcı Deneyimi ve Yolculuğu, Veri Analitiği, Dijital Pazarlama ve SEO, İş Geliştirme",https://tr.linkedin.com/jobs/view/growth-manager-at-tiktak-4467188138,İncelenecek
2,2026-09-22 10:39:43,73,Growth Marketing Specialist,Gamegos,"Istanbul, Türkiye",LinkedIn (TR),Gamegos bünyesinde Growth Marketing Specialist pozisyonu. Profil anahtar kelimelerinizle eşleşti.,Growth,https://tr.linkedin.com/jobs/view/growth-marketing-specialist-at-gamegos-4466205359,İncelenecek
3,2026-09-22 10:39:43,30,Growth Manager,Rollic,"Istanbul, Türkiye",LinkedIn (TR),"Rollic'teki Growth Manager pozisyonu, mobil oyun sektöründe kullanıcı edinimi (UA), performans pazarlaması ve bütçe yönetimini yönetecek deneyimli ve kıdemli profesyonellere yönelik yönetsel bir roldür. Adayın güçlü bir akademik geçmişi ve P&G ile Getirfinans gibi şirketlerde değerli büyüme/pazarlama staj deneyimleri bulunsa da yeni mezun seviyesinde olması nedeniyle bu pozisyonun kıdem gereksinimini karşılamamaktadır.","Growth Marketing, User Acquisition (UA), Veri Analitiği, Pazar Analizi, A/B Testi ve Optimizasyon",https://tr.linkedin.com/jobs/view/growth-manager-at-rollic-4418746792,İncelenecek
4,2026-09-22 10:39:43,88,SaaS Growth Strategist (AI-Native),Vizio AI,Greater Istanbul,LinkedIn (TR),"Vizio AI'ın SaaS Growth Strategist (AI-Native) pozisyonu, adayın Getirfinans'ta yapay zeka asistanları ve büyüme (Growth) odaklı müşteri deneyimi tecrübesi ile P&G ve Buluttan'daki pazar büyüme stratejisi geçmişiyle mükemmel bir uyum sergilemektedir. Adayın Boğaziçi Endüstri Mühendisliği analitik altyapısı ve yenilikçi girişimcilik ekosistemi deneyimleri (Stanford d.school, QNB) bu AI-native SaaS rolü için adayı çok güçlü bir profil yapmaktadır.","SaaS Büyüme Stratejisi (Growth Strategy), Yapay Zeka Destekli Ürün / Çözümler (AI-Native), Pazar ve Rakip Analizi, Müşteri Deneyimi (CX) ve VoC Analitiği, İş Geliştirme ve Müşteri İlişkileri Yönetimi",https://tr.linkedin.com/jobs/view/saas-growth-strategist-ai-native-at-vizio-ai-4458852211,İncelenecek
5,2026-09-22 10:39:43,73,Junior Growth Hacker / Growth Hacker,Sigortam.net,"Istanbul, Türkiye",LinkedIn (TR),Sigortam.net bünyesinde Junior Growth Hacker / Growth Hacker pozisyonu. Profil anahtar kelimelerinizle eşleşti.,Growth,https://tr.linkedin.com/jobs/view/junior-growth-hacker-growth-hacker-at-sigortam-net-4457246277,İncelenecek
6,2026-09-22 10:39:43,73,Growth Manager (AI Health-Tech / Clinical Trials),Massive Bio,"Kadıköy, Istanbul, Türkiye",LinkedIn (TR),Massive Bio bünyesinde Growth Manager (AI Health-Tech / Clinical Trials) pozisyonu. Profil anahtar kelimelerinizle eşleşti.,Growth,https://tr.linkedin.com/jobs/view/growth-manager-ai-health-tech-clinical-trials-at-massive-bio-4451446342,İncelenecek
7,2026-09-22 10:39:43,73,Growth Specialist,Fugo Games,"Sarıyer, Istanbul, Türkiye",LinkedIn (TR),Fugo Games bünyesinde Growth Specialist pozisyonu. Profil anahtar kelimelerinizle eşleşti.,Growth,https://tr.linkedin.com/jobs/view/growth-specialist-at-fugo-games-4453862781,İncelenecek
8,2026-09-22 10:39:43,73,Growth & Marketing Manager,Deloitte,"Istanbul, Türkiye",LinkedIn (TR),Deloitte bünyesinde Growth & Marketing Manager pozisyonu. Profil anahtar kelimelerinizle eşleşti.,Growth,https://tr.linkedin.com/jobs/view/growth-marketing-manager-at-deloitte-4442808021,İncelenecek
9,2026-09-22 10:39:43,73,Growth&CRM Manager,Ticimax,"Ataşehir, Istanbul, Türkiye",LinkedIn (TR),Ticimax bünyesinde Growth&CRM Manager pozisyonu. Profil anahtar kelimelerinizle eşleşti.,Growth,https://tr.linkedin.com/jobs/view/growth-crm-manager-at-ticimax-4445319561,İncelenecek
10,2026-09-22 10:39:43,88,Growth & Digital Marketing Specialist,Cerebrovita,"Sariyer, Istanbul, Türkiye",LinkedIn (TR),"Cerebrovita'nın Growth & Digital Marketing Specialist pozisyonu, adayın P&G'deki marka büyütme ve dijital görünürlük (SEO/E-ticaret) deneyimleri ile Getirfinans'taki büyüme odaklı müşteri analitiği geçmişiyle oldukça iyi örtüşmektedir. Ayrıca adayın Sarıyer'de ikamet etmesi hibrit çalışma modeli açısından lokasyon avantajı sağlamaktadır.","Growth Marketing, SEO & Digital Visibility, E-Commerce Strategies, Data-Driven Growth, Customer Insights & VoC",https://tr.linkedin.com/jobs/view/growth-digital-marketing-specialist-at-cerebrovita-4468381897,İncelenecek
11,2026-09-22 10:39:43,73,Growth Specialist - Gaming,Arcustin Games,Greater Istanbul,LinkedIn (TR),Arcustin Games bünyesinde Growth Specialist - Gaming pozisyonu. Profil anahtar kelimelerinizle eşleşti.,Growth,https://tr.linkedin.com/jobs/view/growth-specialist-gaming-at-arcustin-games-4465815722,İncelenecek
12,2026-09-22 10:39:43,73,Growth Specialist,Paxie Games,"Istanbul, Türkiye",LinkedIn (TR),Paxie Games bünyesinde Growth Specialist pozisyonu. Profil anahtar kelimelerinizle eşleşti.,Growth,https://tr.linkedin.com/jobs/view/growth-specialist-at-paxie-games-4433197640,İncelenecek
13,2026-09-22 10:39:43,73,Growth Specialist (New Grad),Agave Games,"Istanbul, Türkiye",LinkedIn (TR),Agave Games bünyesinde Growth Specialist (New Grad) pozisyonu. Profil anahtar kelimelerinizle eşleşti.,Growth,https://tr.linkedin.com/jobs/view/growth-specialist-new-grad-at-agave-games-4465552386,İncelenecek
14,2026-09-22 10:39:43,73,Dijital Kanallar - Growth & Analitik Uzmanı,Koçtaş,"Çekmeköy, Istanbul, Türkiye",LinkedIn (TR),Koçtaş bünyesinde Dijital Kanallar - Growth & Analitik Uzmanı pozisyonu. Profil anahtar kelimelerinizle eşleşti.,Growth,https://tr.linkedin.com/jobs/view/dijital-kanallar-growth-analitik-uzman%C4%B1-at-ko%C3%A7ta%C5%9F-4461167374,İncelenecek
15,2026-09-22 10:39:43,73,Performance Marketing Specialist,Papcorns,"Kadikoy, Istanbul, Türkiye",LinkedIn (TR),Papcorns bünyesinde Performance Marketing Specialist pozisyonu. Profil anahtar kelimelerinizle eşleşti.,Performance Marketing,https://tr.linkedin.com/jobs/view/performance-marketing-specialist-at-papcorns-4456929899,İncelenecek
16,2026-09-22 10:39:43,30,Growth Manager,Grand Games,"Istanbul, Türkiye",LinkedIn (TR),"Grand Games bünyesindeki Growth Manager pozisyonu, mobil oyun ekosisteminde kullanıcı edinimi (UA) ve büyüme stratejilerini yönetecek deneyimli profesyonelleri hedefleyen yönetsel bir roldür. Adayın P&G ve Getirfinans'taki büyüme odaklı staj deneyimleri çok kıymetli olsa da henüz son sınıf/yeni mezun seviyesinde olması ve mobil oyun sektörüne özel tecrübesinin bulunmaması nedeniyle yönetici seviyesindeki bu rol adayın profiline uygun değildir.","Growth Marketing, User Acquisition (UA), Performans Pazarlaması, Veri Analitiği, Mobil Oyun Büyüme Stratejileri",https://tr.linkedin.com/jobs/view/growth-manager-at-grand-games-4468655780,İncelenecek
17,2026-09-22 10:39:43,73,Growth Marketer,The Flex,Türkiye,LinkedIn (TR),The Flex bünyesinde Growth Marketer pozisyonu. Profil anahtar kelimelerinizle eşleşti.,Growth,https://tr.linkedin.com/jobs/view/growth-marketer-at-the-flex-4436780314,İncelenecek
18,2026-09-22 10:39:43,73,Growth Marketing Manager (AI-Native),Efsora,"Urla, İzmir, Türkiye",LinkedIn (TR),Efsora bünyesinde Growth Marketing Manager (AI-Native) pozisyonu. Profil anahtar kelimelerinizle eşleşti.,Growth,https://tr.linkedin.com/jobs/view/growth-marketing-manager-ai-native-at-efsora-4466918317,İncelenecek
19,2026-09-22 10:39:43,25,Kıdemli Analitik Büyüme Uzmanı,Mikrogrup,"Istanbul, Türkiye",LinkedIn (TR),"İlan Mikrogrup bünyesinde 'Kıdemli Analitik Büyüme Uzmanı' (Senior Analytical Growth Specialist) pozisyonu için açılmıştır. Aday henüz yeni mezun aşamasında olup stajyer/junior seviyesinde olduğundan, kıdemli (senior) tecrübe beklentisi taşıyan bu pozisyona uygun değildir.","Büyüme Stratejileri (Growth), Veri Analitiği, Kullanıcı/Müşteri Deneyimi Analizi, E-Ticaret ve Dijital Büyüme",https://tr.linkedin.com/jobs/view/k%C4%B1demli-analitik-b%C3%BCy%C3%BCme-uzman%C4%B1-at-mikrogrup-4469863265,İncelenecek
20,2026-09-22 10:39:43,73,Product & Growth Analyst,Midas Games,"Istanbul, Istanbul, Türkiye",LinkedIn (TR),Midas Games bünyesinde Product & Growth Analyst pozisyonu. Profil anahtar kelimelerinizle eşleşti.,Growth,https://tr.linkedin.com/jobs/view/product-growth-analyst-at-midas-games-4462222173,İncelenecek
21,2026-09-22 10:39:43,73,Growth Product Manager,Assistant App,Greater Istanbul,LinkedIn (TR),Assistant App bünyesinde Growth Product Manager pozisyonu. Profil anahtar kelimelerinizle eşleşti.,Growth,https://tr.linkedin.com/jobs/view/growth-product-manager-at-assistant-app-4430236743,İncelenecek
22,2026-09-22 10:39:43,73,Growth Product Manager,Infoset,"Istanbul, Türkiye",LinkedIn (TR),Infoset bünyesinde Growth Product Manager pozisyonu. Profil anahtar kelimelerinizle eşleşti.,Growth,https://tr.linkedin.com/jobs/view/growth-product-manager-at-infoset-4447139233,İncelenecek
1,2026-09-22 18:26:01,73,Growth Manager,TikTak,"Kagithane, Istanbul, Türkiye",LinkedIn (TR),TikTak bünyesinde Growth Manager pozisyonu. Profil anahtar kelimelerinizle eşleşti.,Growth,https://tr.linkedin.com/jobs/view/growth-manager-at-tiktak-4467188138,İncelenecek
2,2026-09-22 18:26:01,73,Growth Marketing Specialist,Gamegos,"Istanbul, Türkiye",LinkedIn (TR),Gamegos bünyesinde Growth Marketing Specialist pozisyonu. Profil anahtar kelimelerinizle eşleşti.,Growth,https://tr.linkedin.com/jobs/view/growth-marketing-specialist-at-gamegos-4466205359,İncelenecek
3,2026-09-22 18:26:01,73,Growth Manager,Rollic,"Istanbul, Türkiye",LinkedIn (TR),Rollic bünyesinde Growth Manager pozisyonu. Profil anahtar kelimelerinizle eşleşti.,Growth,https://tr.linkedin.com/jobs/view/growth-manager-at-rollic-4418746792,İncelenecek
4,2026-09-22 18:26:01,73,SaaS Growth Strategist (AI-Native),Vizio AI,Greater Istanbul,LinkedIn (TR),Vizio AI bünyesinde SaaS Growth Strategist (AI-Native) pozisyonu. Profil anahtar kelimelerinizle eşleşti.,Growth,https://tr.linkedin.com/jobs/view/saas-growth-strategist-ai-native-at-vizio-ai-4458852211,İncelenecek
5,2026-09-22 18:26:01,73,Junior Growth Hacker / Growth Hacker,Sigortam.net,"Istanbul, Türkiye",LinkedIn (TR),Sigortam.net bünyesinde Junior Growth Hacker / Growth Hacker pozisyonu. Profil anahtar kelimelerinizle eşleşti.,Growth,https://tr.linkedin.com/jobs/view/junior-growth-hacker-growth-hacker-at-sigortam-net-4457246277,İncelenecek
6,2026-09-22 18:26:01,73,Growth Manager (AI Health-Tech / Clinical Trials),Massive Bio,"Kadıköy, Istanbul, Türkiye",LinkedIn (TR),Massive Bio bünyesinde Growth Manager (AI Health-Tech / Clinical Trials) pozisyonu. Profil anahtar kelimelerinizle eşleşti.,Growth,https://tr.linkedin.com/jobs/view/growth-manager-ai-health-tech-clinical-trials-at-massive-bio-4451446342,İncelenecek
7,2026-09-22 18:26:01,73,Growth Specialist,Fugo Games,"Sarıyer, Istanbul, Türkiye",LinkedIn (TR),Fugo Games bünyesinde Growth Specialist pozisyonu. Profil anahtar kelimelerinizle eşleşti.,Growth,https://tr.linkedin.com/jobs/view/growth-specialist-at-fugo-games-4453862781,İncelenecek
8,2026-09-22 18:26:01,73,Growth & Marketing Manager,Deloitte,"Istanbul, Türkiye",LinkedIn (TR),Deloitte bünyesinde Growth & Marketing Manager pozisyonu. Profil anahtar kelimelerinizle eşleşti.,Growth,https://tr.linkedin.com/jobs/view/growth-marketing-manager-at-deloitte-4442808021,İncelenecek
9,2026-09-22 18:26:01,73,Growth&CRM Manager,Ticimax,"Ataşehir, Istanbul, Türkiye",LinkedIn (TR),Ticimax bünyesinde Growth&CRM Manager pozisyonu. Profil anahtar kelimelerinizle eşleşti.,Growth,https://tr.linkedin.com/jobs/view/growth-crm-manager-at-ticimax-4445319561,İncelenecek
10,2026-09-22 18:26:01,73,Growth & Digital Marketing Specialist,Cerebrovita,"Sariyer, Istanbul, Türkiye",LinkedIn (TR),Cerebrovita bünyesinde Growth & Digital Marketing Specialist pozisyonu. Profil anahtar kelimelerinizle eşleşti.,Growth,https://tr.linkedin.com/jobs/view/growth-digital-marketing-specialist-at-cerebrovita-4468381897,İncelenecek
11,2026-09-22 18:26:01,73,Growth Specialist - Gaming,Arcustin Games,Greater Istanbul,LinkedIn (TR),Arcustin Games bünyesinde Growth Specialist - Gaming pozisyonu. Profil anahtar kelimelerinizle eşleşti.,Growth,https://tr.linkedin.com/jobs/view/growth-specialist-gaming-at-arcustin-games-4465815722,İncelenecek
12,2026-09-22 18:26:01,73,Growth Specialist,Paxie Games,"Istanbul, Türkiye",LinkedIn (TR),Paxie Games bünyesinde Growth Specialist pozisyonu. Profil anahtar kelimelerinizle eşleşti.,Growth,https://tr.linkedin.com/jobs/view/growth-specialist-at-paxie-games-4433197640,İncelenecek
13,2026-09-22 18:26:01,73,Growth Specialist (New Grad),Agave Games,"Istanbul, Türkiye",LinkedIn (TR),Agave Games bünyesinde Growth Specialist (New Grad) pozisyonu. Profil anahtar kelimelerinizle eşleşti.,Growth,https://tr.linkedin.com/jobs/view/growth-specialist-new-grad-at-agave-games-4465552386,İncelenecek
14,2026-09-22 18:26:01,73,Dijital Kanallar - Growth & Analitik Uzmanı,Koçtaş,"Çekmeköy, Istanbul, Türkiye",LinkedIn (TR),Koçtaş bünyesinde Dijital Kanallar - Growth & Analitik Uzmanı pozisyonu. Profil anahtar kelimelerinizle eşleşti.,Growth,https://tr.linkedin.com/jobs/view/dijital-kanallar-growth-analitik-uzman%C4%B1-at-ko%C3%A7ta%C5%9F-4461167374,İncelenecek
15,2026-09-22 18:26:01,73,Performance Marketing Specialist,Papcorns,"Kadikoy, Istanbul, Türkiye",LinkedIn (TR),Papcorns bünyesinde Performance Marketing Specialist pozisyonu. Profil anahtar kelimelerinizle eşleşti.,Performance Marketing,https://tr.linkedin.com/jobs/view/performance-marketing-specialist-at-papcorns-4456929899,İncelenecek
16,2026-09-22 18:26:01,73,Growth Manager,Grand Games,"Istanbul, Türkiye",LinkedIn (TR),Grand Games bünyesinde Growth Manager pozisyonu. Profil anahtar kelimelerinizle eşleşti.,Growth,https://tr.linkedin.com/jobs/view/growth-manager-at-grand-games-4468655780,İncelenecek
17,2026-09-22 18:26:01,73,Growth Marketer,The Flex,Türkiye,LinkedIn (TR),The Flex bünyesinde Growth Marketer pozisyonu. Profil anahtar kelimelerinizle eşleşti.,Growth,https://tr.linkedin.com/jobs/view/growth-marketer-at-the-flex-4436780314,İncelenecek
18,2026-09-22 18:26:01,73,Growth Marketing Manager (AI-Native),Efsora,"Urla, İzmir, Türkiye",LinkedIn (TR),Efsora bünyesinde Growth Marketing Manager (AI-Native) pozisyonu. Profil anahtar kelimelerinizle eşleşti.,Growth,https://tr.linkedin.com/jobs/view/growth-marketing-manager-ai-native-at-efsora-4466918317,İncelenecek
19,2026-09-22 18:26:01,73,Kıdemli Analitik Büyüme Uzmanı,Mikrogrup,"Istanbul, Türkiye",LinkedIn (TR),Mikrogrup bünyesinde Kıdemli Analitik Büyüme Uzmanı pozisyonu. Profil anahtar kelimelerinizle eşleşti.,Büyüme,https://tr.linkedin.com/jobs/view/k%C4%B1demli-analitik-b%C3%BCy%C3%BCme-uzman%C4%B1-at-mikrogrup-4469863265,İncelenecek
20,2026-09-22 18:26:01,73,Product & Growth Analyst,Midas Games,"Istanbul, Istanbul, Türkiye",LinkedIn (TR),Midas Games bünyesinde Product & Growth Analyst pozisyonu. Profil anahtar kelimelerinizle eşleşti.,Growth,https://tr.linkedin.com/jobs/view/product-growth-analyst-at-midas-games-4462222173,İncelenecek
21,2026-09-22 18:26:01,73,Growth Product Manager,Assistant App,Greater Istanbul,LinkedIn (TR),Assistant App bünyesinde Growth Product Manager pozisyonu. Profil anahtar kelimelerinizle eşleşti.,Growth,https://tr.linkedin.com/jobs/view/growth-product-manager-at-assistant-app-4430236743,İncelenecek
22,2026-09-22 18:26:01,73,Growth Product Manager,Infoset,"Istanbul, Türkiye",LinkedIn (TR),Infoset bünyesinde Growth Product Manager pozisyonu. Profil anahtar kelimelerinizle eşleşti.,Growth,https://tr.linkedin.com/jobs/view/growth-product-manager-at-infoset-4447139233,İncelenecek
23,2026-09-22 18:26:01,81,Mobile App Marketing & User Acquisition Specialist,GG Tech Teknoloji,"Kadikoy, Istanbul, Türkiye",LinkedIn (TR),GG Tech Teknoloji bünyesinde Mobile App Marketing & User Acquisition Specialist pozisyonu. Profil anahtar kelimelerinizle eşleşti.,"User Acquisition, Acquisition",https://tr.linkedin.com/jobs/view/mobile-app-marketing-user-acquisition-specialist-at-gg-tech-teknoloji-4463480526,İncelenecek
1,2026-09-23 10:31:38,73,Growth Manager,TikTak,"Kagithane, Istanbul, Türkiye",LinkedIn (TR),TikTak bünyesinde Growth Manager pozisyonu. Profil anahtar kelimelerinizle eşleşti.,Growth,https://tr.linkedin.com/jobs/view/growth-manager-at-tiktak-4467188138,İncelenecek
2,2026-09-23 10:31:38,73,Growth Marketing Specialist,Gamegos,"Istanbul, Türkiye",LinkedIn (TR),Gamegos bünyesinde Growth Marketing Specialist pozisyonu. Profil anahtar kelimelerinizle eşleşti.,Growth,https://tr.linkedin.com/jobs/view/growth-marketing-specialist-at-gamegos-4466205359,İncelenecek
3,2026-09-23 10:31:38,73,Growth Manager,Rollic,"Istanbul, Türkiye",LinkedIn (TR),Rollic bünyesinde Growth Manager pozisyonu. Profil anahtar kelimelerinizle eşleşti.,Growth,https://tr.linkedin.com/jobs/view/growth-manager-at-rollic-4418746792,İncelenecek
4,2026-09-23 10:31:38,73,SaaS Growth Strategist (AI-Native),Vizio AI,Greater Istanbul,LinkedIn (TR),Vizio AI bünyesinde SaaS Growth Strategist (AI-Native) pozisyonu. Profil anahtar kelimelerinizle eşleşti.,Growth,https://tr.linkedin.com/jobs/view/saas-growth-strategist-ai-native-at-vizio-ai-4458852211,İncelenecek
5,2026-09-23 10:31:38,73,Junior Growth Hacker / Growth Hacker,Sigortam.net,"Istanbul, Türkiye",LinkedIn (TR),Sigortam.net bünyesinde Junior Growth Hacker / Growth Hacker pozisyonu. Profil anahtar kelimelerinizle eşleşti.,Growth,https://tr.linkedin.com/jobs/view/junior-growth-hacker-growth-hacker-at-sigortam-net-4457246277,İncelenecek
6,2026-09-23 10:31:38,73,Growth Manager (AI Health-Tech / Clinical Trials),Massive Bio,"Kadıköy, Istanbul, Türkiye",LinkedIn (TR),Massive Bio bünyesinde Growth Manager (AI Health-Tech / Clinical Trials) pozisyonu. Profil anahtar kelimelerinizle eşleşti.,Growth,https://tr.linkedin.com/jobs/view/growth-manager-ai-health-tech-clinical-trials-at-massive-bio-4451446342,İncelenecek
7,2026-09-23 10:31:38,73,Growth Specialist,Fugo Games,"Sarıyer, Istanbul, Türkiye",LinkedIn (TR),Fugo Games bünyesinde Growth Specialist pozisyonu. Profil anahtar kelimelerinizle eşleşti.,Growth,https://tr.linkedin.com/jobs/view/growth-specialist-at-fugo-games-4453862781,İncelenecek
8,2026-09-23 10:31:38,73,Growth & Marketing Manager,Deloitte,"Istanbul, Türkiye",LinkedIn (TR),Deloitte bünyesinde Growth & Marketing Manager pozisyonu. Profil anahtar kelimelerinizle eşleşti.,Growth,https://tr.linkedin.com/jobs/view/growth-marketing-manager-at-deloitte-4442808021,İncelenecek
9,2026-09-23 10:31:38,73,Growth&CRM Manager,Ticimax,"Ataşehir, Istanbul, Türkiye",LinkedIn (TR),Ticimax bünyesinde Growth&CRM Manager pozisyonu. Profil anahtar kelimelerinizle eşleşti.,Growth,https://tr.linkedin.com/jobs/view/growth-crm-manager-at-ticimax-4445319561,İncelenecek
10,2026-09-23 10:31:38,73,Growth & Digital Marketing Specialist,Cerebrovita,"Sariyer, Istanbul, Türkiye",LinkedIn (TR),Cerebrovita bünyesinde Growth & Digital Marketing Specialist pozisyonu. Profil anahtar kelimelerinizle eşleşti.,Growth,https://tr.linkedin.com/jobs/view/growth-digital-marketing-specialist-at-cerebrovita-4468381897,İncelenecek
11,2026-09-23 10:31:38,73,Growth Specialist,Paxie Games,"Istanbul, Türkiye",LinkedIn (TR),Paxie Games bünyesinde Growth Specialist pozisyonu. Profil anahtar kelimelerinizle eşleşti.,Growth,https://tr.linkedin.com/jobs/view/growth-specialist-at-paxie-games-4433197640,İncelenecek
12,2026-09-23 10:31:38,73,Growth Specialist (New Grad),Agave Games,"Istanbul, Türkiye",LinkedIn (TR),Agave Games bünyesinde Growth Specialist (New Grad) pozisyonu. Profil anahtar kelimelerinizle eşleşti.,Growth,https://tr.linkedin.com/jobs/view/growth-specialist-new-grad-at-agave-games-4465552386,İncelenecek
13,2026-09-23 10:31:38,73,Dijital Kanallar - Growth & Analitik Uzmanı,Koçtaş,"Çekmeköy, Istanbul, Türkiye",LinkedIn (TR),Koçtaş bünyesinde Dijital Kanallar - Growth & Analitik Uzmanı pozisyonu. Profil anahtar kelimelerinizle eşleşti.,Growth,https://tr.linkedin.com/jobs/view/dijital-kanallar-growth-analitik-uzman%C4%B1-at-ko%C3%A7ta%C5%9F-4461167374,İncelenecek
14,2026-09-23 10:31:38,73,Performance Marketing Specialist,Papcorns,"Kadikoy, Istanbul, Türkiye",LinkedIn (TR),Papcorns bünyesinde Performance Marketing Specialist pozisyonu. Profil anahtar kelimelerinizle eşleşti.,Performance Marketing,https://tr.linkedin.com/jobs/view/performance-marketing-specialist-at-papcorns-4456929899,İncelenecek
15,2026-09-23 10:31:38,73,Growth Manager,Grand Games,"Istanbul, Türkiye",LinkedIn (TR),Grand Games bünyesinde Growth Manager pozisyonu. Profil anahtar kelimelerinizle eşleşti.,Growth,https://tr.linkedin.com/jobs/view/growth-manager-at-grand-games-4468655780,İncelenecek
16,2026-09-23 10:31:38,73,Growth Marketer,The Flex,Türkiye,LinkedIn (TR),The Flex bünyesinde Growth Marketer pozisyonu. Profil anahtar kelimelerinizle eşleşti.,Growth,https://tr.linkedin.com/jobs/view/growth-marketer-at-the-flex-4436780314,İncelenecek
17,2026-09-23 10:31:38,73,Growth Marketing Manager (AI-Native),Efsora,"Urla, İzmir, Türkiye",LinkedIn (TR),Efsora bünyesinde Growth Marketing Manager (AI-Native) pozisyonu. Profil anahtar kelimelerinizle eşleşti.,Growth,https://tr.linkedin.com/jobs/view/growth-marketing-manager-ai-native-at-efsora-4466918317,İncelenecek
18,2026-09-23 10:31:38,73,Kıdemli Analitik Büyüme Uzmanı,Mikrogrup,"Istanbul, Türkiye",LinkedIn (TR),Mikrogrup bünyesinde Kıdemli Analitik Büyüme Uzmanı pozisyonu. Profil anahtar kelimelerinizle eşleşti.,Büyüme,https://tr.linkedin.com/jobs/view/k%C4%B1demli-analitik-b%C3%BCy%C3%BCme-uzman%C4%B1-at-mikrogrup-4469863265,İncelenecek
19,2026-09-23 10:31:38,73,Product & Growth Analyst,Midas Games,"Istanbul, Istanbul, Türkiye",LinkedIn (TR),Midas Games bünyesinde Product & Growth Analyst pozisyonu. Profil anahtar kelimelerinizle eşleşti.,Growth,https://tr.linkedin.com/jobs/view/product-growth-analyst-at-midas-games-4462222173,İncelenecek
20,2026-09-23 10:31:38,73,Growth Product Manager,Assistant App,Greater Istanbul,LinkedIn (TR),Assistant App bünyesinde Growth Product Manager pozisyonu. Profil anahtar kelimelerinizle eşleşti.,Growth,https://tr.linkedin.com/jobs/view/growth-product-manager-at-assistant-app-4430236743,İncelenecek
21,2026-09-23 10:31:38,73,Growth Product Manager,Infoset,"Istanbul, Türkiye",LinkedIn (TR),Infoset bünyesinde Growth Product Manager pozisyonu. Profil anahtar kelimelerinizle eşleşti.,Growth,https://tr.linkedin.com/jobs/view/growth-product-manager-at-infoset-4447139233,İncelenecek
22,2026-09-23 10:31:38,81,Mobile App Marketing & User Acquisition Specialist,GG Tech Teknoloji,"Kadikoy, Istanbul, Türkiye",LinkedIn (TR),GG Tech Teknoloji bünyesinde Mobile App Marketing & User Acquisition Specialist pozisyonu. Profil anahtar kelimelerinizle eşleşti.,"User Acquisition, Acquisition",https://tr.linkedin.com/jobs/view/mobile-app-marketing-user-acquisition-specialist-at-gg-tech-teknoloji-4463480526,İncelenecek
23,2026-09-23 10:31:38,73,Product Led Growth Manager,Jobgether,Türkiye,LinkedIn (TR),Jobgether bünyesinde Product Led Growth Manager pozisyonu. Profil anahtar kelimelerinizle eşleşti.,Growth,https://tr.linkedin.com/jobs/view/product-led-growth-manager-at-jobgether-4469415929,İncelenecek
24,2026-09-23 10:31:38,73,Product Growth (apps),Aperture,Türkiye,LinkedIn (TR),Aperture bünyesinde Product Growth (apps) pozisyonu. Profil anahtar kelimelerinizle eşleşti.,Growth,https://tr.linkedin.com/jobs/view/product-growth-apps-at-aperture-4422404759,İncelenecek
25,2026-09-23 10:31:38,73,Product Growth (Monetisation) Manager,Aperture,Türkiye,LinkedIn (TR),Aperture bünyesinde Product Growth (Monetisation) Manager pozisyonu. Profil anahtar kelimelerinizle eşleşti.,Growth,https://tr.linkedin.com/jobs/view/product-growth-monetisation-manager-at-aperture-4451353509,İncelenecek
1,2026-09-23 18:45:13,73,Growth Manager,TikTak,"Kagithane, Istanbul, Türkiye",LinkedIn (TR),TikTak bünyesinde Growth Manager pozisyonu. Profil anahtar kelimelerinizle eşleşti.,Growth,https://tr.linkedin.com/jobs/view/growth-manager-at-tiktak-4467188138,İncelenecek
2,2026-09-23 18:45:13,73,Growth Marketing Specialist,Gamegos,"Istanbul, Türkiye",LinkedIn (TR),Gamegos bünyesinde Growth Marketing Specialist pozisyonu. Profil anahtar kelimelerinizle eşleşti.,Growth,https://tr.linkedin.com/jobs/view/growth-marketing-specialist-at-gamegos-4466205359,İncelenecek
3,2026-09-23 18:45:13,73,Growth Manager,Rollic,"Istanbul, Türkiye",LinkedIn (TR),Rollic bünyesinde Growth Manager pozisyonu. Profil anahtar kelimelerinizle eşleşti.,Growth,https://tr.linkedin.com/jobs/view/growth-manager-at-rollic-4418746792,İncelenecek
4,2026-09-23 18:45:13,73,SaaS Growth Strategist (AI-Native),Vizio AI,Greater Istanbul,LinkedIn (TR),Vizio AI bünyesinde SaaS Growth Strategist (AI-Native) pozisyonu. Profil anahtar kelimelerinizle eşleşti.,Growth,https://tr.linkedin.com/jobs/view/saas-growth-strategist-ai-native-at-vizio-ai-4458852211,İncelenecek
5,2026-09-23 18:45:13,73,Junior Growth Hacker / Growth Hacker,Sigortam.net,"Istanbul, Türkiye",LinkedIn (TR),Sigortam.net bünyesinde Junior Growth Hacker / Growth Hacker pozisyonu. Profil anahtar kelimelerinizle eşleşti.,Growth,https://tr.linkedin.com/jobs/view/junior-growth-hacker-growth-hacker-at-sigortam-net-4457246277,İncelenecek
6,2026-09-23 18:45:13,73,Growth Manager (AI Health-Tech / Clinical Trials),Massive Bio,"Kadıköy, Istanbul, Türkiye",LinkedIn (TR),Massive Bio bünyesinde Growth Manager (AI Health-Tech / Clinical Trials) pozisyonu. Profil anahtar kelimelerinizle eşleşti.,Growth,https://tr.linkedin.com/jobs/view/growth-manager-ai-health-tech-clinical-trials-at-massive-bio-4451446342,İncelenecek
7,2026-09-23 18:45:13,73,Growth Specialist / Dijital Pazarlama Uzmanı,Melontik,"Kadikoy, Istanbul, Türkiye",LinkedIn (TR),Melontik bünyesinde Growth Specialist / Dijital Pazarlama Uzmanı pozisyonu. Profil anahtar kelimelerinizle eşleşti.,Growth,https://tr.linkedin.com/jobs/view/growth-specialist-dijital-pazarlama-uzman%C4%B1-at-melontik-4469308954,İncelenecek
8,2026-09-23 18:45:13,73,Growth Specialist,Fugo Games,"Sarıyer, Istanbul, Türkiye",LinkedIn (TR),Fugo Games bünyesinde Growth Specialist pozisyonu. Profil anahtar kelimelerinizle eşleşti.,Growth,https://tr.linkedin.com/jobs/view/growth-specialist-at-fugo-games-4453862781,İncelenecek
9,2026-09-23 18:45:13,73,Growth & Marketing Manager,Deloitte,"Istanbul, Türkiye",LinkedIn (TR),Deloitte bünyesinde Growth & Marketing Manager pozisyonu. Profil anahtar kelimelerinizle eşleşti.,Growth,https://tr.linkedin.com/jobs/view/growth-marketing-manager-at-deloitte-4442808021,İncelenecek
10,2026-09-23 18:45:13,73,Growth & Digital Marketing Specialist,Cerebrovita,"Sariyer, Istanbul, Türkiye",LinkedIn (TR),Cerebrovita bünyesinde Growth & Digital Marketing Specialist pozisyonu. Profil anahtar kelimelerinizle eşleşti.,Growth,https://tr.linkedin.com/jobs/view/growth-digital-marketing-specialist-at-cerebrovita-4468381897,İncelenecek
11,2026-09-23 18:45:13,73,Growth Specialist - Gaming,Arcustin Games,Greater Istanbul,LinkedIn (TR),Arcustin Games bünyesinde Growth Specialist - Gaming pozisyonu. Profil anahtar kelimelerinizle eşleşti.,Growth,https://tr.linkedin.com/jobs/view/growth-specialist-gaming-at-arcustin-games-4465815722,İncelenecek
12,2026-09-23 18:45:13,73,Growth Specialist,Paxie Games,"Istanbul, Türkiye",LinkedIn (TR),Paxie Games bünyesinde Growth Specialist pozisyonu. Profil anahtar kelimelerinizle eşleşti.,Growth,https://tr.linkedin.com/jobs/view/growth-specialist-at-paxie-games-4433197640,İncelenecek
13,2026-09-23 18:45:13,73,Growth Specialist (New Grad),Agave Games,"Istanbul, Türkiye",LinkedIn (TR),Agave Games bünyesinde Growth Specialist (New Grad) pozisyonu. Profil anahtar kelimelerinizle eşleşti.,Growth,https://tr.linkedin.com/jobs/view/growth-specialist-new-grad-at-agave-games-4465552386,İncelenecek
14,2026-09-23 18:45:13,73,Growth Manager,Grand Games,"Istanbul, Türkiye",LinkedIn (TR),Grand Games bünyesinde Growth Manager pozisyonu. Profil anahtar kelimelerinizle eşleşti.,Growth,https://tr.linkedin.com/jobs/view/growth-manager-at-grand-games-4468655780,İncelenecek
15,2026-09-23 18:45:13,73,Founding Growth Marketer,The Flex,Türkiye,LinkedIn (TR),The Flex bünyesinde Founding Growth Marketer pozisyonu. Profil anahtar kelimelerinizle eşleşti.,Growth,https://tr.linkedin.com/jobs/view/founding-growth-marketer-at-the-flex-4471103029,İncelenecek
16,2026-09-23 18:45:13,73,Growth Marketing Manager (AI-Native),Efsora,"Urla, İzmir, Türkiye",LinkedIn (TR),Efsora bünyesinde Growth Marketing Manager (AI-Native) pozisyonu. Profil anahtar kelimelerinizle eşleşti.,Growth,https://tr.linkedin.com/jobs/view/growth-marketing-manager-ai-native-at-efsora-4466918317,İncelenecek
17,2026-09-23 18:45:13,73,Dijital Kanallar - Growth & Analitik Uzmanı,Koçtaş,"Çekmeköy, Istanbul, Türkiye",LinkedIn (TR),Koçtaş bünyesinde Dijital Kanallar - Growth & Analitik Uzmanı pozisyonu. Profil anahtar kelimelerinizle eşleşti.,Growth,https://tr.linkedin.com/jobs/view/dijital-kanallar-growth-analitik-uzman%C4%B1-at-ko%C3%A7ta%C5%9F-4461167374,İncelenecek
18,2026-09-23 18:45:13,73,Kıdemli Analitik Büyüme Uzmanı,Mikrogrup,"Istanbul, Türkiye",LinkedIn (TR),Mikrogrup bünyesinde Kıdemli Analitik Büyüme Uzmanı pozisyonu. Profil anahtar kelimelerinizle eşleşti.,Büyüme,https://tr.linkedin.com/jobs/view/k%C4%B1demli-analitik-b%C3%BCy%C3%BCme-uzman%C4%B1-at-mikrogrup-4469863265,İncelenecek
19,2026-09-23 18:45:13,73,Product & Growth Analyst,Midas Games,"Istanbul, Istanbul, Türkiye",LinkedIn (TR),Midas Games bünyesinde Product & Growth Analyst pozisyonu. Profil anahtar kelimelerinizle eşleşti.,Growth,https://tr.linkedin.com/jobs/view/product-growth-analyst-at-midas-games-4462222173,İncelenecek
20,2026-09-23 18:45:13,73,Growth Product Manager,Assistant App,Greater Istanbul,LinkedIn (TR),Assistant App bünyesinde Growth Product Manager pozisyonu. Profil anahtar kelimelerinizle eşleşti.,Growth,https://tr.linkedin.com/jobs/view/growth-product-manager-at-assistant-app-4430236743,İncelenecek
21,2026-09-23 18:45:13,73,Growth Product Manager,Infoset,"Istanbul, Türkiye",LinkedIn (TR),Infoset bünyesinde Growth Product Manager pozisyonu. Profil anahtar kelimelerinizle eşleşti.,Growth,https://tr.linkedin.com/jobs/view/growth-product-manager-at-infoset-4447139233,İncelenecek
22,2026-09-23 18:45:13,81,Mobile App Marketing & User Acquisition Specialist,GG Tech Teknoloji,"Kadikoy, Istanbul, Türkiye",LinkedIn (TR),GG Tech Teknoloji bünyesinde Mobile App Marketing & User Acquisition Specialist pozisyonu. Profil anahtar kelimelerinizle eşleşti.,"User Acquisition, Acquisition",https://tr.linkedin.com/jobs/view/mobile-app-marketing-user-acquisition-specialist-at-gg-tech-teknoloji-4463480526,İncelenecek
23,2026-09-23 18:45:13,73,Product Led Growth Manager,Jobgether,Türkiye,LinkedIn (TR),Jobgether bünyesinde Product Led Growth Manager pozisyonu. Profil anahtar kelimelerinizle eşleşti.,Growth,https://tr.linkedin.com/jobs/view/product-led-growth-manager-at-jobgether-4469415929,İncelenecek
24,2026-09-23 18:45:13,73,Product Growth (apps),Aperture,Türkiye,LinkedIn (TR),Aperture bünyesinde Product Growth (apps) pozisyonu. Profil anahtar kelimelerinizle eşleşti.,Growth,https://tr.linkedin.com/jobs/view/product-growth-apps-at-aperture-4422404759,İncelenecek
25,2026-09-23 18:45:13,73,Product Growth (Monetisation) Manager,Aperture,Türkiye,LinkedIn (TR),Aperture bünyesinde Product Growth (Monetisation) Manager pozisyonu. Profil anahtar kelimelerinizle eşleşti.,Growth,https://tr.linkedin.com/jobs/view/product-growth-monetisation-manager-at-aperture-4451353509,İncelenecek
1,2026-09-24 10:49:14,73,Growth Manager,TikTak,"Kagithane, Istanbul, Türkiye",LinkedIn (TR),TikTak bünyesinde Growth Manager pozisyonu. Profil anahtar kelimelerinizle eşleşti.,Growth,https://tr.linkedin.com/jobs/view/growth-manager-at-tiktak-4467188138,İncelenecek
2,2026-09-24 10:49:14,73,Growth Marketing Specialist,Gamegos,"Istanbul, Türkiye",LinkedIn (TR),Gamegos bünyesinde Growth Marketing Specialist pozisyonu. Profil anahtar kelimelerinizle eşleşti.,Growth,https://tr.linkedin.com/jobs/view/growth-marketing-specialist-at-gamegos-4466205359,İncelenecek
3,2026-09-24 10:49:14,73,Growth Manager,Rollic,"Istanbul, Türkiye",LinkedIn (TR),Rollic bünyesinde Growth Manager pozisyonu. Profil anahtar kelimelerinizle eşleşti.,Growth,https://tr.linkedin.com/jobs/view/growth-manager-at-rollic-4418746792,İncelenecek
4,2026-09-24 10:49:14,73,SaaS Growth Strategist (AI-Native),Vizio AI,Greater Istanbul,LinkedIn (TR),Vizio AI bünyesinde SaaS Growth Strategist (AI-Native) pozisyonu. Profil anahtar kelimelerinizle eşleşti.,Growth,https://tr.linkedin.com/jobs/view/saas-growth-strategist-ai-native-at-vizio-ai-4458852211,İncelenecek
5,2026-09-24 10:49:14,73,Junior Growth Hacker / Growth Hacker,Sigortam.net,"Istanbul, Türkiye",LinkedIn (TR),Sigortam.net bünyesinde Junior Growth Hacker / Growth Hacker pozisyonu. Profil anahtar kelimelerinizle eşleşti.,Growth,https://tr.linkedin.com/jobs/view/junior-growth-hacker-growth-hacker-at-sigortam-net-4457246277,İncelenecek
6,2026-09-24 10:49:14,73,Growth Manager (AI Health-Tech / Clinical Trials),Massive Bio,"Kadıköy, Istanbul, Türkiye",LinkedIn (TR),Massive Bio bünyesinde Growth Manager (AI Health-Tech / Clinical Trials) pozisyonu. Profil anahtar kelimelerinizle eşleşti.,Growth,https://tr.linkedin.com/jobs/view/growth-manager-ai-health-tech-clinical-trials-at-massive-bio-4451446342,İncelenecek
7,2026-09-24 10:49:14,73,Growth Specialist / Dijital Pazarlama Uzmanı,Melontik,"Kadikoy, Istanbul, Türkiye",LinkedIn (TR),Melontik bünyesinde Growth Specialist / Dijital Pazarlama Uzmanı pozisyonu. Profil anahtar kelimelerinizle eşleşti.,Growth,https://tr.linkedin.com/jobs/view/growth-specialist-dijital-pazarlama-uzman%C4%B1-at-melontik-4469308954,İncelenecek
8,2026-09-24 10:49:14,73,Growth Specialist,Fugo Games,"Sarıyer, Istanbul, Türkiye",LinkedIn (TR),Fugo Games bünyesinde Growth Specialist pozisyonu. Profil anahtar kelimelerinizle eşleşti.,Growth,https://tr.linkedin.com/jobs/view/growth-specialist-at-fugo-games-4453862781,İncelenecek
9,2026-09-24 10:49:14,73,Growth & Marketing Manager,Deloitte,"Istanbul, Türkiye",LinkedIn (TR),Deloitte bünyesinde Growth & Marketing Manager pozisyonu. Profil anahtar kelimelerinizle eşleşti.,Growth,https://tr.linkedin.com/jobs/view/growth-marketing-manager-at-deloitte-4442808021,İncelenecek
10,2026-09-24 10:49:14,73,Growth & Digital Marketing Specialist,Cerebrovita,"Sariyer, Istanbul, Türkiye",LinkedIn (TR),Cerebrovita bünyesinde Growth & Digital Marketing Specialist pozisyonu. Profil anahtar kelimelerinizle eşleşti.,Growth,https://tr.linkedin.com/jobs/view/growth-digital-marketing-specialist-at-cerebrovita-4468381897,İncelenecek
11,2026-09-24 10:49:14,73,Growth Specialist - Gaming,Arcustin Games,Greater Istanbul,LinkedIn (TR),Arcustin Games bünyesinde Growth Specialist - Gaming pozisyonu. Profil anahtar kelimelerinizle eşleşti.,Growth,https://tr.linkedin.com/jobs/view/growth-specialist-gaming-at-arcustin-games-4465815722,İncelenecek
12,2026-09-24 10:49:14,73,Growth Specialist,Paxie Games,"Istanbul, Türkiye",LinkedIn (TR),Paxie Games bünyesinde Growth Specialist pozisyonu. Profil anahtar kelimelerinizle eşleşti.,Growth,https://tr.linkedin.com/jobs/view/growth-specialist-at-paxie-games-4433197640,İncelenecek
13,2026-09-24 10:49:14,73,Growth Specialist (New Grad),Agave Games,"Istanbul, Türkiye",LinkedIn (TR),Agave Games bünyesinde Growth Specialist (New Grad) pozisyonu. Profil anahtar kelimelerinizle eşleşti.,Growth,https://tr.linkedin.com/jobs/view/growth-specialist-new-grad-at-agave-games-4465552386,İncelenecek
14,2026-09-24 10:49:14,73,Growth Manager,Grand Games,"Istanbul, Türkiye",LinkedIn (TR),Grand Games bünyesinde Growth Manager pozisyonu. Profil anahtar kelimelerinizle eşleşti.,Growth,https://tr.linkedin.com/jobs/view/growth-manager-at-grand-games-4468655780,İncelenecek
15,2026-09-24 10:49:14,73,Performance Marketing Manager,Hesapkurdu,Greater Istanbul,LinkedIn (TR),Hesapkurdu bünyesinde Performance Marketing Manager pozisyonu. Profil anahtar kelimelerinizle eşleşti.,Performance Marketing,https://tr.linkedin.com/jobs/view/performance-marketing-manager-at-hesapkurdu-4469304310,İncelenecek
16,2026-09-24 10:49:14,73,Founding Growth Marketer,The Flex,Türkiye,LinkedIn (TR),The Flex bünyesinde Founding Growth Marketer pozisyonu. Profil anahtar kelimelerinizle eşleşti.,Growth,https://tr.linkedin.com/jobs/view/founding-growth-marketer-at-the-flex-4471103029,İncelenecek
17,2026-09-24 10:49:14,73,Growth Marketing Manager (AI-Native),Efsora,"Urla, İzmir, Türkiye",LinkedIn (TR),Efsora bünyesinde Growth Marketing Manager (AI-Native) pozisyonu. Profil anahtar kelimelerinizle eşleşti.,Growth,https://tr.linkedin.com/jobs/view/growth-marketing-manager-ai-native-at-efsora-4466918317,İncelenecek
18,2026-09-24 10:49:14,73,Dijital Kanallar - Growth & Analitik Uzmanı,Koçtaş,"Çekmeköy, Istanbul, Türkiye",LinkedIn (TR),Koçtaş bünyesinde Dijital Kanallar - Growth & Analitik Uzmanı pozisyonu. Profil anahtar kelimelerinizle eşleşti.,Growth,https://tr.linkedin.com/jobs/view/dijital-kanallar-growth-analitik-uzman%C4%B1-at-ko%C3%A7ta%C5%9F-4461167374,İncelenecek
19,2026-09-24 10:49:14,73,Kıdemli Analitik Büyüme Uzmanı,Mikrogrup,"Istanbul, Türkiye",LinkedIn (TR),Mikrogrup bünyesinde Kıdemli Analitik Büyüme Uzmanı pozisyonu. Profil anahtar kelimelerinizle eşleşti.,Büyüme,https://tr.linkedin.com/jobs/view/k%C4%B1demli-analitik-b%C3%BCy%C3%BCme-uzman%C4%B1-at-mikrogrup-4469863265,İncelenecek
20,2026-09-24 10:49:14,73,Product & Growth Analyst,Midas Games,"Istanbul, Istanbul, Türkiye",LinkedIn (TR),Midas Games bünyesinde Product & Growth Analyst pozisyonu. Profil anahtar kelimelerinizle eşleşti.,Growth,https://tr.linkedin.com/jobs/view/product-growth-analyst-at-midas-games-4462222173,İncelenecek
21,2026-09-24 10:49:14,73,Growth Product Manager,Assistant App,Greater Istanbul,LinkedIn (TR),Assistant App bünyesinde Growth Product Manager pozisyonu. Profil anahtar kelimelerinizle eşleşti.,Growth,https://tr.linkedin.com/jobs/view/growth-product-manager-at-assistant-app-4430236743,İncelenecek
22,2026-09-24 10:49:14,73,Growth Product Manager,Infoset,"Istanbul, Türkiye",LinkedIn (TR),Infoset bünyesinde Growth Product Manager pozisyonu. Profil anahtar kelimelerinizle eşleşti.,Growth,https://tr.linkedin.com/jobs/view/growth-product-manager-at-infoset-4447139233,İncelenecek
23,2026-09-24 10:49:14,81,Mobile App Marketing & User Acquisition Specialist,GG Tech Teknoloji,"Kadikoy, Istanbul, Türkiye",LinkedIn (TR),GG Tech Teknoloji bünyesinde Mobile App Marketing & User Acquisition Specialist pozisyonu. Profil anahtar kelimelerinizle eşleşti.,"User Acquisition, Acquisition",https://tr.linkedin.com/jobs/view/mobile-app-marketing-user-acquisition-specialist-at-gg-tech-teknoloji-4463480526,İncelenecek
24,2026-09-24 10:49:14,73,Product Led Growth Manager,Jobgether,Türkiye,LinkedIn (TR),Jobgether bünyesinde Product Led Growth Manager pozisyonu. Profil anahtar kelimelerinizle eşleşti.,Growth,https://tr.linkedin.com/jobs/view/product-led-growth-manager-at-jobgether-4469415929,İncelenecek
25,2026-09-24 10:49:14,73,Product Growth (apps),Aperture,Türkiye,LinkedIn (TR),Aperture bünyesinde Product Growth (apps) pozisyonu. Profil anahtar kelimelerinizle eşleşti.,Growth,https://tr.linkedin.com/jobs/view/product-growth-apps-at-aperture-4422404759,İncelenecek
26,2026-09-24 10:49:14,73,Product Growth (Monetisation) Manager,Aperture,Türkiye,LinkedIn (TR),Aperture bünyesinde Product Growth (Monetisation) Manager pozisyonu. Profil anahtar kelimelerinizle eşleşti.,Growth,https://tr.linkedin.com/jobs/view/product-growth-monetisation-manager-at-aperture-4451353509,İncelenecek
27,2026-09-24 10:49:14,73,Growth&CRM Manager,Ticimax,"Ataşehir, Istanbul, Türkiye",LinkedIn (TR),Ticimax bünyesinde Growth&CRM Manager pozisyonu. Profil anahtar kelimelerinizle eşleşti.,Growth,https://tr.linkedin.com/jobs/view/growth-crm-manager-at-ticimax-4445319561,İncelenecek
28,2026-09-24 10:49:14,73,Performance Marketing Manager - Display Channels,Armut / HomeRun,"Istanbul, Türkiye",LinkedIn (TR),Armut / HomeRun bünyesinde Performance Marketing Manager - Display Channels pozisyonu. Profil anahtar kelimelerinizle eşleşti.,Performance Marketing,https://tr.linkedin.com/jobs/view/performance-marketing-manager-display-channels-at-armut-homerun-4467605131,İncelenecek
1,2026-09-24 18:45:50,73,Growth Manager,TikTak,"Kagithane, Istanbul, Türkiye",LinkedIn (TR),TikTak bünyesinde Growth Manager pozisyonu. Profil anahtar kelimelerinizle eşleşti.,Growth,https://tr.linkedin.com/jobs/view/growth-manager-at-tiktak-4467188138,İncelenecek
2,2026-09-24 18:45:50,73,Growth Marketing Specialist,Gamegos,"Istanbul, Türkiye",LinkedIn (TR),Gamegos bünyesinde Growth Marketing Specialist pozisyonu. Profil anahtar kelimelerinizle eşleşti.,Growth,https://tr.linkedin.com/jobs/view/growth-marketing-specialist-at-gamegos-4466205359,İncelenecek
3,2026-09-24 18:45:50,73,Growth Manager,Rollic,"Istanbul, Türkiye",LinkedIn (TR),Rollic bünyesinde Growth Manager pozisyonu. Profil anahtar kelimelerinizle eşleşti.,Growth,https://tr.linkedin.com/jobs/view/growth-manager-at-rollic-4418746792,İncelenecek
4,2026-09-24 18:45:50,73,SaaS Growth Strategist (AI-Native),Vizio AI,Greater Istanbul,LinkedIn (TR),Vizio AI bünyesinde SaaS Growth Strategist (AI-Native) pozisyonu. Profil anahtar kelimelerinizle eşleşti.,Growth,https://tr.linkedin.com/jobs/view/saas-growth-strategist-ai-native-at-vizio-ai-4458852211,İncelenecek
5,2026-09-24 18:45:50,73,Junior Growth Hacker / Growth Hacker,Sigortam.net,"Istanbul, Türkiye",LinkedIn (TR),Sigortam.net bünyesinde Junior Growth Hacker / Growth Hacker pozisyonu. Profil anahtar kelimelerinizle eşleşti.,Growth,https://tr.linkedin.com/jobs/view/junior-growth-hacker-growth-hacker-at-sigortam-net-4457246277,İncelenecek
6,2026-09-24 18:45:50,73,Growth Specialist / Dijital Pazarlama Uzmanı,Melontik,"Kadikoy, Istanbul, Türkiye",LinkedIn (TR),Melontik bünyesinde Growth Specialist / Dijital Pazarlama Uzmanı pozisyonu. Profil anahtar kelimelerinizle eşleşti.,Growth,https://tr.linkedin.com/jobs/view/growth-specialist-dijital-pazarlama-uzman%C4%B1-at-melontik-4469308954,İncelenecek
7,2026-09-24 18:45:50,73,Growth Specialist,Fugo Games,"Sarıyer, Istanbul, Türkiye",LinkedIn (TR),Fugo Games bünyesinde Growth Specialist pozisyonu. Profil anahtar kelimelerinizle eşleşti.,Growth,https://tr.linkedin.com/jobs/view/growth-specialist-at-fugo-games-4453862781,İncelenecek
8,2026-09-24 18:45:50,73,Growth & Marketing Manager,Deloitte,"Istanbul, Türkiye",LinkedIn (TR),Deloitte bünyesinde Growth & Marketing Manager pozisyonu. Profil anahtar kelimelerinizle eşleşti.,Growth,https://tr.linkedin.com/jobs/view/growth-marketing-manager-at-deloitte-4442808021,İncelenecek
9,2026-09-24 18:45:50,73,Growth&CRM Manager,Ticimax,"Ataşehir, Istanbul, Türkiye",LinkedIn (TR),Ticimax bünyesinde Growth&CRM Manager pozisyonu. Profil anahtar kelimelerinizle eşleşti.,Growth,https://tr.linkedin.com/jobs/view/growth-crm-manager-at-ticimax-4445319561,İncelenecek
10,2026-09-24 18:45:50,73,Growth & Digital Marketing Specialist,Cerebrovita,"Sariyer, Istanbul, Türkiye",LinkedIn (TR),Cerebrovita bünyesinde Growth & Digital Marketing Specialist pozisyonu. Profil anahtar kelimelerinizle eşleşti.,Growth,https://tr.linkedin.com/jobs/view/growth-digital-marketing-specialist-at-cerebrovita-4468381897,İncelenecek
11,2026-09-24 18:45:50,73,Growth Specialist,Paxie Games,"Istanbul, Türkiye",LinkedIn (TR),Paxie Games bünyesinde Growth Specialist pozisyonu. Profil anahtar kelimelerinizle eşleşti.,Growth,https://tr.linkedin.com/jobs/view/growth-specialist-at-paxie-games-4433197640,İncelenecek
12,2026-09-24 18:45:50,73,Growth Specialist (New Grad),Agave Games,"Istanbul, Türkiye",LinkedIn (TR),Agave Games bünyesinde Growth Specialist (New Grad) pozisyonu. Profil anahtar kelimelerinizle eşleşti.,Growth,https://tr.linkedin.com/jobs/view/growth-specialist-new-grad-at-agave-games-4465552386,İncelenecek
13,2026-09-24 18:45:50,73,Dijital Kanallar - Growth & Analitik Uzmanı,Koçtaş,"Çekmeköy, Istanbul, Türkiye",LinkedIn (TR),Koçtaş bünyesinde Dijital Kanallar - Growth & Analitik Uzmanı pozisyonu. Profil anahtar kelimelerinizle eşleşti.,Growth,https://tr.linkedin.com/jobs/view/dijital-kanallar-growth-analitik-uzman%C4%B1-at-ko%C3%A7ta%C5%9F-4461167374,İncelenecek
14,2026-09-24 18:45:50,73,Growth Manager,Grand Games,"Istanbul, Türkiye",LinkedIn (TR),Grand Games bünyesinde Growth Manager pozisyonu. Profil anahtar kelimelerinizle eşleşti.,Growth,https://tr.linkedin.com/jobs/view/growth-manager-at-grand-games-4468655780,İncelenecek
15,2026-09-24 18:45:50,73,Performance Marketing Manager,Hesapkurdu,Greater Istanbul,LinkedIn (TR),Hesapkurdu bünyesinde Performance Marketing Manager pozisyonu. Profil anahtar kelimelerinizle eşleşti.,Performance Marketing,https://tr.linkedin.com/jobs/view/performance-marketing-manager-at-hesapkurdu-4469304310,İncelenecek
16,2026-09-24 18:45:50,73,Founding Growth Marketer,The Flex,Türkiye,LinkedIn (TR),The Flex bünyesinde Founding Growth Marketer pozisyonu. Profil anahtar kelimelerinizle eşleşti.,Growth,https://tr.linkedin.com/jobs/view/founding-growth-marketer-at-the-flex-4471103029,İncelenecek
17,2026-09-24 18:45:50,73,Growth Marketing Manager (AI-Native),Efsora,"Urla, İzmir, Türkiye",LinkedIn (TR),Efsora bünyesinde Growth Marketing Manager (AI-Native) pozisyonu. Profil anahtar kelimelerinizle eşleşti.,Growth,https://tr.linkedin.com/jobs/view/growth-marketing-manager-ai-native-at-efsora-4466918317,İncelenecek
18,2026-09-24 18:45:50,73,Kıdemli Analitik Büyüme Uzmanı,Mikrogrup,"Istanbul, Türkiye",LinkedIn (TR),Mikrogrup bünyesinde Kıdemli Analitik Büyüme Uzmanı pozisyonu. Profil anahtar kelimelerinizle eşleşti.,Büyüme,https://tr.linkedin.com/jobs/view/k%C4%B1demli-analitik-b%C3%BCy%C3%BCme-uzman%C4%B1-at-mikrogrup-4469863265,İncelenecek
19,2026-09-24 18:45:50,73,Product & Growth Analyst,Midas Games,"Istanbul, Istanbul, Türkiye",LinkedIn (TR),Midas Games bünyesinde Product & Growth Analyst pozisyonu. Profil anahtar kelimelerinizle eşleşti.,Growth,https://tr.linkedin.com/jobs/view/product-growth-analyst-at-midas-games-4462222173,İncelenecek
20,2026-09-24 18:45:50,73,Growth Product Manager,Assistant App,Greater Istanbul,LinkedIn (TR),Assistant App bünyesinde Growth Product Manager pozisyonu. Profil anahtar kelimelerinizle eşleşti.,Growth,https://tr.linkedin.com/jobs/view/growth-product-manager-at-assistant-app-4430236743,İncelenecek
21,2026-09-24 18:45:50,73,Growth Product Manager,Infoset,"Istanbul, Türkiye",LinkedIn (TR),Infoset bünyesinde Growth Product Manager pozisyonu. Profil anahtar kelimelerinizle eşleşti.,Growth,https://tr.linkedin.com/jobs/view/growth-product-manager-at-infoset-4447139233,İncelenecek
22,2026-09-24 18:45:50,81,Mobile App Marketing & User Acquisition Specialist,GG Tech Teknoloji,"Kadikoy, Istanbul, Türkiye",LinkedIn (TR),GG Tech Teknoloji bünyesinde Mobile App Marketing & User Acquisition Specialist pozisyonu. Profil anahtar kelimelerinizle eşleşti.,"User Acquisition, Acquisition",https://tr.linkedin.com/jobs/view/mobile-app-marketing-user-acquisition-specialist-at-gg-tech-teknoloji-4463480526,İncelenecek
23,2026-09-24 18:45:50,73,Product Led Growth Manager,Jobgether,Türkiye,LinkedIn (TR),Jobgether bünyesinde Product Led Growth Manager pozisyonu. Profil anahtar kelimelerinizle eşleşti.,Growth,https://tr.linkedin.com/jobs/view/product-led-growth-manager-at-jobgether-4469415929,İncelenecek
24,2026-09-24 18:45:50,73,Product Growth (apps),Aperture,Türkiye,LinkedIn (TR),Aperture bünyesinde Product Growth (apps) pozisyonu. Profil anahtar kelimelerinizle eşleşti.,Growth,https://tr.linkedin.com/jobs/view/product-growth-apps-at-aperture-4422404759,İncelenecek
25,2026-09-24 18:45:50,73,Product Growth (Monetisation) Manager,Aperture,Türkiye,LinkedIn (TR),Aperture bünyesinde Product Growth (Monetisation) Manager pozisyonu. Profil anahtar kelimelerinizle eşleşti.,Growth,https://tr.linkedin.com/jobs/view/product-growth-monetisation-manager-at-aperture-4451353509,İncelenecek
1,2026-09-25 10:53:20,73,Growth Manager,TikTak,"Kagithane, Istanbul, Türkiye",LinkedIn (TR),TikTak bünyesinde Growth Manager pozisyonu. Profil anahtar kelimelerinizle eşleşti.,Growth,https://tr.linkedin.com/jobs/view/growth-manager-at-tiktak-4467188138,İncelenecek
2,2026-09-25 10:53:20,73,Growth Marketing Specialist,Gamegos,"Istanbul, Türkiye",LinkedIn (TR),Gamegos bünyesinde Growth Marketing Specialist pozisyonu. Profil anahtar kelimelerinizle eşleşti.,Growth,https://tr.linkedin.com/jobs/view/growth-marketing-specialist-at-gamegos-4466205359,İncelenecek
3,2026-09-25 10:53:20,73,Growth Manager,Rollic,"Istanbul, Türkiye",LinkedIn (TR),Rollic bünyesinde Growth Manager pozisyonu. Profil anahtar kelimelerinizle eşleşti.,Growth,https://tr.linkedin.com/jobs/view/growth-manager-at-rollic-4418746792,İncelenecek
4,2026-09-25 10:53:20,73,SaaS Growth Strategist (AI-Native),Vizio AI,Greater Istanbul,LinkedIn (TR),Vizio AI bünyesinde SaaS Growth Strategist (AI-Native) pozisyonu. Profil anahtar kelimelerinizle eşleşti.,Growth,https://tr.linkedin.com/jobs/view/saas-growth-strategist-ai-native-at-vizio-ai-4458852211,İncelenecek
5,2026-09-25 10:53:20,73,Junior Growth Hacker / Growth Hacker,Sigortam.net,"Istanbul, Türkiye",LinkedIn (TR),Sigortam.net bünyesinde Junior Growth Hacker / Growth Hacker pozisyonu. Profil anahtar kelimelerinizle eşleşti.,Growth,https://tr.linkedin.com/jobs/view/junior-growth-hacker-growth-hacker-at-sigortam-net-4457246277,İncelenecek
6,2026-09-25 10:53:20,73,Growth Specialist / Dijital Pazarlama Uzmanı,Melontik,"Kadikoy, Istanbul, Türkiye",LinkedIn (TR),Melontik bünyesinde Growth Specialist / Dijital Pazarlama Uzmanı pozisyonu. Profil anahtar kelimelerinizle eşleşti.,Growth,https://tr.linkedin.com/jobs/view/growth-specialist-dijital-pazarlama-uzman%C4%B1-at-melontik-4469308954,İncelenecek
7,2026-09-25 10:53:20,73,Growth Specialist,Fugo Games,"Sarıyer, Istanbul, Türkiye",LinkedIn (TR),Fugo Games bünyesinde Growth Specialist pozisyonu. Profil anahtar kelimelerinizle eşleşti.,Growth,https://tr.linkedin.com/jobs/view/growth-specialist-at-fugo-games-4453862781,İncelenecek
8,2026-09-25 10:53:20,73,Growth & Marketing Manager,Deloitte,"Istanbul, Türkiye",LinkedIn (TR),Deloitte bünyesinde Growth & Marketing Manager pozisyonu. Profil anahtar kelimelerinizle eşleşti.,Growth,https://tr.linkedin.com/jobs/view/growth-marketing-manager-at-deloitte-4442808021,İncelenecek
9,2026-09-25 10:53:20,73,Growth&CRM Manager,Ticimax,"Ataşehir, Istanbul, Türkiye",LinkedIn (TR),Ticimax bünyesinde Growth&CRM Manager pozisyonu. Profil anahtar kelimelerinizle eşleşti.,Growth,https://tr.linkedin.com/jobs/view/growth-crm-manager-at-ticimax-4445319561,İncelenecek
10,2026-09-25 10:53:20,73,Growth Specialist - Gaming,Arcustin Games,Greater Istanbul,LinkedIn (TR),Arcustin Games bünyesinde Growth Specialist - Gaming pozisyonu. Profil anahtar kelimelerinizle eşleşti.,Growth,https://tr.linkedin.com/jobs/view/growth-specialist-gaming-at-arcustin-games-4465815722,İncelenecek
11,2026-09-25 10:53:20,73,Growth Specialist,Paxie Games,"Istanbul, Türkiye",LinkedIn (TR),Paxie Games bünyesinde Growth Specialist pozisyonu. Profil anahtar kelimelerinizle eşleşti.,Growth,https://tr.linkedin.com/jobs/view/growth-specialist-at-paxie-games-4433197640,İncelenecek
12,2026-09-25 10:53:20,73,Growth Specialist (New Grad),Agave Games,"Istanbul, Türkiye",LinkedIn (TR),Agave Games bünyesinde Growth Specialist (New Grad) pozisyonu. Profil anahtar kelimelerinizle eşleşti.,Growth,https://tr.linkedin.com/jobs/view/growth-specialist-new-grad-at-agave-games-4465552386,İncelenecek
13,2026-09-25 10:53:20,73,Dijital Kanallar - Growth & Analitik Uzmanı,Koçtaş,"Çekmeköy, Istanbul, Türkiye",LinkedIn (TR),Koçtaş bünyesinde Dijital Kanallar - Growth & Analitik Uzmanı pozisyonu. Profil anahtar kelimelerinizle eşleşti.,Growth,https://tr.linkedin.com/jobs/view/dijital-kanallar-growth-analitik-uzman%C4%B1-at-ko%C3%A7ta%C5%9F-4461167374,İncelenecek
14,2026-09-25 10:53:20,73,Growth Manager,Grand Games,"Istanbul, Türkiye",LinkedIn (TR),Grand Games bünyesinde Growth Manager pozisyonu. Profil anahtar kelimelerinizle eşleşti.,Growth,https://tr.linkedin.com/jobs/view/growth-manager-at-grand-games-4468655780,İncelenecek
15,2026-09-25 10:53:20,73,Performance Marketing Manager,Hesapkurdu,Greater Istanbul,LinkedIn (TR),Hesapkurdu bünyesinde Performance Marketing Manager pozisyonu. Profil anahtar kelimelerinizle eşleşti.,Performance Marketing,https://tr.linkedin.com/jobs/view/performance-marketing-manager-at-hesapkurdu-4469304310,İncelenecek
16,2026-09-25 10:53:20,73,Founding Growth Marketer,The Flex,Türkiye,LinkedIn (TR),The Flex bünyesinde Founding Growth Marketer pozisyonu. Profil anahtar kelimelerinizle eşleşti.,Growth,https://tr.linkedin.com/jobs/view/founding-growth-marketer-at-the-flex-4471103029,İncelenecek
17,2026-09-25 10:53:20,73,Growth Marketing Manager (AI-Native),Efsora,"Urla, İzmir, Türkiye",LinkedIn (TR),Efsora bünyesinde Growth Marketing Manager (AI-Native) pozisyonu. Profil anahtar kelimelerinizle eşleşti.,Growth,https://tr.linkedin.com/jobs/view/growth-marketing-manager-ai-native-at-efsora-4466918317,İncelenecek
18,2026-09-25 10:53:20,73,Kıdemli Analitik Büyüme Uzmanı,Mikrogrup,"Istanbul, Türkiye",LinkedIn (TR),Mikrogrup bünyesinde Kıdemli Analitik Büyüme Uzmanı pozisyonu. Profil anahtar kelimelerinizle eşleşti.,Büyüme,https://tr.linkedin.com/jobs/view/k%C4%B1demli-analitik-b%C3%BCy%C3%BCme-uzman%C4%B1-at-mikrogrup-4469863265,İncelenecek
19,2026-09-25 10:53:20,73,Product & Growth Analyst,Midas Games,"Istanbul, Istanbul, Türkiye",LinkedIn (TR),Midas Games bünyesinde Product & Growth Analyst pozisyonu. Profil anahtar kelimelerinizle eşleşti.,Growth,https://tr.linkedin.com/jobs/view/product-growth-analyst-at-midas-games-4462222173,İncelenecek
20,2026-09-25 10:53:20,73,Growth Product Manager,Assistant App,Greater Istanbul,LinkedIn (TR),Assistant App bünyesinde Growth Product Manager pozisyonu. Profil anahtar kelimelerinizle eşleşti.,Growth,https://tr.linkedin.com/jobs/view/growth-product-manager-at-assistant-app-4430236743,İncelenecek
21,2026-09-25 10:53:20,73,Growth Product Manager,Infoset,"Istanbul, Türkiye",LinkedIn (TR),Infoset bünyesinde Growth Product Manager pozisyonu. Profil anahtar kelimelerinizle eşleşti.,Growth,https://tr.linkedin.com/jobs/view/growth-product-manager-at-infoset-4447139233,İncelenecek
22,2026-09-25 10:53:20,81,Mobile App Marketing & User Acquisition Specialist,GG Tech Teknoloji,"Kadikoy, Istanbul, Türkiye",LinkedIn (TR),GG Tech Teknoloji bünyesinde Mobile App Marketing & User Acquisition Specialist pozisyonu. Profil anahtar kelimelerinizle eşleşti.,"User Acquisition, Acquisition",https://tr.linkedin.com/jobs/view/mobile-app-marketing-user-acquisition-specialist-at-gg-tech-teknoloji-4463480526,İncelenecek
23,2026-09-25 10:53:20,73,Product Led Growth Manager,Jobgether,Türkiye,LinkedIn (TR),Jobgether bünyesinde Product Led Growth Manager pozisyonu. Profil anahtar kelimelerinizle eşleşti.,Growth,https://tr.linkedin.com/jobs/view/product-led-growth-manager-at-jobgether-4469415929,İncelenecek
24,2026-09-25 10:53:20,73,Product Growth (apps),Aperture,Türkiye,LinkedIn (TR),Aperture bünyesinde Product Growth (apps) pozisyonu. Profil anahtar kelimelerinizle eşleşti.,Growth,https://tr.linkedin.com/jobs/view/product-growth-apps-at-aperture-4422404759,İncelenecek
25,2026-09-25 10:53:20,73,Product Growth (Monetisation) Manager,Aperture,Türkiye,LinkedIn (TR),Aperture bünyesinde Product Growth (Monetisation) Manager pozisyonu. Profil anahtar kelimelerinizle eşleşti.,Growth,https://tr.linkedin.com/jobs/view/product-growth-monetisation-manager-at-aperture-4451353509,İncelenecek
1,2026-09-25 19:03:25,73,Growth Manager,TikTak,"Kagithane, Istanbul, Türkiye",LinkedIn (TR),TikTak bünyesinde Growth Manager pozisyonu. Profil anahtar kelimelerinizle eşleşti.,Growth,https://tr.linkedin.com/jobs/view/growth-manager-at-tiktak-4467188138,İncelenecek
2,2026-09-25 19:03:25,73,Growth Marketing Specialist,Gamegos,"Istanbul, Türkiye",LinkedIn (TR),Gamegos bünyesinde Growth Marketing Specialist pozisyonu. Profil anahtar kelimelerinizle eşleşti.,Growth,https://tr.linkedin.com/jobs/view/growth-marketing-specialist-at-gamegos-4466205359,İncelenecek
3,2026-09-25 19:03:25,73,Growth Manager,Rollic,"Istanbul, Türkiye",LinkedIn (TR),Rollic bünyesinde Growth Manager pozisyonu. Profil anahtar kelimelerinizle eşleşti.,Growth,https://tr.linkedin.com/jobs/view/growth-manager-at-rollic-4418746792,İncelenecek
4,2026-09-25 19:03:25,73,SaaS Growth Strategist (AI-Native),Vizio AI,Greater Istanbul,LinkedIn (TR),Vizio AI bünyesinde SaaS Growth Strategist (AI-Native) pozisyonu. Profil anahtar kelimelerinizle eşleşti.,Growth,https://tr.linkedin.com/jobs/view/saas-growth-strategist-ai-native-at-vizio-ai-4458852211,İncelenecek
5,2026-09-25 19:03:25,73,Growth Specialist / Dijital Pazarlama Uzmanı,Melontik,"Kadikoy, Istanbul, Türkiye",LinkedIn (TR),Melontik bünyesinde Growth Specialist / Dijital Pazarlama Uzmanı pozisyonu. Profil anahtar kelimelerinizle eşleşti.,Growth,https://tr.linkedin.com/jobs/view/growth-specialist-dijital-pazarlama-uzman%C4%B1-at-melontik-4469308954,İncelenecek
6,2026-09-25 19:03:25,73,Growth Specialist,Fugo Games,"Sarıyer, Istanbul, Türkiye",LinkedIn (TR),Fugo Games bünyesinde Growth Specialist pozisyonu. Profil anahtar kelimelerinizle eşleşti.,Growth,https://tr.linkedin.com/jobs/view/growth-specialist-at-fugo-games-4453862781,İncelenecek
7,2026-09-25 19:03:25,73,Growth & Marketing Manager,Deloitte,"Istanbul, Türkiye",LinkedIn (TR),Deloitte bünyesinde Growth & Marketing Manager pozisyonu. Profil anahtar kelimelerinizle eşleşti.,Growth,https://tr.linkedin.com/jobs/view/growth-marketing-manager-at-deloitte-4442808021,İncelenecek
8,2026-09-25 19:03:25,73,Growth&CRM Manager,Ticimax,"Ataşehir, Istanbul, Türkiye",LinkedIn (TR),Ticimax bünyesinde Growth&CRM Manager pozisyonu. Profil anahtar kelimelerinizle eşleşti.,Growth,https://tr.linkedin.com/jobs/view/growth-crm-manager-at-ticimax-4445319561,İncelenecek
9,2026-09-25 19:03:25,73,Growth Specialist,Paxie Games,"Istanbul, Türkiye",LinkedIn (TR),Paxie Games bünyesinde Growth Specialist pozisyonu. Profil anahtar kelimelerinizle eşleşti.,Growth,https://tr.linkedin.com/jobs/view/growth-specialist-at-paxie-games-4433197640,İncelenecek
10,2026-09-25 19:03:25,73,Growth Specialist (New Grad),Agave Games,"Istanbul, Türkiye",LinkedIn (TR),Agave Games bünyesinde Growth Specialist (New Grad) pozisyonu. Profil anahtar kelimelerinizle eşleşti.,Growth,https://tr.linkedin.com/jobs/view/growth-specialist-new-grad-at-agave-games-4470159629,İncelenecek
11,2026-09-25 19:03:25,73,Dijital Kanallar - Growth & Analitik Uzmanı,Koçtaş,"Çekmeköy, Istanbul, Türkiye",LinkedIn (TR),Koçtaş bünyesinde Dijital Kanallar - Growth & Analitik Uzmanı pozisyonu. Profil anahtar kelimelerinizle eşleşti.,Growth,https://tr.linkedin.com/jobs/view/dijital-kanallar-growth-analitik-uzman%C4%B1-at-ko%C3%A7ta%C5%9F-4461167374,İncelenecek
12,2026-09-25 19:03:25,73,Growth Manager,Grand Games,"Istanbul, Türkiye",LinkedIn (TR),Grand Games bünyesinde Growth Manager pozisyonu. Profil anahtar kelimelerinizle eşleşti.,Growth,https://tr.linkedin.com/jobs/view/growth-manager-at-grand-games-4468655780,İncelenecek
13,2026-09-25 19:03:25,73,Performance Marketing Manager,Hesapkurdu,Greater Istanbul,LinkedIn (TR),Hesapkurdu bünyesinde Performance Marketing Manager pozisyonu. Profil anahtar kelimelerinizle eşleşti.,Performance Marketing,https://tr.linkedin.com/jobs/view/performance-marketing-manager-at-hesapkurdu-4469304310,İncelenecek
14,2026-09-25 19:03:25,73,Founding Growth Marketer,The Flex,Türkiye,LinkedIn (TR),The Flex bünyesinde Founding Growth Marketer pozisyonu. Profil anahtar kelimelerinizle eşleşti.,Growth,https://tr.linkedin.com/jobs/view/founding-growth-marketer-at-the-flex-4471103029,İncelenecek
15,2026-09-25 19:03:25,73,Growth Marketing Manager (AI-Native),Efsora,"Urla, İzmir, Türkiye",LinkedIn (TR),Efsora bünyesinde Growth Marketing Manager (AI-Native) pozisyonu. Profil anahtar kelimelerinizle eşleşti.,Growth,https://tr.linkedin.com/jobs/view/growth-marketing-manager-ai-native-at-efsora-4466918317,İncelenecek
16,2026-09-25 19:03:25,73,Kıdemli Analitik Büyüme Uzmanı,Mikrogrup,"Istanbul, Türkiye",LinkedIn (TR),Mikrogrup bünyesinde Kıdemli Analitik Büyüme Uzmanı pozisyonu. Profil anahtar kelimelerinizle eşleşti.,Büyüme,https://tr.linkedin.com/jobs/view/k%C4%B1demli-analitik-b%C3%BCy%C3%BCme-uzman%C4%B1-at-mikrogrup-4469863265,İncelenecek
17,2026-09-25 19:03:25,73,Product & Growth Analyst,Midas Games,"Istanbul, Istanbul, Türkiye",LinkedIn (TR),Midas Games bünyesinde Product & Growth Analyst pozisyonu. Profil anahtar kelimelerinizle eşleşti.,Growth,https://tr.linkedin.com/jobs/view/product-growth-analyst-at-midas-games-4462222173,İncelenecek
18,2026-09-25 19:03:25,73,Growth Product Manager,Assistant App,Greater Istanbul,LinkedIn (TR),Assistant App bünyesinde Growth Product Manager pozisyonu. Profil anahtar kelimelerinizle eşleşti.,Growth,https://tr.linkedin.com/jobs/view/growth-product-manager-at-assistant-app-4430236743,İncelenecek
19,2026-09-25 19:03:25,73,Growth Product Manager,Infoset,"Istanbul, Türkiye",LinkedIn (TR),Infoset bünyesinde Growth Product Manager pozisyonu. Profil anahtar kelimelerinizle eşleşti.,Growth,https://tr.linkedin.com/jobs/view/growth-product-manager-at-infoset-4447139233,İncelenecek
20,2026-09-25 19:03:25,81,Mobile App Marketing & User Acquisition Specialist,GG Tech Teknoloji,"Kadikoy, Istanbul, Türkiye",LinkedIn (TR),GG Tech Teknoloji bünyesinde Mobile App Marketing & User Acquisition Specialist pozisyonu. Profil anahtar kelimelerinizle eşleşti.,"User Acquisition, Acquisition",https://tr.linkedin.com/jobs/view/mobile-app-marketing-user-acquisition-specialist-at-gg-tech-teknoloji-4463480526,İncelenecek
21,2026-09-25 19:03:25,73,Product Led Growth Manager,Jobgether,Türkiye,LinkedIn (TR),Jobgether bünyesinde Product Led Growth Manager pozisyonu. Profil anahtar kelimelerinizle eşleşti.,Growth,https://tr.linkedin.com/jobs/view/product-led-growth-manager-at-jobgether-4469415929,İncelenecek
22,2026-09-25 19:03:25,73,Product Growth (apps),Aperture,Türkiye,LinkedIn (TR),Aperture bünyesinde Product Growth (apps) pozisyonu. Profil anahtar kelimelerinizle eşleşti.,Growth,https://tr.linkedin.com/jobs/view/product-growth-apps-at-aperture-4422404759,İncelenecek
23,2026-09-25 19:03:25,73,Product Growth (Monetisation) Manager,Aperture,Türkiye,LinkedIn (TR),Aperture bünyesinde Product Growth (Monetisation) Manager pozisyonu. Profil anahtar kelimelerinizle eşleşti.,Growth,https://tr.linkedin.com/jobs/view/product-growth-monetisation-manager-at-aperture-4451353509,İncelenecek
1,2026-09-26 10:33:45,73,Growth Manager,TikTak,"Kagithane, Istanbul, Türkiye",LinkedIn (TR),TikTak bünyesinde Growth Manager pozisyonu. Profil anahtar kelimelerinizle eşleşti.,Growth,https://tr.linkedin.com/jobs/view/growth-manager-at-tiktak-4467188138,İncelenecek
2,2026-09-26 10:33:45,73,Growth Marketing Specialist,Gamegos,"Istanbul, Türkiye",LinkedIn (TR),Gamegos bünyesinde Growth Marketing Specialist pozisyonu. Profil anahtar kelimelerinizle eşleşti.,Growth,https://tr.linkedin.com/jobs/view/growth-marketing-specialist-at-gamegos-4466205359,İncelenecek
3,2026-09-26 10:33:45,73,Growth Manager,Rollic,"Istanbul, Türkiye",LinkedIn (TR),Rollic bünyesinde Growth Manager pozisyonu. Profil anahtar kelimelerinizle eşleşti.,Growth,https://tr.linkedin.com/jobs/view/growth-manager-at-rollic-4418746792,İncelenecek
4,2026-09-26 10:33:45,85,SaaS Growth Strategist (AI-Native),Vizio AI,Greater Istanbul,LinkedIn (TR),"Vizio AI'ın SaaS Growth Strategist (AI-Native) pozisyonu, adayın Getirfinans'taki yapay zeka asistanı ve büyüme odaklı müşteri deneyimi tecrübesiyle son derece uyumludur. Adayın P&G'deki büyüme stratejisi ve Buluttan'daki B2B iş geliştirme geçmişi, yapay zeka tabanlı SaaS büyüme hedeflerini başarıyla destekleyebilecek niteliktedir.","SaaS Growth, AI Product/Assistant Deployment, Data-Driven Growth Strategies, Customer Experience & VoC Analysis, Business Development, Digital Visibility & SEO",https://tr.linkedin.com/jobs/view/saas-growth-strategist-ai-native-at-vizio-ai-4458852211,İncelenecek
5,2026-09-26 10:33:45,73,Growth Specialist / Dijital Pazarlama Uzmanı,Melontik,"Kadikoy, Istanbul, Türkiye",LinkedIn (TR),Melontik bünyesinde Growth Specialist / Dijital Pazarlama Uzmanı pozisyonu. Profil anahtar kelimelerinizle eşleşti.,Growth,https://tr.linkedin.com/jobs/view/growth-specialist-dijital-pazarlama-uzman%C4%B1-at-melontik-4469308954,İncelenecek
6,2026-09-26 10:33:45,88,Growth Specialist,Fugo Games,"Sarıyer, Istanbul, Türkiye",LinkedIn (TR),"Fugo Games'in Growth Specialist pozisyonu, adayın P&G'de yürüttüğü büyüme stratejileri ve Getirfinans'taki Growth-Ürün odaklı analitik deneyimi ile güçlü bir uyum sergilemektedir. Boğaziçi Endüstri Mühendisliği altyapısı ve Sarıyer lokasyon uyumu sayesinde aday, bu uzmanlık seviyesindeki rol için oldukça uygun bir profildir.","Growth Stratejileri, Veri Analitiği, Dijital Pazarlama & SEO, A/B Testi ve Hipotez Geliştirme, Müşteri İçgörüsü (VoC) Analizi",https://tr.linkedin.com/jobs/view/growth-specialist-at-fugo-games-4453862781,İncelenecek
7,2026-09-26 10:33:45,73,Growth & Marketing Manager,Deloitte,"Istanbul, Türkiye",LinkedIn (TR),Deloitte bünyesinde Growth & Marketing Manager pozisyonu. Profil anahtar kelimelerinizle eşleşti.,Growth,https://tr.linkedin.com/jobs/view/growth-marketing-manager-at-deloitte-4442808021,İncelenecek
8,2026-09-26 10:33:45,73,Growth&CRM Manager,Ticimax,"Ataşehir, Istanbul, Türkiye",LinkedIn (TR),Ticimax bünyesinde Growth&CRM Manager pozisyonu. Profil anahtar kelimelerinizle eşleşti.,Growth,https://tr.linkedin.com/jobs/view/growth-crm-manager-at-ticimax-4445319561,İncelenecek
9,2026-09-26 10:33:45,73,Growth Specialist - Gaming,Arcustin Games,Greater Istanbul,LinkedIn (TR),Arcustin Games bünyesinde Growth Specialist - Gaming pozisyonu. Profil anahtar kelimelerinizle eşleşti.,Growth,https://tr.linkedin.com/jobs/view/growth-specialist-gaming-at-arcustin-games-4465815722,İncelenecek
10,2026-09-26 10:33:45,73,Growth Specialist,Paxie Games,"Istanbul, Türkiye",LinkedIn (TR),Paxie Games bünyesinde Growth Specialist pozisyonu. Profil anahtar kelimelerinizle eşleşti.,Growth,https://tr.linkedin.com/jobs/view/growth-specialist-at-paxie-games-4433197640,İncelenecek
11,2026-09-26 10:33:45,73,Growth Specialist (New Grad),Agave Games,"Istanbul, Türkiye",LinkedIn (TR),Agave Games bünyesinde Growth Specialist (New Grad) pozisyonu. Profil anahtar kelimelerinizle eşleşti.,Growth,https://tr.linkedin.com/jobs/view/growth-specialist-new-grad-at-agave-games-4470159629,İncelenecek
12,2026-09-26 10:33:45,73,Dijital Kanallar - Growth & Analitik Uzmanı,Koçtaş,"Çekmeköy, Istanbul, Türkiye",LinkedIn (TR),Koçtaş bünyesinde Dijital Kanallar - Growth & Analitik Uzmanı pozisyonu. Profil anahtar kelimelerinizle eşleşti.,Growth,https://tr.linkedin.com/jobs/view/dijital-kanallar-growth-analitik-uzman%C4%B1-at-ko%C3%A7ta%C5%9F-4461167374,İncelenecek
13,2026-09-26 10:33:45,73,Growth Manager,Grand Games,"Istanbul, Türkiye",LinkedIn (TR),Grand Games bünyesinde Growth Manager pozisyonu. Profil anahtar kelimelerinizle eşleşti.,Growth,https://tr.linkedin.com/jobs/view/growth-manager-at-grand-games-4468655780,İncelenecek
14,2026-09-26 10:33:45,73,Performance Marketing Manager,Hesapkurdu,Greater Istanbul,LinkedIn (TR),Hesapkurdu bünyesinde Performance Marketing Manager pozisyonu. Profil anahtar kelimelerinizle eşleşti.,Performance Marketing,https://tr.linkedin.com/jobs/view/performance-marketing-manager-at-hesapkurdu-4469304310,İncelenecek
15,2026-09-26 10:33:45,73,Founding Growth Marketer,The Flex,Türkiye,LinkedIn (TR),The Flex bünyesinde Founding Growth Marketer pozisyonu. Profil anahtar kelimelerinizle eşleşti.,Growth,https://tr.linkedin.com/jobs/view/founding-growth-marketer-at-the-flex-4471103029,İncelenecek
16,2026-09-26 10:33:45,73,Growth Marketing Manager (AI-Native),Efsora,"Urla, İzmir, Türkiye",LinkedIn (TR),Efsora bünyesinde Growth Marketing Manager (AI-Native) pozisyonu. Profil anahtar kelimelerinizle eşleşti.,Growth,https://tr.linkedin.com/jobs/view/growth-marketing-manager-ai-native-at-efsora-4466918317,İncelenecek
17,2026-09-26 10:33:45,73,Kıdemli Analitik Büyüme Uzmanı,Mikrogrup,"Istanbul, Türkiye",LinkedIn (TR),Mikrogrup bünyesinde Kıdemli Analitik Büyüme Uzmanı pozisyonu. Profil anahtar kelimelerinizle eşleşti.,Büyüme,https://tr.linkedin.com/jobs/view/k%C4%B1demli-analitik-b%C3%BCy%C3%BCme-uzman%C4%B1-at-mikrogrup-4469863265,İncelenecek
18,2026-09-26 10:33:45,73,Product & Growth Analyst,Midas Games,"Istanbul, Istanbul, Türkiye",LinkedIn (TR),Midas Games bünyesinde Product & Growth Analyst pozisyonu. Profil anahtar kelimelerinizle eşleşti.,Growth,https://tr.linkedin.com/jobs/view/product-growth-analyst-at-midas-games-4462222173,İncelenecek
19,2026-09-26 10:33:45,73,Growth Product Manager,Assistant App,Greater Istanbul,LinkedIn (TR),Assistant App bünyesinde Growth Product Manager pozisyonu. Profil anahtar kelimelerinizle eşleşti.,Growth,https://tr.linkedin.com/jobs/view/growth-product-manager-at-assistant-app-4430236743,İncelenecek
20,2026-09-26 10:33:45,73,Growth Product Manager,Infoset,"Istanbul, Türkiye",LinkedIn (TR),Infoset bünyesinde Growth Product Manager pozisyonu. Profil anahtar kelimelerinizle eşleşti.,Growth,https://tr.linkedin.com/jobs/view/growth-product-manager-at-infoset-4447139233,İncelenecek
21,2026-09-26 10:33:45,81,Mobile App Marketing & User Acquisition Specialist,GG Tech Teknoloji,"Kadikoy, Istanbul, Türkiye",LinkedIn (TR),GG Tech Teknoloji bünyesinde Mobile App Marketing & User Acquisition Specialist pozisyonu. Profil anahtar kelimelerinizle eşleşti.,"User Acquisition, Acquisition",https://tr.linkedin.com/jobs/view/mobile-app-marketing-user-acquisition-specialist-at-gg-tech-teknoloji-4463480526,İncelenecek
22,2026-09-26 10:33:45,73,Product Led Growth Manager,Jobgether,Türkiye,LinkedIn (TR),Jobgether bünyesinde Product Led Growth Manager pozisyonu. Profil anahtar kelimelerinizle eşleşti.,Growth,https://tr.linkedin.com/jobs/view/product-led-growth-manager-at-jobgether-4469415929,İncelenecek
23,2026-09-26 10:33:45,73,Product Growth (apps),Aperture,Türkiye,LinkedIn (TR),Aperture bünyesinde Product Growth (apps) pozisyonu. Profil anahtar kelimelerinizle eşleşti.,Growth,https://tr.linkedin.com/jobs/view/product-growth-apps-at-aperture-4422404759,İncelenecek
24,2026-09-26 10:33:45,73,Product Growth (Monetisation) Manager,Aperture,Türkiye,LinkedIn (TR),Aperture bünyesinde Product Growth (Monetisation) Manager pozisyonu. Profil anahtar kelimelerinizle eşleşti.,Growth,https://tr.linkedin.com/jobs/view/product-growth-monetisation-manager-at-aperture-4451353509,İncelenecek
1,2026-09-26 18:11:07,73,Growth Manager,TikTak,"Kagithane, Istanbul, Türkiye",LinkedIn (TR),TikTak bünyesinde Growth Manager pozisyonu. Profil anahtar kelimelerinizle eşleşti.,Growth,https://tr.linkedin.com/jobs/view/growth-manager-at-tiktak-4467188138,İncelenecek
2,2026-09-26 18:11:07,73,Growth Marketing Specialist,Gamegos,"Istanbul, Türkiye",LinkedIn (TR),Gamegos bünyesinde Growth Marketing Specialist pozisyonu. Profil anahtar kelimelerinizle eşleşti.,Growth,https://tr.linkedin.com/jobs/view/growth-marketing-specialist-at-gamegos-4466205359,İncelenecek
3,2026-09-26 18:11:07,73,Growth Manager,Rollic,"Istanbul, Türkiye",LinkedIn (TR),Rollic bünyesinde Growth Manager pozisyonu. Profil anahtar kelimelerinizle eşleşti.,Growth,https://tr.linkedin.com/jobs/view/growth-manager-at-rollic-4418746792,İncelenecek
4,2026-09-26 18:11:07,73,SaaS Growth Strategist (AI-Native),Vizio AI,Greater Istanbul,LinkedIn (TR),Vizio AI bünyesinde SaaS Growth Strategist (AI-Native) pozisyonu. Profil anahtar kelimelerinizle eşleşti.,Growth,https://tr.linkedin.com/jobs/view/saas-growth-strategist-ai-native-at-vizio-ai-4458852211,İncelenecek
5,2026-09-26 18:11:07,73,Growth Specialist / Dijital Pazarlama Uzmanı,Melontik,"Kadikoy, Istanbul, Türkiye",LinkedIn (TR),Melontik bünyesinde Growth Specialist / Dijital Pazarlama Uzmanı pozisyonu. Profil anahtar kelimelerinizle eşleşti.,Growth,https://tr.linkedin.com/jobs/view/growth-specialist-dijital-pazarlama-uzman%C4%B1-at-melontik-4469308954,İncelenecek
6,2026-09-26 18:11:07,73,Growth Specialist,Fugo Games,"Sarıyer, Istanbul, Türkiye",LinkedIn (TR),Fugo Games bünyesinde Growth Specialist pozisyonu. Profil anahtar kelimelerinizle eşleşti.,Growth,https://tr.linkedin.com/jobs/view/growth-specialist-at-fugo-games-4453862781,İncelenecek
7,2026-09-26 18:11:07,73,Growth & Marketing Manager,Deloitte,"Istanbul, Türkiye",LinkedIn (TR),Deloitte bünyesinde Growth & Marketing Manager pozisyonu. Profil anahtar kelimelerinizle eşleşti.,Growth,https://tr.linkedin.com/jobs/view/growth-marketing-manager-at-deloitte-4442808021,İncelenecek
8,2026-09-26 18:11:07,73,Growth&CRM Manager,Ticimax,"Ataşehir, Istanbul, Türkiye",LinkedIn (TR),Ticimax bünyesinde Growth&CRM Manager pozisyonu. Profil anahtar kelimelerinizle eşleşti.,Growth,https://tr.linkedin.com/jobs/view/growth-crm-manager-at-ticimax-4445319561,İncelenecek
9,2026-09-26 18:11:07,73,Growth Specialist - Gaming,Arcustin Games,Greater Istanbul,LinkedIn (TR),Arcustin Games bünyesinde Growth Specialist - Gaming pozisyonu. Profil anahtar kelimelerinizle eşleşti.,Growth,https://tr.linkedin.com/jobs/view/growth-specialist-gaming-at-arcustin-games-4465815722,İncelenecek
10,2026-09-26 18:11:07,73,Growth Specialist,Paxie Games,"Istanbul, Türkiye",LinkedIn (TR),Paxie Games bünyesinde Growth Specialist pozisyonu. Profil anahtar kelimelerinizle eşleşti.,Growth,https://tr.linkedin.com/jobs/view/growth-specialist-at-paxie-games-4433197640,İncelenecek
11,2026-09-26 18:11:07,73,Growth Specialist (New Grad),Agave Games,"Istanbul, Türkiye",LinkedIn (TR),Agave Games bünyesinde Growth Specialist (New Grad) pozisyonu. Profil anahtar kelimelerinizle eşleşti.,Growth,https://tr.linkedin.com/jobs/view/growth-specialist-new-grad-at-agave-games-4470159629,İncelenecek
12,2026-09-26 18:11:07,73,Dijital Kanallar - Growth & Analitik Uzmanı,Koçtaş,"Çekmeköy, Istanbul, Türkiye",LinkedIn (TR),Koçtaş bünyesinde Dijital Kanallar - Growth & Analitik Uzmanı pozisyonu. Profil anahtar kelimelerinizle eşleşti.,Growth,https://tr.linkedin.com/jobs/view/dijital-kanallar-growth-analitik-uzman%C4%B1-at-ko%C3%A7ta%C5%9F-4461167374,İncelenecek
13,2026-09-26 18:11:07,73,Growth Manager,Grand Games,"Istanbul, Türkiye",LinkedIn (TR),Grand Games bünyesinde Growth Manager pozisyonu. Profil anahtar kelimelerinizle eşleşti.,Growth,https://tr.linkedin.com/jobs/view/growth-manager-at-grand-games-4468655780,İncelenecek
14,2026-09-26 18:11:07,73,Performance Marketing Manager,Hesapkurdu,Greater Istanbul,LinkedIn (TR),Hesapkurdu bünyesinde Performance Marketing Manager pozisyonu. Profil anahtar kelimelerinizle eşleşti.,Performance Marketing,https://tr.linkedin.com/jobs/view/performance-marketing-manager-at-hesapkurdu-4469304310,İncelenecek
15,2026-09-26 18:11:07,73,Founding Growth Marketer,The Flex,Türkiye,LinkedIn (TR),The Flex bünyesinde Founding Growth Marketer pozisyonu. Profil anahtar kelimelerinizle eşleşti.,Growth,https://tr.linkedin.com/jobs/view/founding-growth-marketer-at-the-flex-4471103029,İncelenecek
16,2026-09-26 18:11:07,73,Growth Marketing Manager (AI-Native),Efsora,"Urla, İzmir, Türkiye",LinkedIn (TR),Efsora bünyesinde Growth Marketing Manager (AI-Native) pozisyonu. Profil anahtar kelimelerinizle eşleşti.,Growth,https://tr.linkedin.com/jobs/view/growth-marketing-manager-ai-native-at-efsora-4466918317,İncelenecek
17,2026-09-26 18:11:07,73,Kıdemli Analitik Büyüme Uzmanı,Mikrogrup,"Istanbul, Türkiye",LinkedIn (TR),Mikrogrup bünyesinde Kıdemli Analitik Büyüme Uzmanı pozisyonu. Profil anahtar kelimelerinizle eşleşti.,Büyüme,https://tr.linkedin.com/jobs/view/k%C4%B1demli-analitik-b%C3%BCy%C3%BCme-uzman%C4%B1-at-mikrogrup-4469863265,İncelenecek
18,2026-09-26 18:11:07,73,Product & Growth Analyst,Midas Games,"Istanbul, Istanbul, Türkiye",LinkedIn (TR),Midas Games bünyesinde Product & Growth Analyst pozisyonu. Profil anahtar kelimelerinizle eşleşti.,Growth,https://tr.linkedin.com/jobs/view/product-growth-analyst-at-midas-games-4462222173,İncelenecek
19,2026-09-26 18:11:07,73,Growth Product Manager,Assistant App,Greater Istanbul,LinkedIn (TR),Assistant App bünyesinde Growth Product Manager pozisyonu. Profil anahtar kelimelerinizle eşleşti.,Growth,https://tr.linkedin.com/jobs/view/growth-product-manager-at-assistant-app-4430236743,İncelenecek
20,2026-09-26 18:11:07,73,Growth Product Manager,Infoset,"Istanbul, Türkiye",LinkedIn (TR),Infoset bünyesinde Growth Product Manager pozisyonu. Profil anahtar kelimelerinizle eşleşti.,Growth,https://tr.linkedin.com/jobs/view/growth-product-manager-at-infoset-4447139233,İncelenecek
21,2026-09-26 18:11:07,81,Mobile App Marketing & User Acquisition Specialist,GG Tech Teknoloji,"Kadikoy, Istanbul, Türkiye",LinkedIn (TR),GG Tech Teknoloji bünyesinde Mobile App Marketing & User Acquisition Specialist pozisyonu. Profil anahtar kelimelerinizle eşleşti.,"User Acquisition, Acquisition",https://tr.linkedin.com/jobs/view/mobile-app-marketing-user-acquisition-specialist-at-gg-tech-teknoloji-4463480526,İncelenecek
22,2026-09-26 18:11:07,73,"Growth, Operations & Product Manager",Valemgo,"Sariyer, Istanbul, Türkiye",LinkedIn (TR),"Valemgo bünyesinde Growth, Operations & Product Manager pozisyonu. Profil anahtar kelimelerinizle eşleşti.",Growth,https://tr.linkedin.com/jobs/view/growth-operations-product-manager-at-valemgo-4470553915,İncelenecek
23,2026-09-26 18:11:07,73,Product Led Growth Manager,Jobgether,Türkiye,LinkedIn (TR),Jobgether bünyesinde Product Led Growth Manager pozisyonu. Profil anahtar kelimelerinizle eşleşti.,Growth,https://tr.linkedin.com/jobs/view/product-led-growth-manager-at-jobgether-4469415929,İncelenecek
24,2026-09-26 18:11:07,73,Product Growth (apps),Aperture,Türkiye,LinkedIn (TR),Aperture bünyesinde Product Growth (apps) pozisyonu. Profil anahtar kelimelerinizle eşleşti.,Growth,https://tr.linkedin.com/jobs/view/product-growth-apps-at-aperture-4422404759,İncelenecek
25,2026-09-26 18:11:07,73,Product Growth (Monetisation) Manager,Aperture,Türkiye,LinkedIn (TR),Aperture bünyesinde Product Growth (Monetisation) Manager pozisyonu. Profil anahtar kelimelerinizle eşleşti.,Growth,https://tr.linkedin.com/jobs/view/product-growth-monetisation-manager-at-aperture-4451353509,İncelenecek
1,2026-09-27 11:06:03,30,Growth Manager,TikTak,"Kagithane, Istanbul, Türkiye",LinkedIn (TR),"TikTak bünyesindeki Growth Manager rolü, büyüme stratejilerini ve ilgili bütçe/ekipleri doğrudan yönetecek deneyimli profesyonellere yönelik yönetsel bir pozisyondur. Adayın P&G ve Getirfinans süreçlerinde büyüme odaklı güçlü staj tecrübeleri bulunsa da, henüz mezuniyet aşamasında olması ve yönetsel tecrübe eksikliği nedeniyle pozisyon adayın kıdem seviyesine uygun değildir.","Growth Marketing, Veri Odaklı Karar Alma, Müşteri Edinimi ve Tutundurma, Pazar ve Rakip Analizi, Müşteri Deneyimi (CX)",https://tr.linkedin.com/jobs/view/growth-manager-at-tiktak-4467188138,İncelenecek
2,2026-09-27 11:06:03,85,Growth Marketing Specialist,Gamegos,"Istanbul, Türkiye",LinkedIn (TR),"Gamegos'un Growth Marketing Specialist pozisyonu, adayın analitik mühendislik temeli ve P&G ile Getirfinans'ta edindiği büyüme, marka yönetimi ve veri odaklı strateji tecrübeleriyle oldukça iyi örtüşmektedir. Adayın e-ticaret, SEO ve müşteri içgörüleri konusundaki geçmişi mobil oyun sektöründeki büyüme pazarlaması dinamiklerine hızla adapte olmasını sağlayacaktır.","Growth Marketing, Veri Analitiği, Kullanıcı Kazanımı (User Acquisition), SEO & Dijital Görünürlük, Pazar ve Rakip Analizi",https://tr.linkedin.com/jobs/view/growth-marketing-specialist-at-gamegos-4466205359,İncelenecek
3,2026-09-27 11:06:03,28,Growth Manager,Rollic,"Istanbul, Türkiye",LinkedIn (TR),"Rollic bünyesindeki 'Growth Manager' pozisyonu, mobil oyun sektöründe kullanıcı edinimi (UA) ve performans pazarlaması alanlarında tecrübe gerektiren orta/üst seviye bir yönetim rolüdür. Adayın P&G ve Getirfinans stajlarında büyüme ve pazarlama odaklı kayda değer çalışmaları bulunsa da, yeni mezun seviyesinde olması ve mobil oyun alanında doğrudan büyüme yönetimi deneyiminin olmaması nedeniyle pozisyon seviye olarak adaya uygun değildir.","Growth Strategy, Performans Pazarlaması, Kullanıcı Edinimi (UA), Veri Analitiği, Mobil Oyun Ekosistemi",https://tr.linkedin.com/jobs/view/growth-manager-at-rollic-4418746792,İncelenecek
4,2026-09-27 11:06:03,88,SaaS Growth Strategist (AI-Native),Vizio AI,Greater Istanbul,LinkedIn (TR),Vizio AI'ın SaaS Growth Strategist (AI-Native) pozisyonu; adayın Getirfinans'taki yapay zeka asistanları ve büyüme (Growth) ekipleriyle olan deneyimi ile P&G ve SabancıDx'teki büyüme/ürün yönetimi geçmişiyle mükemmel bir uyum sergilemektedir. Adayın Boğaziçi Endüstri Mühendisliği analitik altyapısı ve B2B/SaaS iş geliştirme tecrübeleri rolün gereksinimlerini doğrudan karşılamaktadır.,"SaaS Growth Stratejileri, AI Entegrasyonu & AI Ürün Deneyimi, Büyüme & Müşteri Analitiği, Pazar Araştırması & İş Geliştirme, Veriye Dayalı Karar Alma",https://tr.linkedin.com/jobs/view/saas-growth-strategist-ai-native-at-vizio-ai-4458852211,İncelenecek
5,2026-09-27 11:06:03,85,Growth Specialist / Dijital Pazarlama Uzmanı,Melontik,"Kadikoy, Istanbul, Türkiye",LinkedIn (TR),"Melontik'in Growth Specialist / Dijital Pazarlama Uzmanı pozisyonu, adayın Procter & Gamble'daki büyüme ve SEO odaklı marka yönetimi deneyimi ile Getirfinans'taki Growth ekipleriyle yürüttüğü çalışmalarla oldukça iyi örtüşmektedir. Adayın Boğaziçi Endüstri Mühendisliği analitik altyapısı büyüme odaklı pazarlama rolleri için güçlü bir zemin sunmaktadır.","Growth Marketing, Dijital Pazarlama, SEO Stratejisi, E-ticaret Yönetimi, Veri Analitiği, Müşteri İçgörüsü Analizi",https://tr.linkedin.com/jobs/view/growth-specialist-dijital-pazarlama-uzman%C4%B1-at-melontik-4469308954,İncelenecek
6,2026-09-27 11:06:04,73,Growth Specialist,Fugo Games,"Sarıyer, Istanbul, Türkiye",LinkedIn (TR),Fugo Games bünyesinde Growth Specialist pozisyonu. Profil anahtar kelimelerinizle eşleşti.,Growth,https://tr.linkedin.com/jobs/view/growth-specialist-at-fugo-games-4453862781,İncelenecek
7,2026-09-27 11:06:04,73,Growth & Marketing Manager,Deloitte,"Istanbul, Türkiye",LinkedIn (TR),Deloitte bünyesinde Growth & Marketing Manager pozisyonu. Profil anahtar kelimelerinizle eşleşti.,Growth,https://tr.linkedin.com/jobs/view/growth-marketing-manager-at-deloitte-4442808021,İncelenecek
8,2026-09-27 11:06:04,73,Growth&CRM Manager,Ticimax,"Ataşehir, Istanbul, Türkiye",LinkedIn (TR),Ticimax bünyesinde Growth&CRM Manager pozisyonu. Profil anahtar kelimelerinizle eşleşti.,Growth,https://tr.linkedin.com/jobs/view/growth-crm-manager-at-ticimax-4445319561,İncelenecek
9,2026-09-27 11:06:04,73,Growth Specialist - Gaming,Arcustin Games,Greater Istanbul,LinkedIn (TR),Arcustin Games bünyesinde Growth Specialist - Gaming pozisyonu. Profil anahtar kelimelerinizle eşleşti.,Growth,https://tr.linkedin.com/jobs/view/growth-specialist-gaming-at-arcustin-games-4465815722,İncelenecek
10,2026-09-27 11:06:04,73,Growth Specialist,Paxie Games,"Istanbul, Türkiye",LinkedIn (TR),Paxie Games bünyesinde Growth Specialist pozisyonu. Profil anahtar kelimelerinizle eşleşti.,Growth,https://tr.linkedin.com/jobs/view/growth-specialist-at-paxie-games-4433197640,İncelenecek
11,2026-09-27 11:06:04,73,Growth Specialist (New Grad),Agave Games,"Istanbul, Türkiye",LinkedIn (TR),Agave Games bünyesinde Growth Specialist (New Grad) pozisyonu. Profil anahtar kelimelerinizle eşleşti.,Growth,https://tr.linkedin.com/jobs/view/growth-specialist-new-grad-at-agave-games-4470159629,İncelenecek
12,2026-09-27 11:06:04,73,Dijital Kanallar - Growth & Analitik Uzmanı,Koçtaş,"Çekmeköy, Istanbul, Türkiye",LinkedIn (TR),Koçtaş bünyesinde Dijital Kanallar - Growth & Analitik Uzmanı pozisyonu. Profil anahtar kelimelerinizle eşleşti.,Growth,https://tr.linkedin.com/jobs/view/dijital-kanallar-growth-analitik-uzman%C4%B1-at-ko%C3%A7ta%C5%9F-4461167374,İncelenecek
13,2026-09-27 11:06:04,73,Growth Manager,Grand Games,"Istanbul, Türkiye",LinkedIn (TR),Grand Games bünyesinde Growth Manager pozisyonu. Profil anahtar kelimelerinizle eşleşti.,Growth,https://tr.linkedin.com/jobs/view/growth-manager-at-grand-games-4468655780,İncelenecek
14,2026-09-27 11:06:04,73,Performance Marketing Manager,Hesapkurdu,Greater Istanbul,LinkedIn (TR),Hesapkurdu bünyesinde Performance Marketing Manager pozisyonu. Profil anahtar kelimelerinizle eşleşti.,Performance Marketing,https://tr.linkedin.com/jobs/view/performance-marketing-manager-at-hesapkurdu-4469304310,İncelenecek
15,2026-09-27 11:06:04,73,Founding Growth Marketer,The Flex,Türkiye,LinkedIn (TR),The Flex bünyesinde Founding Growth Marketer pozisyonu. Profil anahtar kelimelerinizle eşleşti.,Growth,https://tr.linkedin.com/jobs/view/founding-growth-marketer-at-the-flex-4471103029,İncelenecek
16,2026-09-27 11:06:04,73,Growth Marketing Manager (AI-Native),Efsora,"Urla, İzmir, Türkiye",LinkedIn (TR),Efsora bünyesinde Growth Marketing Manager (AI-Native) pozisyonu. Profil anahtar kelimelerinizle eşleşti.,Growth,https://tr.linkedin.com/jobs/view/growth-marketing-manager-ai-native-at-efsora-4466918317,İncelenecek
17,2026-09-27 11:06:04,73,Kıdemli Analitik Büyüme Uzmanı,Mikrogrup,"Istanbul, Türkiye",LinkedIn (TR),Mikrogrup bünyesinde Kıdemli Analitik Büyüme Uzmanı pozisyonu. Profil anahtar kelimelerinizle eşleşti.,Büyüme,https://tr.linkedin.com/jobs/view/k%C4%B1demli-analitik-b%C3%BCy%C3%BCme-uzman%C4%B1-at-mikrogrup-4469863265,İncelenecek
18,2026-09-27 11:06:04,90,Product & Growth Analyst,Midas Games,"Istanbul, Istanbul, Türkiye",LinkedIn (TR),"Midas Games'in Product & Growth Analyst pozisyonu, adayın SabancıDx'teki Ürün Yönetimi ve P&G ile Getirfinans'taki Büyüme/Müşteri Deneyimi analitiği tecrübeleriyle mükemmel bir uyum göstermektedir. Boğaziçi Endüstri Mühendisliği analitik altyapısı ve oyun/teknoloji sektörüne uygun girişimci geçmişi, adayı bu giriş/analist seviyesindeki rol için oldukça güçlü bir profil haline getirmektedir.","Product Management, Growth & Data Analysis, Customer Journey Mapping, A/B Testing & KPI Tracking, User Insights (VoC), Digital Marketing & SEO",https://tr.linkedin.com/jobs/view/product-growth-analyst-at-midas-games-4462222173,İncelenecek
19,2026-09-27 11:06:04,73,Growth Product Manager,Assistant App,Greater Istanbul,LinkedIn (TR),Assistant App bünyesinde Growth Product Manager pozisyonu. Profil anahtar kelimelerinizle eşleşti.,Growth,https://tr.linkedin.com/jobs/view/growth-product-manager-at-assistant-app-4430236743,İncelenecek
20,2026-09-27 11:06:04,73,Growth Product Manager,Infoset,"Istanbul, Türkiye",LinkedIn (TR),Infoset bünyesinde Growth Product Manager pozisyonu. Profil anahtar kelimelerinizle eşleşti.,Growth,https://tr.linkedin.com/jobs/view/growth-product-manager-at-infoset-4447139233,İncelenecek
21,2026-09-27 11:06:04,81,Mobile App Marketing & User Acquisition Specialist,GG Tech Teknoloji,"Kadikoy, Istanbul, Türkiye",LinkedIn (TR),GG Tech Teknoloji bünyesinde Mobile App Marketing & User Acquisition Specialist pozisyonu. Profil anahtar kelimelerinizle eşleşti.,"User Acquisition, Acquisition",https://tr.linkedin.com/jobs/view/mobile-app-marketing-user-acquisition-specialist-at-gg-tech-teknoloji-4463480526,İncelenecek
22,2026-09-27 11:06:04,30,Product Led Growth Manager,Jobgether,Türkiye,LinkedIn (TR),"İlan, stratejik seviyede ürün odaklı büyüme süreçlerini yönetecek deneyimli bir 'Product Led Growth Manager' aramaktadır. Adayın Getirfinans, P&G ve SabancıDx gibi güçlü staj geçmişinde ürün ve büyüme odaklı değerli deneyimleri bulunsa da, 'Manager' unvanlı bu pozisyonun gerektirdiği kıdem ve tam zamanlı yöneticilik tecrübesi henüz öğrenci/yeni mezun seviyesinde olan adayın profili için üst seviyede kalmaktadır.","Product-Led Growth (PLG), Ürün Yönetimi, Müşteri Yolculuğu ve CX Analitiği, Büyüme Stratejileri, Veriye Dayalı Karar Alma",https://tr.linkedin.com/jobs/view/product-led-growth-manager-at-jobgether-4469415929,İncelenecek
23,2026-09-27 11:06:04,73,Product Growth (apps),Aperture,Türkiye,LinkedIn (TR),Aperture bünyesinde Product Growth (apps) pozisyonu. Profil anahtar kelimelerinizle eşleşti.,Growth,https://tr.linkedin.com/jobs/view/product-growth-apps-at-aperture-4422404759,İncelenecek
24,2026-09-27 11:06:04,73,Product Growth (Monetisation) Manager,Aperture,Türkiye,LinkedIn (TR),Aperture bünyesinde Product Growth (Monetisation) Manager pozisyonu. Profil anahtar kelimelerinizle eşleşti.,Growth,https://tr.linkedin.com/jobs/view/product-growth-monetisation-manager-at-aperture-4451353509,İncelenecek
1,2026-09-27 18:47:49,73,Growth Manager,TikTak,"Kagithane, Istanbul, Türkiye",LinkedIn (TR),TikTak bünyesinde Growth Manager pozisyonu. Profil anahtar kelimelerinizle eşleşti.,Growth,https://tr.linkedin.com/jobs/view/growth-manager-at-tiktak-4467188138,İncelenecek
2,2026-09-27 18:47:49,85,Growth Marketing Specialist,Gamegos,"Istanbul, Türkiye",LinkedIn (TR),"Gamegos'un Growth Marketing Specialist pozisyonu, adayın P&G'deki marka büyütme ve dijital görünürlük (SEO/e-ticaret) tecrübeleri ile Getirfinans'ta Growth ekipleriyle yürüttüğü veri odaklı çalışmalarla oldukça iyi örtüşmektedir. Analitik altyapısı ve çok yönlü staj deneyimi sayesinde adayın bu rolde hızlı katma değer sağlaması beklenir.","Growth Marketing, Veri Analitiği & İçgörü Çıkarma, Kullanıcı Kazanımı (User Acquisition), SEO & Dijital Pazarlama, Çapraz Fonksiyonel İş Birliği",https://tr.linkedin.com/jobs/view/growth-marketing-specialist-at-gamegos-4466205359,İncelenecek
3,2026-09-27 18:47:49,30,Growth Manager,Rollic,"Istanbul, Türkiye",LinkedIn (TR),"Rollic bünyesindeki 'Growth Manager' pozisyonu, mobil oyun sektöründe kullanıcı kazanımı, performans pazarlaması ve bütçe yönetimi alanlarında kıdemli/orta-üst düzey tecrübe gerektiren bir yönetim rolüdür. Adayın P&G ve Getirfinans'ta büyüme ve marka odaklı staj deneyimleri bulunsa da henüz yeni mezun seviyesinde olması nedeniyle bu pozisyonun kıdem seviyesi gereksinimlerini karşılamamaktadır.","Growth Marketing, Veri Analitiği, Müşteri ve Pazar İçgörüsü, Performans ve Büyüme Stratejisi",https://tr.linkedin.com/jobs/view/growth-manager-at-rollic-4418746792,İncelenecek
4,2026-09-27 18:47:49,88,SaaS Growth Strategist (AI-Native),Vizio AI,Greater Istanbul,LinkedIn (TR),"Vizio AI'ın SaaS Growth Strategist (AI-Native) pozisyonu, adayın yapay zeka ürünleri, büyüme stratejileri (Growth) ve veri odaklı iş geliştirme deneyimleriyle son derece yüksek uyum göstermektedir. Adayın Getirfinans'ta yapay zeka asistanları ve büyüme (growth) ekipleriyle çalışması, P&G'de büyüme planları oluşturması ve Buluttan'da SaaS iş geliştirme tecrübesi bulunması pozisyon için güçlü bir temel sağlamaktadır.","SaaS Büyüme Stratejileri (Growth), Yapay Zeka (AI-Native) Uygulamaları, Veri ve Müşteri Analitiği (VoC), İş Geliştirme (BizDev), Ürün ve Kullanıcı Deneyimi Optimizasyonu",https://tr.linkedin.com/jobs/view/saas-growth-strategist-ai-native-at-vizio-ai-4458852211,İncelenecek
5,2026-09-27 18:47:49,73,Growth Specialist / Dijital Pazarlama Uzmanı,Melontik,"Kadikoy, Istanbul, Türkiye",LinkedIn (TR),Melontik bünyesinde Growth Specialist / Dijital Pazarlama Uzmanı pozisyonu. Profil anahtar kelimelerinizle eşleşti.,Growth,https://tr.linkedin.com/jobs/view/growth-specialist-dijital-pazarlama-uzman%C4%B1-at-melontik-4469308954,İncelenecek
6,2026-09-27 18:47:49,88,Growth Specialist,Fugo Games,"Sarıyer, Istanbul, Türkiye",LinkedIn (TR),"Fugo Games'in Sarıyer lokasyonundaki Growth Specialist pozisyonu, adayın P&G'deki marka büyüme ve dijital görünürlük tecrübesi ile Getirfinans'taki Growth-Ürün ekipleri arasındaki köprü rolüyle oldukça örtüşmektedir. Boğaziçi Endüstri Mühendisliği analitik altyapısı ve konum yakınlığı adayı bu giriş/uzman seviyesi rol için güçlü bir aday yapmaktadır.","Büyüme Stratejisi (Growth Strategy), Veri Analitiği, Dijital Pazarlama & SEO, Kullanıcı/Müşteri Deneyimi Analizi, Ürün & Pazar Analitiği",https://tr.linkedin.com/jobs/view/growth-specialist-at-fugo-games-4453862781,İncelenecek
7,2026-09-27 18:47:49,25,Growth & Marketing Manager,Deloitte,"Istanbul, Türkiye",LinkedIn (TR),"Deloitte bünyesindeki Growth & Marketing Manager pozisyonu, yönetim ve strateji tecrübesi gerektiren kıdemli (Manager) bir roldür. Adayın P&G marka yönetimi ve Getirfinans büyüme odaklı staj deneyimleri bulunsa da henüz yeni mezun aşamasında olması sebebiyle bu yönetsel pozisyon için gereken kıdeme ve deneyim yılına sahip değildir.","Growth Marketing, Brand Management, Strategic Planning, Customer Insights, Stakeholder Management",https://tr.linkedin.com/jobs/view/growth-marketing-manager-at-deloitte-4442808021,İncelenecek
8,2026-09-27 18:47:49,73,Growth&CRM Manager,Ticimax,"Ataşehir, Istanbul, Türkiye",LinkedIn (TR),Ticimax bünyesinde Growth&CRM Manager pozisyonu. Profil anahtar kelimelerinizle eşleşti.,Growth,https://tr.linkedin.com/jobs/view/growth-crm-manager-at-ticimax-4445319561,İncelenecek
9,2026-09-27 18:47:49,73,Growth Specialist - Gaming,Arcustin Games,Greater Istanbul,LinkedIn (TR),Arcustin Games bünyesinde Growth Specialist - Gaming pozisyonu. Profil anahtar kelimelerinizle eşleşti.,Growth,https://tr.linkedin.com/jobs/view/growth-specialist-gaming-at-arcustin-games-4465815722,İncelenecek
10,2026-09-27 18:47:49,73,Growth Specialist,Paxie Games,"Istanbul, Türkiye",LinkedIn (TR),Paxie Games bünyesinde Growth Specialist pozisyonu. Profil anahtar kelimelerinizle eşleşti.,Growth,https://tr.linkedin.com/jobs/view/growth-specialist-at-paxie-games-4433197640,İncelenecek
11,2026-09-27 18:47:49,73,Growth Specialist (New Grad),Agave Games,"Istanbul, Türkiye",LinkedIn (TR),Agave Games bünyesinde Growth Specialist (New Grad) pozisyonu. Profil anahtar kelimelerinizle eşleşti.,Growth,https://tr.linkedin.com/jobs/view/growth-specialist-new-grad-at-agave-games-4470159629,İncelenecek
12,2026-09-27 18:47:49,73,Dijital Kanallar - Growth & Analitik Uzmanı,Koçtaş,"Çekmeköy, Istanbul, Türkiye",LinkedIn (TR),Koçtaş bünyesinde Dijital Kanallar - Growth & Analitik Uzmanı pozisyonu. Profil anahtar kelimelerinizle eşleşti.,Growth,https://tr.linkedin.com/jobs/view/dijital-kanallar-growth-analitik-uzman%C4%B1-at-ko%C3%A7ta%C5%9F-4461167374,İncelenecek
13,2026-09-27 18:47:49,73,Growth Manager,Grand Games,"Istanbul, Türkiye",LinkedIn (TR),Grand Games bünyesinde Growth Manager pozisyonu. Profil anahtar kelimelerinizle eşleşti.,Growth,https://tr.linkedin.com/jobs/view/growth-manager-at-grand-games-4468655780,İncelenecek
14,2026-09-27 18:47:49,73,Performance Marketing Manager,Hesapkurdu,Greater Istanbul,LinkedIn (TR),Hesapkurdu bünyesinde Performance Marketing Manager pozisyonu. Profil anahtar kelimelerinizle eşleşti.,Performance Marketing,https://tr.linkedin.com/jobs/view/performance-marketing-manager-at-hesapkurdu-4469304310,İncelenecek
1,2026-09-28 12:28:14,73,Growth Manager,TikTak,"Kagithane, Istanbul, Türkiye",LinkedIn (TR),TikTak bünyesinde Growth Manager pozisyonu. Profil anahtar kelimelerinizle eşleşti.,Growth,https://tr.linkedin.com/jobs/view/growth-manager-at-tiktak-4467188138,İncelenecek
2,2026-09-28 12:28:14,73,Growth Marketing Specialist,Gamegos,"Istanbul, Türkiye",LinkedIn (TR),Gamegos bünyesinde Growth Marketing Specialist pozisyonu. Profil anahtar kelimelerinizle eşleşti.,Growth,https://tr.linkedin.com/jobs/view/growth-marketing-specialist-at-gamegos-4466205359,İncelenecek
3,2026-09-28 12:28:14,73,Growth Manager,Rollic,"Istanbul, Türkiye",LinkedIn (TR),Rollic bünyesinde Growth Manager pozisyonu. Profil anahtar kelimelerinizle eşleşti.,Growth,https://tr.linkedin.com/jobs/view/growth-manager-at-rollic-4418746792,İncelenecek
4,2026-09-28 12:28:14,73,SaaS Growth Strategist (AI-Native),Vizio AI,Greater Istanbul,LinkedIn (TR),Vizio AI bünyesinde SaaS Growth Strategist (AI-Native) pozisyonu. Profil anahtar kelimelerinizle eşleşti.,Growth,https://tr.linkedin.com/jobs/view/saas-growth-strategist-ai-native-at-vizio-ai-4458852211,İncelenecek
5,2026-09-28 12:28:14,85,Growth Specialist / Dijital Pazarlama Uzmanı,Melontik,"Kadikoy, Istanbul, Türkiye",LinkedIn (TR),"Melontik bünyesindeki Growth Specialist / Dijital Pazarlama Uzmanı pozisyonu, adayın P&G'de edindiği e-ticaret, SEO ve marka büyüme stratejileri ile Getirfinans'ta Growth ekipleriyle yürüttüğü çalışmalarla oldukça iyi örtüşmektedir. Adayın Boğaziçi Endüstri Mühendisliği analitik altyapısı ve çok yönlü staj tecrübeleri, bu giriş/uzmanlık seviyesindeki büyüme odaklı role güçlü bir uyum sağlamaktadır.","Growth Marketing & Büyüme Stratejileri, Dijital Pazarlama & SEO, Veri Analitiği ve Müşteri İçgörüsü, E-ticaret ve Kanal Yönetimi, Pazar ve Rakip Analizi",https://tr.linkedin.com/jobs/view/growth-specialist-dijital-pazarlama-uzman%C4%B1-at-melontik-4469308954,İncelenecek
6,2026-09-28 12:28:14,73,Growth Specialist,Fugo Games,"Sarıyer, Istanbul, Türkiye",LinkedIn (TR),Fugo Games bünyesinde Growth Specialist pozisyonu. Profil anahtar kelimelerinizle eşleşti.,Growth,https://tr.linkedin.com/jobs/view/growth-specialist-at-fugo-games-4453862781,İncelenecek
7,2026-09-28 12:28:14,25,Growth & Marketing Manager,Deloitte,"Istanbul, Türkiye",LinkedIn (TR),"Deloitte'un Growth & Marketing Manager pozisyonu, kapsamlı sektör tecrübesi ve ekip yönetimi yetkinlikleri gerektiren yönetsel (Manager) düzeyde bir roldür. Adayın P&G bünyesinde güçlü büyüme ve marka yönetimi staj deneyimi bulunsa da, henüz yeni mezun seviyesinde olması sebebiyle bu kıdemli rol için uygun değildir.","Growth Marketing, Brand Management, Go-to-Market Strategy, Market Analysis, Digital Visibility & SEO",https://tr.linkedin.com/jobs/view/growth-marketing-manager-at-deloitte-4442808021,İncelenecek
8,2026-09-28 12:28:14,73,Growth&CRM Manager,Ticimax,"Ataşehir, Istanbul, Türkiye",LinkedIn (TR),Ticimax bünyesinde Growth&CRM Manager pozisyonu. Profil anahtar kelimelerinizle eşleşti.,Growth,https://tr.linkedin.com/jobs/view/growth-crm-manager-at-ticimax-4445319561,İncelenecek
9,2026-09-28 12:28:14,85,Growth Specialist - Gaming,Arcustin Games,Greater Istanbul,LinkedIn (TR),"Arcustin Games bünyesindeki Growth Specialist - Gaming pozisyonu, adayın P&G'deki büyüme stratejisi, e-ticaret/SEO odaklı pazar geliştirme ve Getirfinans'taki Growth/CX kesişimindeki deneyimleriyle yüksek düzeyde örtüşmektedir. Güçlü analitik altyapısı ve çok yönlü staj tecrübeleri sayesinde aday bu rol için oldukça uygun bir junior/specialist profilidir.","Growth Marketing, Data Analysis & Reporting, Digital Marketing & SEO, Customer Acquisition & Retention, Cross-functional Collaboration, Product & Market Insights",https://tr.linkedin.com/jobs/view/growth-specialist-gaming-at-arcustin-games-4465815722,İncelenecek
10,2026-09-28 12:28:14,73,Growth Specialist,Paxie Games,"Istanbul, Türkiye",LinkedIn (TR),Paxie Games bünyesinde Growth Specialist pozisyonu. Profil anahtar kelimelerinizle eşleşti.,Growth,https://tr.linkedin.com/jobs/view/growth-specialist-at-paxie-games-4433197640,İncelenecek
11,2026-09-28 12:28:14,73,Growth Specialist (New Grad),Agave Games,"Istanbul, Türkiye",LinkedIn (TR),Agave Games bünyesinde Growth Specialist (New Grad) pozisyonu. Profil anahtar kelimelerinizle eşleşti.,Growth,https://tr.linkedin.com/jobs/view/growth-specialist-new-grad-at-agave-games-4470159629,İncelenecek
12,2026-09-28 12:28:14,73,Dijital Kanallar - Growth & Analitik Uzmanı,Koçtaş,"Çekmeköy, Istanbul, Türkiye",LinkedIn (TR),Koçtaş bünyesinde Dijital Kanallar - Growth & Analitik Uzmanı pozisyonu. Profil anahtar kelimelerinizle eşleşti.,Growth,https://tr.linkedin.com/jobs/view/dijital-kanallar-growth-analitik-uzman%C4%B1-at-ko%C3%A7ta%C5%9F-4461167374,İncelenecek
13,2026-09-28 12:28:14,73,Growth Manager,Grand Games,"Istanbul, Türkiye",LinkedIn (TR),Grand Games bünyesinde Growth Manager pozisyonu. Profil anahtar kelimelerinizle eşleşti.,Growth,https://tr.linkedin.com/jobs/view/growth-manager-at-grand-games-4468655780,İncelenecek
14,2026-09-28 12:28:14,73,Performance Marketing Manager,Hesapkurdu,Greater Istanbul,LinkedIn (TR),Hesapkurdu bünyesinde Performance Marketing Manager pozisyonu. Profil anahtar kelimelerinizle eşleşti.,Performance Marketing,https://tr.linkedin.com/jobs/view/performance-marketing-manager-at-hesapkurdu-4469304310,İncelenecek
15,2026-09-28 12:28:14,73,Founding Growth Marketer,The Flex,Türkiye,LinkedIn (TR),The Flex bünyesinde Founding Growth Marketer pozisyonu. Profil anahtar kelimelerinizle eşleşti.,Growth,https://tr.linkedin.com/jobs/view/founding-growth-marketer-at-the-flex-4471103029,İncelenecek
16,2026-09-28 12:28:14,73,Growth Marketing Manager (AI-Native),Efsora,"Urla, İzmir, Türkiye",LinkedIn (TR),Efsora bünyesinde Growth Marketing Manager (AI-Native) pozisyonu. Profil anahtar kelimelerinizle eşleşti.,Growth,https://tr.linkedin.com/jobs/view/growth-marketing-manager-ai-native-at-efsora-4466918317,İncelenecek
17,2026-09-28 12:28:14,73,Kıdemli Analitik Büyüme Uzmanı,Mikrogrup,"Istanbul, Türkiye",LinkedIn (TR),Mikrogrup bünyesinde Kıdemli Analitik Büyüme Uzmanı pozisyonu. Profil anahtar kelimelerinizle eşleşti.,Büyüme,https://tr.linkedin.com/jobs/view/k%C4%B1demli-analitik-b%C3%BCy%C3%BCme-uzman%C4%B1-at-mikrogrup-4469863265,İncelenecek
18,2026-09-28 12:28:14,73,Product & Growth Analyst,Midas Games,"Istanbul, Istanbul, Türkiye",LinkedIn (TR),Midas Games bünyesinde Product & Growth Analyst pozisyonu. Profil anahtar kelimelerinizle eşleşti.,Growth,https://tr.linkedin.com/jobs/view/product-growth-analyst-at-midas-games-4462222173,İncelenecek
19,2026-09-28 12:28:14,73,Growth Product Manager,Assistant App,Greater Istanbul,LinkedIn (TR),Assistant App bünyesinde Growth Product Manager pozisyonu. Profil anahtar kelimelerinizle eşleşti.,Growth,https://tr.linkedin.com/jobs/view/growth-product-manager-at-assistant-app-4430236743,İncelenecek
20,2026-09-28 12:28:14,73,Growth Product Manager,Infoset,"Istanbul, Türkiye",LinkedIn (TR),Infoset bünyesinde Growth Product Manager pozisyonu. Profil anahtar kelimelerinizle eşleşti.,Growth,https://tr.linkedin.com/jobs/view/growth-product-manager-at-infoset-4447139233,İncelenecek
21,2026-09-28 12:28:14,81,Mobile App Marketing & User Acquisition Specialist,GG Tech Teknoloji,"Kadikoy, Istanbul, Türkiye",LinkedIn (TR),GG Tech Teknoloji bünyesinde Mobile App Marketing & User Acquisition Specialist pozisyonu. Profil anahtar kelimelerinizle eşleşti.,"User Acquisition, Acquisition",https://tr.linkedin.com/jobs/view/mobile-app-marketing-user-acquisition-specialist-at-gg-tech-teknoloji-4463480526,İncelenecek
22,2026-09-28 12:28:14,73,Product Led Growth Manager,Jobgether,Türkiye,LinkedIn (TR),Jobgether bünyesinde Product Led Growth Manager pozisyonu. Profil anahtar kelimelerinizle eşleşti.,Growth,https://tr.linkedin.com/jobs/view/product-led-growth-manager-at-jobgether-4469415929,İncelenecek
23,2026-09-28 12:28:14,73,Product Growth (apps),Aperture,Türkiye,LinkedIn (TR),Aperture bünyesinde Product Growth (apps) pozisyonu. Profil anahtar kelimelerinizle eşleşti.,Growth,https://tr.linkedin.com/jobs/view/product-growth-apps-at-aperture-4422404759,İncelenecek
24,2026-09-28 12:28:14,73,Product Growth (Monetisation) Manager,Aperture,Türkiye,LinkedIn (TR),Aperture bünyesinde Product Growth (Monetisation) Manager pozisyonu. Profil anahtar kelimelerinizle eşleşti.,Growth,https://tr.linkedin.com/jobs/view/product-growth-monetisation-manager-at-aperture-4451353509,İncelenecek
1,2026-09-28 20:57:30,73,Growth Manager,TikTak,"Kagithane, Istanbul, Türkiye",LinkedIn (TR),TikTak bünyesinde Growth Manager pozisyonu. Profil anahtar kelimelerinizle eşleşti.,Growth,https://tr.linkedin.com/jobs/view/growth-manager-at-tiktak-4467188138,İncelenecek
2,2026-09-28 20:57:30,73,Growth Marketing Specialist,Gamegos,"Istanbul, Türkiye",LinkedIn (TR),Gamegos bünyesinde Growth Marketing Specialist pozisyonu. Profil anahtar kelimelerinizle eşleşti.,Growth,https://tr.linkedin.com/jobs/view/growth-marketing-specialist-at-gamegos-4466205359,İncelenecek
3,2026-09-28 20:57:30,73,Growth Manager,Rollic,"Istanbul, Türkiye",LinkedIn (TR),Rollic bünyesinde Growth Manager pozisyonu. Profil anahtar kelimelerinizle eşleşti.,Growth,https://tr.linkedin.com/jobs/view/growth-manager-at-rollic-4418746792,İncelenecek
4,2026-09-28 20:57:30,73,SaaS Growth Strategist (AI-Native),Vizio AI,Greater Istanbul,LinkedIn (TR),Vizio AI bünyesinde SaaS Growth Strategist (AI-Native) pozisyonu. Profil anahtar kelimelerinizle eşleşti.,Growth,https://tr.linkedin.com/jobs/view/saas-growth-strategist-ai-native-at-vizio-ai-4458852211,İncelenecek
5,2026-09-28 20:57:30,73,Growth Specialist / Dijital Pazarlama Uzmanı,Melontik,"Kadikoy, Istanbul, Türkiye",LinkedIn (TR),Melontik bünyesinde Growth Specialist / Dijital Pazarlama Uzmanı pozisyonu. Profil anahtar kelimelerinizle eşleşti.,Growth,https://tr.linkedin.com/jobs/view/growth-specialist-dijital-pazarlama-uzman%C4%B1-at-melontik-4469308954,İncelenecek
6,2026-09-28 20:57:30,73,Growth Specialist,Fugo Games,"Sarıyer, Istanbul, Türkiye",LinkedIn (TR),Fugo Games bünyesinde Growth Specialist pozisyonu. Profil anahtar kelimelerinizle eşleşti.,Growth,https://tr.linkedin.com/jobs/view/growth-specialist-at-fugo-games-4453862781,İncelenecek
7,2026-09-28 20:57:30,73,Growth & Marketing Manager,Deloitte,"Istanbul, Türkiye",LinkedIn (TR),Deloitte bünyesinde Growth & Marketing Manager pozisyonu. Profil anahtar kelimelerinizle eşleşti.,Growth,https://tr.linkedin.com/jobs/view/growth-marketing-manager-at-deloitte-4442808021,İncelenecek
8,2026-09-28 20:57:30,30,Growth&CRM Manager,Ticimax,"Ataşehir, Istanbul, Türkiye",LinkedIn (TR),"Ticimax bünyesindeki Growth&CRM Manager pozisyonu yönetsel ve kıdemli (Manager seviyesi) tecrübe gerektiren bir roldür. Adayın P&G ve Getirfinans gibi kurumlarda büyüme ve müşteri deneyimi alanında güçlü staj deneyimleri bulunsa da, henüz yeni mezun aşamasında olması sebebiyle bu yönetsel pozisyon için kıdem olarak uygun değildir.","Growth Marketing, CRM Stratejileri, Müşteri Deneyimi (CX), Veri Analitiği, Kullanıcı Yolculuğu Tasarımı",https://tr.linkedin.com/jobs/view/growth-crm-manager-at-ticimax-4445319561,İncelenecek
9,2026-09-28 20:57:30,73,Growth Specialist,Paxie Games,"Istanbul, Türkiye",LinkedIn (TR),Paxie Games bünyesinde Growth Specialist pozisyonu. Profil anahtar kelimelerinizle eşleşti.,Growth,https://tr.linkedin.com/jobs/view/growth-specialist-at-paxie-games-4433197640,İncelenecek
10,2026-09-28 20:57:30,73,Growth Specialist (New Grad),Agave Games,"Istanbul, Türkiye",LinkedIn (TR),Agave Games bünyesinde Growth Specialist (New Grad) pozisyonu. Profil anahtar kelimelerinizle eşleşti.,Growth,https://tr.linkedin.com/jobs/view/growth-specialist-new-grad-at-agave-games-4470159629,İncelenecek
11,2026-09-28 20:57:30,73,Dijital Kanallar - Growth & Analitik Uzmanı,Koçtaş,"Çekmeköy, Istanbul, Türkiye",LinkedIn (TR),Koçtaş bünyesinde Dijital Kanallar - Growth & Analitik Uzmanı pozisyonu. Profil anahtar kelimelerinizle eşleşti.,Growth,https://tr.linkedin.com/jobs/view/dijital-kanallar-growth-analitik-uzman%C4%B1-at-ko%C3%A7ta%C5%9F-4461167374,İncelenecek
12,2026-09-28 20:57:30,73,Growth Manager,Grand Games,"Istanbul, Türkiye",LinkedIn (TR),Grand Games bünyesinde Growth Manager pozisyonu. Profil anahtar kelimelerinizle eşleşti.,Growth,https://tr.linkedin.com/jobs/view/growth-manager-at-grand-games-4468655780,İncelenecek
13,2026-09-28 20:57:30,73,Performance Marketing Manager,Hesapkurdu,Greater Istanbul,LinkedIn (TR),Hesapkurdu bünyesinde Performance Marketing Manager pozisyonu. Profil anahtar kelimelerinizle eşleşti.,Performance Marketing,https://tr.linkedin.com/jobs/view/performance-marketing-manager-at-hesapkurdu-4469304310,İncelenecek
14,2026-09-28 20:57:30,73,Founding Growth Marketer,The Flex,Türkiye,LinkedIn (TR),The Flex bünyesinde Founding Growth Marketer pozisyonu. Profil anahtar kelimelerinizle eşleşti.,Growth,https://tr.linkedin.com/jobs/view/founding-growth-marketer-at-the-flex-4471103029,İncelenecek
15,2026-09-28 20:57:30,73,Growth Marketing Manager (AI-Native),Efsora,"Urla, İzmir, Türkiye",LinkedIn (TR),Efsora bünyesinde Growth Marketing Manager (AI-Native) pozisyonu. Profil anahtar kelimelerinizle eşleşti.,Growth,https://tr.linkedin.com/jobs/view/growth-marketing-manager-ai-native-at-efsora-4466918317,İncelenecek
16,2026-09-28 20:57:30,73,Kıdemli Analitik Büyüme Uzmanı,Mikrogrup,"Istanbul, Türkiye",LinkedIn (TR),Mikrogrup bünyesinde Kıdemli Analitik Büyüme Uzmanı pozisyonu. Profil anahtar kelimelerinizle eşleşti.,Büyüme,https://tr.linkedin.com/jobs/view/k%C4%B1demli-analitik-b%C3%BCy%C3%BCme-uzman%C4%B1-at-mikrogrup-4469863265,İncelenecek
17,2026-09-28 20:57:30,73,Growth Product Manager,Assistant App,Greater Istanbul,LinkedIn (TR),Assistant App bünyesinde Growth Product Manager pozisyonu. Profil anahtar kelimelerinizle eşleşti.,Growth,https://tr.linkedin.com/jobs/view/growth-product-manager-at-assistant-app-4430236743,İncelenecek
18,2026-09-28 20:57:30,73,Growth Product Manager,Infoset,"Istanbul, Türkiye",LinkedIn (TR),Infoset bünyesinde Growth Product Manager pozisyonu. Profil anahtar kelimelerinizle eşleşti.,Growth,https://tr.linkedin.com/jobs/view/growth-product-manager-at-infoset-4447139233,İncelenecek
19,2026-09-28 20:57:30,81,Mobile App Marketing & User Acquisition Specialist,GG Tech Teknoloji,"Kadikoy, Istanbul, Türkiye",LinkedIn (TR),GG Tech Teknoloji bünyesinde Mobile App Marketing & User Acquisition Specialist pozisyonu. Profil anahtar kelimelerinizle eşleşti.,"User Acquisition, Acquisition",https://tr.linkedin.com/jobs/view/mobile-app-marketing-user-acquisition-specialist-at-gg-tech-teknoloji-4463480526,İncelenecek
20,2026-09-28 20:57:31,73,Product Led Growth Manager,Jobgether,Türkiye,LinkedIn (TR),Jobgether bünyesinde Product Led Growth Manager pozisyonu. Profil anahtar kelimelerinizle eşleşti.,Growth,https://tr.linkedin.com/jobs/view/product-led-growth-manager-at-jobgether-4469415929,İncelenecek
21,2026-09-28 20:57:31,73,Product Growth (apps),Aperture,Türkiye,LinkedIn (TR),Aperture bünyesinde Product Growth (apps) pozisyonu. Profil anahtar kelimelerinizle eşleşti.,Growth,https://tr.linkedin.com/jobs/view/product-growth-apps-at-aperture-4422404759,İncelenecek
22,2026-09-28 20:57:31,73,Product Growth (Monetisation) Manager,Aperture,Türkiye,LinkedIn (TR),Aperture bünyesinde Product Growth (Monetisation) Manager pozisyonu. Profil anahtar kelimelerinizle eşleşti.,Growth,https://tr.linkedin.com/jobs/view/product-growth-monetisation-manager-at-aperture-4451353509,İncelenecek
1,2026-09-29 11:52:26,28,Growth Manager,TikTak,"Kagithane, Istanbul, Türkiye",LinkedIn (TR),"TikTak bünyesindeki 'Growth Manager' pozisyonu, doğrudan büyüme stratejilerini ve ekipleri yönetecek yönetsel (Manager/Mid-Senior) seviyede bir roldür. Adayın P&G, Getirfinans ve Buluttan gibi şirketlerde güçlü staj ve büyüme odaklı proje deneyimleri bulunsa da henüz mezuniyet aşamasında olması sebebiyle yönetsel tecrübe beklentisi taşıyan bu pozisyon için deneyim seviyesi uygun değildir.","Growth Strategy, Customer Acquisition & Retention, Data Analysis, Digital Marketing, Product Growth",https://tr.linkedin.com/jobs/view/growth-manager-at-tiktak-4467188138,İncelenecek
2,2026-09-29 11:52:26,73,Growth Marketing Specialist,Gamegos,"Istanbul, Türkiye",LinkedIn (TR),Gamegos bünyesinde Growth Marketing Specialist pozisyonu. Profil anahtar kelimelerinizle eşleşti.,Growth,https://tr.linkedin.com/jobs/view/growth-marketing-specialist-at-gamegos-4466205359,İncelenecek
3,2026-09-29 11:52:26,73,Growth Manager,Rollic,"Istanbul, Türkiye",LinkedIn (TR),Rollic bünyesinde Growth Manager pozisyonu. Profil anahtar kelimelerinizle eşleşti.,Growth,https://tr.linkedin.com/jobs/view/growth-manager-at-rollic-4418746792,İncelenecek
4,2026-09-29 11:52:26,73,SaaS Growth Strategist (AI-Native),Vizio AI,Greater Istanbul,LinkedIn (TR),Vizio AI bünyesinde SaaS Growth Strategist (AI-Native) pozisyonu. Profil anahtar kelimelerinizle eşleşti.,Growth,https://tr.linkedin.com/jobs/view/saas-growth-strategist-ai-native-at-vizio-ai-4458852211,İncelenecek
5,2026-09-29 11:52:26,73,Growth Specialist,Fugo Games,"Sarıyer, Istanbul, Türkiye",LinkedIn (TR),Fugo Games bünyesinde Growth Specialist pozisyonu. Profil anahtar kelimelerinizle eşleşti.,Growth,https://tr.linkedin.com/jobs/view/growth-specialist-at-fugo-games-4453862781,İncelenecek
6,2026-09-29 11:52:26,25,Growth & Marketing Manager,Deloitte,"Istanbul, Türkiye",LinkedIn (TR),"Pozisyon, Deloitte bünyesinde yönetsel düzeyde (Manager) büyüme ve pazarlama stratejilerini yönetecek deneyimli profesyonelleri hedeflemektedir. Adayın P&G'de marka yönetimi ve Getirfinans'ta büyüme odaklı staj tecrübeleri bulunsa da, yeni mezun profilinde olması sebebiyle bu seviyedeki bir pozisyon için tecrübesi yetersiz kalmaktadır.","Growth Marketing, Brand Management, Data-driven Reporting, Customer Journey, Market Analysis",https://tr.linkedin.com/jobs/view/growth-marketing-manager-at-deloitte-4442808021,İncelenecek
7,2026-09-29 11:52:26,73,Growth&CRM Manager,Ticimax,"Ataşehir, Istanbul, Türkiye",LinkedIn (TR),Ticimax bünyesinde Growth&CRM Manager pozisyonu. Profil anahtar kelimelerinizle eşleşti.,Growth,https://tr.linkedin.com/jobs/view/growth-crm-manager-at-ticimax-4445319561,İncelenecek
8,2026-09-29 11:52:26,73,Growth Specialist,Paxie Games,"Istanbul, Türkiye",LinkedIn (TR),Paxie Games bünyesinde Growth Specialist pozisyonu. Profil anahtar kelimelerinizle eşleşti.,Growth,https://tr.linkedin.com/jobs/view/growth-specialist-at-paxie-games-4433197640,İncelenecek
9,2026-09-29 11:52:26,73,Growth Specialist (New Grad),Agave Games,"Istanbul, Türkiye",LinkedIn (TR),Agave Games bünyesinde Growth Specialist (New Grad) pozisyonu. Profil anahtar kelimelerinizle eşleşti.,Growth,https://tr.linkedin.com/jobs/view/growth-specialist-new-grad-at-agave-games-4470159629,İncelenecek
10,2026-09-29 11:52:26,73,Dijital Kanallar - Growth & Analitik Uzmanı,Koçtaş,"Çekmeköy, Istanbul, Türkiye",LinkedIn (TR),Koçtaş bünyesinde Dijital Kanallar - Growth & Analitik Uzmanı pozisyonu. Profil anahtar kelimelerinizle eşleşti.,Growth,https://tr.linkedin.com/jobs/view/dijital-kanallar-growth-analitik-uzman%C4%B1-at-ko%C3%A7ta%C5%9F-4461167374,İncelenecek
11,2026-09-29 11:52:26,73,Performance Marketing Specialist,Impress IT & Education Technologies,"Kadikoy, Istanbul, Türkiye",LinkedIn (TR),Impress IT & Education Technologies bünyesinde Performance Marketing Specialist pozisyonu. Profil anahtar kelimelerinizle eşleşti.,Performance Marketing,https://tr.linkedin.com/jobs/view/performance-marketing-specialist-at-impress-it-education-technologies-4471704076,İncelenecek
12,2026-09-29 11:52:26,73,Growth Manager,Grand Games,"Istanbul, Türkiye",LinkedIn (TR),Grand Games bünyesinde Growth Manager pozisyonu. Profil anahtar kelimelerinizle eşleşti.,Growth,https://tr.linkedin.com/jobs/view/growth-manager-at-grand-games-4468655780,İncelenecek
13,2026-09-29 11:52:26,73,Performance Marketing Manager,Hesapkurdu,Greater Istanbul,LinkedIn (TR),Hesapkurdu bünyesinde Performance Marketing Manager pozisyonu. Profil anahtar kelimelerinizle eşleşti.,Performance Marketing,https://tr.linkedin.com/jobs/view/performance-marketing-manager-at-hesapkurdu-4469304310,İncelenecek
14,2026-09-29 11:52:26,25,Performance Marketing Manager,Pine Games,Greater Istanbul,LinkedIn (TR),"Pine Games bünyesindeki Performance Marketing Manager pozisyonu, mobil oyun sektöründe performans pazarlaması ve kullanıcı kazanımı (UA) alanında çok yıllık yöneticilik/uzmanlık tecrübesi gerektiren bir roldür. Adayın güçlü bir marka yönetimi ve analitik geçmişi bulunsa da henüz yeni mezun seviyesinde olması ve performans pazarlaması uzmanlığının bulunmaması nedeniyle bu pozisyon adayın mevcut seviyesine uygun değildir.","Performance Marketing, User Acquisition (UA), Data Analysis, Growth Strategy, Digital Marketing",https://tr.linkedin.com/jobs/view/performance-marketing-manager-at-pine-games-4473217809,İncelenecek
15,2026-09-29 11:52:26,73,Founding Growth Marketer,The Flex,Türkiye,LinkedIn (TR),The Flex bünyesinde Founding Growth Marketer pozisyonu. Profil anahtar kelimelerinizle eşleşti.,Growth,https://tr.linkedin.com/jobs/view/founding-growth-marketer-at-the-flex-4471103029,İncelenecek
16,2026-09-29 11:52:26,73,Growth Marketing Manager (AI-Native),Efsora,"Urla, İzmir, Türkiye",LinkedIn (TR),Efsora bünyesinde Growth Marketing Manager (AI-Native) pozisyonu. Profil anahtar kelimelerinizle eşleşti.,Growth,https://tr.linkedin.com/jobs/view/growth-marketing-manager-ai-native-at-efsora-4466918317,İncelenecek
17,2026-09-29 11:52:26,73,Kıdemli Analitik Büyüme Uzmanı,Mikrogrup,"Istanbul, Türkiye",LinkedIn (TR),Mikrogrup bünyesinde Kıdemli Analitik Büyüme Uzmanı pozisyonu. Profil anahtar kelimelerinizle eşleşti.,Büyüme,https://tr.linkedin.com/jobs/view/k%C4%B1demli-analitik-b%C3%BCy%C3%BCme-uzman%C4%B1-at-mikrogrup-4469863265,İncelenecek
18,2026-09-29 11:52:26,73,Growth Product Manager,Assistant App,Greater Istanbul,LinkedIn (TR),Assistant App bünyesinde Growth Product Manager pozisyonu. Profil anahtar kelimelerinizle eşleşti.,Growth,https://tr.linkedin.com/jobs/view/growth-product-manager-at-assistant-app-4430236743,İncelenecek
19,2026-09-29 11:52:26,82,Growth Product Manager,Infoset,"Istanbul, Türkiye",LinkedIn (TR),"Infoset'in Growth Product Manager pozisyonu, adayın SabancıDx'teki Ürün Yönetimi ve Getirfinans ile P&G'deki Büyüme (Growth) ve Müşteri Deneyimi deneyimleriyle oldukça iyi örtüşmektedir. Adayın Boğaziçi Endüstri Mühendisliği analitik altyapısı ve çoklu departman koordinasyonu yetkinliği, SaaS odaklı bu büyüme ve ürün rolü için adayı güçlü bir potansiyel kılmaktadır.","Product Management, Growth Strategies, Customer Journey Mapping, Data-Driven Decision Making, Cross-functional Collaboration, User Experience (UX/CX)",https://tr.linkedin.com/jobs/view/growth-product-manager-at-infoset-4447139233,İncelenecek
20,2026-09-29 11:52:26,81,Mobile App Marketing & User Acquisition Specialist,GG Tech Teknoloji,"Kadikoy, Istanbul, Türkiye",LinkedIn (TR),GG Tech Teknoloji bünyesinde Mobile App Marketing & User Acquisition Specialist pozisyonu. Profil anahtar kelimelerinizle eşleşti.,"User Acquisition, Acquisition",https://tr.linkedin.com/jobs/view/mobile-app-marketing-user-acquisition-specialist-at-gg-tech-teknoloji-4463480526,İncelenecek
21,2026-09-29 11:52:26,30,Product Led Growth Manager,Jobgether,Türkiye,LinkedIn (TR),"İlan 'Product Led Growth Manager' seviyesinde yönetsel ve derinlemesine büyüme/ürün stratejisi tecrübesi gerektiren bir pozisyondur. Adayın ürün yönetimi, büyüme ve müşteri deneyimi stajları güçlü olsa da, henüz yeni mezun/öğrenci seviyesinde olması sebebiyle bu yönetsel pozisyon için kıdem olarak uygun değildir.","Product-Led Growth (PLG), Ürün Yönetimi, Müşteri Yolculuğu Optimizasyonu, Büyüme Stratejileri, Veri Analitiği",https://tr.linkedin.com/jobs/view/product-led-growth-manager-at-jobgether-4469415929,İncelenecek
22,2026-09-29 11:52:26,73,Product Growth (apps),Aperture,Türkiye,LinkedIn (TR),Aperture bünyesinde Product Growth (apps) pozisyonu. Profil anahtar kelimelerinizle eşleşti.,Growth,https://tr.linkedin.com/jobs/view/product-growth-apps-at-aperture-4422404759,İncelenecek
23,2026-09-29 11:52:26,73,Product Growth (Monetisation) Manager,Aperture,Türkiye,LinkedIn (TR),Aperture bünyesinde Product Growth (Monetisation) Manager pozisyonu. Profil anahtar kelimelerinizle eşleşti.,Growth,https://tr.linkedin.com/jobs/view/product-growth-monetisation-manager-at-aperture-4451353509,İncelenecek
24,2026-09-29 11:52:26,73,Growth Manager - New Grad,Good Job Games,"Istanbul, Türkiye",LinkedIn (TR),Good Job Games bünyesinde Growth Manager - New Grad pozisyonu. Profil anahtar kelimelerinizle eşleşti.,Growth,https://tr.linkedin.com/jobs/view/growth-manager-new-grad-at-good-job-games-4446577248,İncelenecek
25,2026-09-29 11:52:26,81,Performance Marketing Specialist,clickzone - Growth Marketing Agency,"Istanbul, Türkiye",LinkedIn (TR),clickzone - Growth Marketing Agency bünyesinde Performance Marketing Specialist pozisyonu. Profil anahtar kelimelerinizle eşleşti.,"Growth, Performance Marketing",https://tr.linkedin.com/jobs/view/performance-marketing-specialist-at-clickzone-growth-marketing-agency-4461823378,İncelenecek
26,2026-09-29 11:52:26,73,Growth Manager,Good Job Games,"Istanbul, Türkiye",LinkedIn (TR),Good Job Games bünyesinde Growth Manager pozisyonu. Profil anahtar kelimelerinizle eşleşti.,Growth,https://tr.linkedin.com/jobs/view/growth-manager-at-good-job-games-4336577304,İncelenecek
27,2026-09-29 11:52:26,73,Growth Marketing Associate Manager,Armut / HomeRun,"Istanbul, Türkiye",LinkedIn (TR),Armut / HomeRun bünyesinde Growth Marketing Associate Manager pozisyonu. Profil anahtar kelimelerinizle eşleşti.,Growth,https://tr.linkedin.com/jobs/view/growth-marketing-associate-manager-at-armut-homerun-4463424655,İncelenecek
28,2026-09-29 11:52:26,81,User Acquisition Specialist,NativeMinds,Türkiye,LinkedIn (TR),NativeMinds bünyesinde User Acquisition Specialist pozisyonu. Profil anahtar kelimelerinizle eşleşti.,"User Acquisition, Acquisition",https://tr.linkedin.com/jobs/view/user-acquisition-specialist-at-nativeminds-4462511577,İncelenecek
29,2026-09-29 11:52:26,81,User Acquisition Specialist,Univenn,"İzmir, İzmir, Türkiye",LinkedIn (TR),Univenn bünyesinde User Acquisition Specialist pozisyonu. Profil anahtar kelimelerinizle eşleşti.,"User Acquisition, Acquisition",https://tr.linkedin.com/jobs/view/user-acquisition-specialist-at-univenn-4469323725,İncelenecek
30,2026-09-29 11:52:26,81,User Acquisition Specialist (App Store Optimization - ASO),ShyftUp | App Store Optimization & Mobile App Marketing Agency,Türkiye,LinkedIn (TR),ShyftUp | App Store Optimization & Mobile App Marketing Agency bünyesinde User Acquisition Specialist (App Store Optimization - ASO) pozisyonu. Profil anahtar kelimelerinizle eşleşti.,"User Acquisition, Acquisition",https://tr.linkedin.com/jobs/view/user-acquisition-specialist-app-store-optimization-aso-at-shyftup-app-store-optimization-mobile-app-marketing-agency-4463481725,İncelenecek
31,2026-09-29 11:52:26,73,Performance Marketing Manager - Display Channels,Armut / HomeRun,"Istanbul, Türkiye",LinkedIn (TR),Armut / HomeRun bünyesinde Performance Marketing Manager - Display Channels pozisyonu. Profil anahtar kelimelerinizle eşleşti.,Performance Marketing,https://tr.linkedin.com/jobs/view/performance-marketing-manager-display-channels-at-armut-homerun-4467605131,İncelenecek
32,2026-09-29 11:52:26,73,E-Commerce Performance Marketing Executive,High5,"Istanbul, Türkiye",LinkedIn (TR),High5 bünyesinde E-Commerce Performance Marketing Executive pozisyonu. Profil anahtar kelimelerinizle eşleşti.,Performance Marketing,https://tr.linkedin.com/jobs/view/e-commerce-performance-marketing-executive-at-high5-4471380619,İncelenecek
33,2026-09-29 11:52:26,73,Paid Media / Performance Marketing Manager (apps),Aperture,Türkiye,LinkedIn (TR),Aperture bünyesinde Paid Media / Performance Marketing Manager (apps) pozisyonu. Profil anahtar kelimelerinizle eşleşti.,Performance Marketing,https://tr.linkedin.com/jobs/view/paid-media-performance-marketing-manager-apps-at-aperture-4460365065,İncelenecek
34,2026-09-29 11:52:26,73,Performance Marketing / UA Manager,SevenApps,Greater Istanbul,LinkedIn (TR),SevenApps bünyesinde Performance Marketing / UA Manager pozisyonu. Profil anahtar kelimelerinizle eşleşti.,Performance Marketing,https://tr.linkedin.com/jobs/view/performance-marketing-ua-manager-at-sevenapps-4466554055,İncelenecek
35,2026-09-29 11:52:26,81,User Acquisition Manager,Mobiversite,Türkiye,LinkedIn (TR),Mobiversite bünyesinde User Acquisition Manager pozisyonu. Profil anahtar kelimelerinizle eşleşti.,"User Acquisition, Acquisition",https://tr.linkedin.com/jobs/view/user-acquisition-manager-at-mobiversite-4439411812,İncelenecek
36,2026-09-29 11:52:26,81,User Acquisition Manager (Remote),Mode Mobile,Türkiye,LinkedIn (TR),Mode Mobile bünyesinde User Acquisition Manager (Remote) pozisyonu. Profil anahtar kelimelerinizle eşleşti.,"User Acquisition, Acquisition",https://tr.linkedin.com/jobs/view/user-acquisition-manager-remote-at-mode-mobile-4463136278,İncelenecek
1,2026-09-29 19:43:27,81,Growth & Performance Marketing Manager,FTD,"Sisli, Istanbul, Türkiye",LinkedIn (TR),FTD bünyesinde Growth & Performance Marketing Manager pozisyonu. Profil anahtar kelimelerinizle eşleşti.,"Growth, Performance Marketing",https://tr.linkedin.com/jobs/view/growth-performance-marketing-manager-at-ftd-4471762625,İncelenecek
2,2026-09-29 19:43:27,73,Growth Manager,TikTak,"Kagithane, Istanbul, Türkiye",LinkedIn (TR),TikTak bünyesinde Growth Manager pozisyonu. Profil anahtar kelimelerinizle eşleşti.,Growth,https://tr.linkedin.com/jobs/view/growth-manager-at-tiktak-4467188138,İncelenecek
3,2026-09-29 19:43:27,73,Growth Marketing Specialist,Gamegos,"Istanbul, Türkiye",LinkedIn (TR),Gamegos bünyesinde Growth Marketing Specialist pozisyonu. Profil anahtar kelimelerinizle eşleşti.,Growth,https://tr.linkedin.com/jobs/view/growth-marketing-specialist-at-gamegos-4466205359,İncelenecek
4,2026-09-29 19:43:27,73,Growth Manager,Rollic,"Istanbul, Türkiye",LinkedIn (TR),Rollic bünyesinde Growth Manager pozisyonu. Profil anahtar kelimelerinizle eşleşti.,Growth,https://tr.linkedin.com/jobs/view/growth-manager-at-rollic-4418746792,İncelenecek
5,2026-09-29 19:43:27,73,SaaS Growth Strategist (AI-Native),Vizio AI,Greater Istanbul,LinkedIn (TR),Vizio AI bünyesinde SaaS Growth Strategist (AI-Native) pozisyonu. Profil anahtar kelimelerinizle eşleşti.,Growth,https://tr.linkedin.com/jobs/view/saas-growth-strategist-ai-native-at-vizio-ai-4458852211,İncelenecek
6,2026-09-29 19:43:27,73,Growth Specialist,Fugo Games,"Sarıyer, Istanbul, Türkiye",LinkedIn (TR),Fugo Games bünyesinde Growth Specialist pozisyonu. Profil anahtar kelimelerinizle eşleşti.,Growth,https://tr.linkedin.com/jobs/view/growth-specialist-at-fugo-games-4453862781,İncelenecek
7,2026-09-29 19:43:27,73,Growth & Marketing Manager,Deloitte,"Istanbul, Türkiye",LinkedIn (TR),Deloitte bünyesinde Growth & Marketing Manager pozisyonu. Profil anahtar kelimelerinizle eşleşti.,Growth,https://tr.linkedin.com/jobs/view/growth-marketing-manager-at-deloitte-4442808021,İncelenecek
8,2026-09-29 19:43:27,73,Growth&CRM Manager,Ticimax,"Ataşehir, Istanbul, Türkiye",LinkedIn (TR),Ticimax bünyesinde Growth&CRM Manager pozisyonu. Profil anahtar kelimelerinizle eşleşti.,Growth,https://tr.linkedin.com/jobs/view/growth-crm-manager-at-ticimax-4445319561,İncelenecek
9,2026-09-29 19:43:27,73,Growth Specialist - Gaming,Arcustin Games,Greater Istanbul,LinkedIn (TR),Arcustin Games bünyesinde Growth Specialist - Gaming pozisyonu. Profil anahtar kelimelerinizle eşleşti.,Growth,https://tr.linkedin.com/jobs/view/growth-specialist-gaming-at-arcustin-games-4465815722,İncelenecek
10,2026-09-29 19:43:27,73,Growth Specialist,Paxie Games,"Istanbul, Türkiye",LinkedIn (TR),Paxie Games bünyesinde Growth Specialist pozisyonu. Profil anahtar kelimelerinizle eşleşti.,Growth,https://tr.linkedin.com/jobs/view/growth-specialist-at-paxie-games-4433197640,İncelenecek
11,2026-09-29 19:43:27,73,Growth Specialist (New Grad),Agave Games,"Istanbul, Türkiye",LinkedIn (TR),Agave Games bünyesinde Growth Specialist (New Grad) pozisyonu. Profil anahtar kelimelerinizle eşleşti.,Growth,https://tr.linkedin.com/jobs/view/growth-specialist-new-grad-at-agave-games-4470159629,İncelenecek
12,2026-09-29 19:43:27,73,Dijital Kanallar - Growth & Analitik Uzmanı,Koçtaş,"Çekmeköy, Istanbul, Türkiye",LinkedIn (TR),Koçtaş bünyesinde Dijital Kanallar - Growth & Analitik Uzmanı pozisyonu. Profil anahtar kelimelerinizle eşleşti.,Growth,https://tr.linkedin.com/jobs/view/dijital-kanallar-growth-analitik-uzman%C4%B1-at-ko%C3%A7ta%C5%9F-4461167374,İncelenecek
13,2026-09-29 19:43:27,73,Growth Manager,Grand Games,"Istanbul, Türkiye",LinkedIn (TR),Grand Games bünyesinde Growth Manager pozisyonu. Profil anahtar kelimelerinizle eşleşti.,Growth,https://tr.linkedin.com/jobs/view/growth-manager-at-grand-games-4468655780,İncelenecek
14,2026-09-29 19:43:27,73,Performance Marketing Manager,Hesapkurdu,Greater Istanbul,LinkedIn (TR),Hesapkurdu bünyesinde Performance Marketing Manager pozisyonu. Profil anahtar kelimelerinizle eşleşti.,Performance Marketing,https://tr.linkedin.com/jobs/view/performance-marketing-manager-at-hesapkurdu-4469304310,İncelenecek
15,2026-09-29 19:43:27,73,Performance Marketing Manager,Pine Games,Greater Istanbul,LinkedIn (TR),Pine Games bünyesinde Performance Marketing Manager pozisyonu. Profil anahtar kelimelerinizle eşleşti.,Performance Marketing,https://tr.linkedin.com/jobs/view/performance-marketing-manager-at-pine-games-4473217809,İncelenecek
16,2026-09-29 19:43:27,73,Founding Growth Marketer,The Flex,Türkiye,LinkedIn (TR),The Flex bünyesinde Founding Growth Marketer pozisyonu. Profil anahtar kelimelerinizle eşleşti.,Growth,https://tr.linkedin.com/jobs/view/founding-growth-marketer-at-the-flex-4471103029,İncelenecek
17,2026-09-29 19:43:27,73,Growth Marketing Manager (AI-Native),Efsora,"Urla, İzmir, Türkiye",LinkedIn (TR),Efsora bünyesinde Growth Marketing Manager (AI-Native) pozisyonu. Profil anahtar kelimelerinizle eşleşti.,Growth,https://tr.linkedin.com/jobs/view/growth-marketing-manager-ai-native-at-efsora-4466918317,İncelenecek
18,2026-09-29 19:43:27,73,Kıdemli Analitik Büyüme Uzmanı,Mikrogrup,"Istanbul, Türkiye",LinkedIn (TR),Mikrogrup bünyesinde Kıdemli Analitik Büyüme Uzmanı pozisyonu. Profil anahtar kelimelerinizle eşleşti.,Büyüme,https://tr.linkedin.com/jobs/view/k%C4%B1demli-analitik-b%C3%BCy%C3%BCme-uzman%C4%B1-at-mikrogrup-4469863265,İncelenecek
19,2026-09-29 19:43:27,73,Growth Product Manager,Assistant App,Greater Istanbul,LinkedIn (TR),Assistant App bünyesinde Growth Product Manager pozisyonu. Profil anahtar kelimelerinizle eşleşti.,Growth,https://tr.linkedin.com/jobs/view/growth-product-manager-at-assistant-app-4430236743,İncelenecek
20,2026-09-29 19:43:27,73,Growth Product Manager,Infoset,"Istanbul, Türkiye",LinkedIn (TR),Infoset bünyesinde Growth Product Manager pozisyonu. Profil anahtar kelimelerinizle eşleşti.,Growth,https://tr.linkedin.com/jobs/view/growth-product-manager-at-infoset-4447139233,İncelenecek
21,2026-09-29 19:43:27,81,Mobile App Marketing & User Acquisition Specialist,GG Tech Teknoloji,"Kadikoy, Istanbul, Türkiye",LinkedIn (TR),GG Tech Teknoloji bünyesinde Mobile App Marketing & User Acquisition Specialist pozisyonu. Profil anahtar kelimelerinizle eşleşti.,"User Acquisition, Acquisition",https://tr.linkedin.com/jobs/view/mobile-app-marketing-user-acquisition-specialist-at-gg-tech-teknoloji-4463480526,İncelenecek
22,2026-09-29 19:43:27,73,Product Led Growth Manager,Jobgether,Türkiye,LinkedIn (TR),Jobgether bünyesinde Product Led Growth Manager pozisyonu. Profil anahtar kelimelerinizle eşleşti.,Growth,https://tr.linkedin.com/jobs/view/product-led-growth-manager-at-jobgether-4469415929,İncelenecek
23,2026-09-29 19:43:27,73,Product Growth (apps),Aperture,Türkiye,LinkedIn (TR),Aperture bünyesinde Product Growth (apps) pozisyonu. Profil anahtar kelimelerinizle eşleşti.,Growth,https://tr.linkedin.com/jobs/view/product-growth-apps-at-aperture-4422404759,İncelenecek
24,2026-09-29 19:43:27,73,Product Growth (Monetisation) Manager,Aperture,Türkiye,LinkedIn (TR),Aperture bünyesinde Product Growth (Monetisation) Manager pozisyonu. Profil anahtar kelimelerinizle eşleşti.,Growth,https://tr.linkedin.com/jobs/view/product-growth-monetisation-manager-at-aperture-4451353509,İncelenecek
1,2026-09-30 11:39:08,81,Growth & Performance Marketing Manager,FTD,"Sisli, Istanbul, Türkiye",LinkedIn (TR),FTD bünyesinde Growth & Performance Marketing Manager pozisyonu. Profil anahtar kelimelerinizle eşleşti.,"Growth, Performance Marketing",https://tr.linkedin.com/jobs/view/growth-performance-marketing-manager-at-ftd-4471762625,İncelenecek
2,2026-09-30 11:39:08,73,Growth Manager,TikTak,"Kagithane, Istanbul, Türkiye",LinkedIn (TR),TikTak bünyesinde Growth Manager pozisyonu. Profil anahtar kelimelerinizle eşleşti.,Growth,https://tr.linkedin.com/jobs/view/growth-manager-at-tiktak-4467188138,İncelenecek
3,2026-09-30 11:39:08,85,Growth Marketing Specialist,Gamegos,"Istanbul, Türkiye",LinkedIn (TR),"Gamegos'un Growth Marketing Specialist pozisyonu, adayın P&G'de edindiği e-ticaret büyüme stratejileri, SEO çalışmaları ve Getirfinans'ta büyüme (growth) ekipleriyle yürüttüğü veri odaklı projelerle oldukça uyumludur. Adayın Boğaziçi Endüstri Mühendisliği analitik altyapısı, mobil oyun sektöründeki kullanıcı kazanımı ve büyüme hedefleri için güçlü bir zemin sunmaktadır.","Growth Marketing, Data Analysis, Digital Visibility & SEO, Performance & Growth Strategy, Cross-functional Collaboration, Customer Insights",https://tr.linkedin.com/jobs/view/growth-marketing-specialist-at-gamegos-4466205359,İncelenecek
4,2026-09-30 11:39:08,73,Growth Manager,Rollic,"Istanbul, Türkiye",LinkedIn (TR),Rollic bünyesinde Growth Manager pozisyonu. Profil anahtar kelimelerinizle eşleşti.,Growth,https://tr.linkedin.com/jobs/view/growth-manager-at-rollic-4418746792,İncelenecek
5,2026-09-30 11:39:08,73,SaaS Growth Strategist (AI-Native),Vizio AI,Greater Istanbul,LinkedIn (TR),Vizio AI bünyesinde SaaS Growth Strategist (AI-Native) pozisyonu. Profil anahtar kelimelerinizle eşleşti.,Growth,https://tr.linkedin.com/jobs/view/saas-growth-strategist-ai-native-at-vizio-ai-4458852211,İncelenecek
6,2026-09-30 11:39:08,73,Growth Specialist,Fugo Games,"Sarıyer, Istanbul, Türkiye",LinkedIn (TR),Fugo Games bünyesinde Growth Specialist pozisyonu. Profil anahtar kelimelerinizle eşleşti.,Growth,https://tr.linkedin.com/jobs/view/growth-specialist-at-fugo-games-4453862781,İncelenecek
7,2026-09-30 11:39:08,73,Growth & Marketing Manager,Deloitte,"Istanbul, Türkiye",LinkedIn (TR),Deloitte bünyesinde Growth & Marketing Manager pozisyonu. Profil anahtar kelimelerinizle eşleşti.,Growth,https://tr.linkedin.com/jobs/view/growth-marketing-manager-at-deloitte-4442808021,İncelenecek
8,2026-09-30 11:39:08,73,Growth Specialist - Gaming,Arcustin Games,Greater Istanbul,LinkedIn (TR),Arcustin Games bünyesinde Growth Specialist - Gaming pozisyonu. Profil anahtar kelimelerinizle eşleşti.,Growth,https://tr.linkedin.com/jobs/view/growth-specialist-gaming-at-arcustin-games-4465815722,İncelenecek
9,2026-09-30 11:39:08,73,Growth Specialist,Paxie Games,"Istanbul, Türkiye",LinkedIn (TR),Paxie Games bünyesinde Growth Specialist pozisyonu. Profil anahtar kelimelerinizle eşleşti.,Growth,https://tr.linkedin.com/jobs/view/growth-specialist-at-paxie-games-4433197640,İncelenecek
10,2026-09-30 11:39:08,73,Growth Specialist (New Grad),Agave Games,"Istanbul, Türkiye",LinkedIn (TR),Agave Games bünyesinde Growth Specialist (New Grad) pozisyonu. Profil anahtar kelimelerinizle eşleşti.,Growth,https://tr.linkedin.com/jobs/view/growth-specialist-new-grad-at-agave-games-4470159629,İncelenecek
11,2026-09-30 11:39:08,73,Dijital Kanallar - Growth & Analitik Uzmanı,Koçtaş,"Çekmeköy, Istanbul, Türkiye",LinkedIn (TR),Koçtaş bünyesinde Dijital Kanallar - Growth & Analitik Uzmanı pozisyonu. Profil anahtar kelimelerinizle eşleşti.,Growth,https://tr.linkedin.com/jobs/view/dijital-kanallar-growth-analitik-uzman%C4%B1-at-ko%C3%A7ta%C5%9F-4461167374,İncelenecek
12,2026-09-30 11:39:08,73,Performance Marketing Specialist,Impress IT & Education Technologies,"Kadikoy, Istanbul, Türkiye",LinkedIn (TR),Impress IT & Education Technologies bünyesinde Performance Marketing Specialist pozisyonu. Profil anahtar kelimelerinizle eşleşti.,Performance Marketing,https://tr.linkedin.com/jobs/view/performance-marketing-specialist-at-impress-it-education-technologies-4472144445,İncelenecek
13,2026-09-30 11:39:08,73,Growth Manager,Grand Games,"Istanbul, Türkiye",LinkedIn (TR),Grand Games bünyesinde Growth Manager pozisyonu. Profil anahtar kelimelerinizle eşleşti.,Growth,https://tr.linkedin.com/jobs/view/growth-manager-at-grand-games-4468655780,İncelenecek
14,2026-09-30 11:39:08,73,Performance Marketing Manager,Hesapkurdu,Greater Istanbul,LinkedIn (TR),Hesapkurdu bünyesinde Performance Marketing Manager pozisyonu. Profil anahtar kelimelerinizle eşleşti.,Performance Marketing,https://tr.linkedin.com/jobs/view/performance-marketing-manager-at-hesapkurdu-4469304310,İncelenecek
15,2026-09-30 11:39:08,73,Performance Marketing Manager,Pine Games,Greater Istanbul,LinkedIn (TR),Pine Games bünyesinde Performance Marketing Manager pozisyonu. Profil anahtar kelimelerinizle eşleşti.,Performance Marketing,https://tr.linkedin.com/jobs/view/performance-marketing-manager-at-pine-games-4473217809,İncelenecek
16,2026-09-30 11:39:08,73,Founding Growth Marketer,The Flex,Türkiye,LinkedIn (TR),The Flex bünyesinde Founding Growth Marketer pozisyonu. Profil anahtar kelimelerinizle eşleşti.,Growth,https://tr.linkedin.com/jobs/view/founding-growth-marketer-at-the-flex-4471103029,İncelenecek
17,2026-09-30 11:39:08,73,Growth Marketing Manager (AI-Native),Efsora,"Urla, İzmir, Türkiye",LinkedIn (TR),Efsora bünyesinde Growth Marketing Manager (AI-Native) pozisyonu. Profil anahtar kelimelerinizle eşleşti.,Growth,https://tr.linkedin.com/jobs/view/growth-marketing-manager-ai-native-at-efsora-4466918317,İncelenecek
18,2026-09-30 11:39:08,25,Kıdemli Analitik Büyüme Uzmanı,Mikrogrup,"Istanbul, Türkiye",LinkedIn (TR),İlan Mikrogrup bünyesinde 'Kıdemli Analitik Büyüme Uzmanı' (Senior Analytical Growth Specialist) seviyesinde kıdemli profesyonel aramaktadır. Adayın Boğaziçi Endüstri Mühendisliği geçmişi ve büyüme/analitik alanındaki staj deneyimleri güçlü olsa da rolün kıdemli (Senior) seviyede olması nedeniyle profil pozisyona uygun değildir.,"Büyüme Analitiği, Veri Analizi, Müşteri İçgörüsü, Büyüme Stratejisi",https://tr.linkedin.com/jobs/view/k%C4%B1demli-analitik-b%C3%BCy%C3%BCme-uzman%C4%B1-at-mikrogrup-4469863265,İncelenecek
19,2026-09-30 11:39:08,73,Growth Product Manager,Assistant App,Greater Istanbul,LinkedIn (TR),Assistant App bünyesinde Growth Product Manager pozisyonu. Profil anahtar kelimelerinizle eşleşti.,Growth,https://tr.linkedin.com/jobs/view/growth-product-manager-at-assistant-app-4430236743,İncelenecek
20,2026-09-30 11:39:08,73,Growth Product Manager,Infoset,"Istanbul, Türkiye",LinkedIn (TR),Infoset bünyesinde Growth Product Manager pozisyonu. Profil anahtar kelimelerinizle eşleşti.,Growth,https://tr.linkedin.com/jobs/view/growth-product-manager-at-infoset-4447139233,İncelenecek
21,2026-09-30 11:39:08,81,Mobile App Marketing & User Acquisition Specialist,GG Tech Teknoloji,"Kadikoy, Istanbul, Türkiye",LinkedIn (TR),GG Tech Teknoloji bünyesinde Mobile App Marketing & User Acquisition Specialist pozisyonu. Profil anahtar kelimelerinizle eşleşti.,"User Acquisition, Acquisition",https://tr.linkedin.com/jobs/view/mobile-app-marketing-user-acquisition-specialist-at-gg-tech-teknoloji-4463480526,İncelenecek
22,2026-09-30 11:39:08,30,Product Led Growth Manager,Jobgether,Türkiye,LinkedIn (TR),"Jobgether tarafından açılan Product Led Growth Manager pozisyonu, ürün odaklı büyüme stratejilerini uçtan uca yönetecek deneyimli ve yönetici seviyesinde bir profesyonel aramaktadır. Adayın SabancıDx, Getirfinans ve P&G stajlarındaki ürün, büyüme ve müşteri deneyimi birikimi rolün alanıyla örtüşse de, pozisyonun gerektirdiği yönetsel kıdem seviyesi yeni mezun adayın profili için uygun değildir.","Product-Led Growth (PLG), Ürün Yönetimi (Product Management), Kullanıcı Yolculuğu Tasarımı, Büyüme & Müşteri Analitiği, Pazar ve Rakip Analizi",https://tr.linkedin.com/jobs/view/product-led-growth-manager-at-jobgether-4469415929,İncelenecek
23,2026-09-30 11:39:08,88,Product Growth (apps),Aperture,Türkiye,LinkedIn (TR),"Aperture'ın Product Growth (apps) pozisyonu, adayın mobil uygulama ürün yönetimi ve büyüme dinamikleri alanındaki birikimiyle oldukça uyumludur. Adayın Getirfinans'ta mobil uygulama bünyesinde Growth ve Ürün ekipleri arasında kurduğu köprü ve SabancıDx'teki ürün yönetimi deneyimi bu rol için onu çok güçlü bir aday yapmaktadır.","Product Growth, Mobil Uygulama Stratejileri, Kullanıcı Deneyimi (CX/UX), Veri Analitiği & VoC, Ürün Yönetimi (Product Management)",https://tr.linkedin.com/jobs/view/product-growth-apps-at-aperture-4422404759,İncelenecek
24,2026-09-30 11:39:08,73,Product Growth (Monetisation) Manager,Aperture,Türkiye,LinkedIn (TR),Aperture bünyesinde Product Growth (Monetisation) Manager pozisyonu. Profil anahtar kelimelerinizle eşleşti.,Growth,https://tr.linkedin.com/jobs/view/product-growth-monetisation-manager-at-aperture-4451353509,İncelenecek
25,2026-09-30 11:39:08,73,Growth Manager - New Grad,Good Job Games,"Istanbul, Türkiye",LinkedIn (TR),Good Job Games bünyesinde Growth Manager - New Grad pozisyonu. Profil anahtar kelimelerinizle eşleşti.,Growth,https://tr.linkedin.com/jobs/view/growth-manager-new-grad-at-good-job-games-4446577248,İncelenecek
26,2026-09-30 11:39:08,81,Performance Marketing Specialist,clickzone - Growth Marketing Agency,"Istanbul, Türkiye",LinkedIn (TR),clickzone - Growth Marketing Agency bünyesinde Performance Marketing Specialist pozisyonu. Profil anahtar kelimelerinizle eşleşti.,"Growth, Performance Marketing",https://tr.linkedin.com/jobs/view/performance-marketing-specialist-at-clickzone-growth-marketing-agency-4461823378,İncelenecek
27,2026-09-30 11:39:08,73,Growth Manager,Good Job Games,"Istanbul, Türkiye",LinkedIn (TR),Good Job Games bünyesinde Growth Manager pozisyonu. Profil anahtar kelimelerinizle eşleşti.,Growth,https://tr.linkedin.com/jobs/view/growth-manager-at-good-job-games-4336577304,İncelenecek
28,2026-09-30 11:39:08,73,Growth Marketing Associate Manager,Armut / HomeRun,"Istanbul, Türkiye",LinkedIn (TR),Armut / HomeRun bünyesinde Growth Marketing Associate Manager pozisyonu. Profil anahtar kelimelerinizle eşleşti.,Growth,https://tr.linkedin.com/jobs/view/growth-marketing-associate-manager-at-armut-homerun-4463424655,İncelenecek
29,2026-09-30 11:39:08,73,Sales Growth Implementer (İstanbul),Kariyer.net İlanı,Türkiye / İstanbul,Kariyer.net,Kariyer.net İlanı bünyesinde Sales Growth Implementer (İstanbul) pozisyonu. Profil anahtar kelimelerinizle eşleşti.,Growth,https://www.kariyer.net/is-ilani/shell-petrol-a-s-sales-growth-implementer-istanbul-4522167,İncelenecek
30,2026-09-30 11:39:08,73,Strategy & Growth Consultant,Kariyer.net İlanı,Türkiye / İstanbul,Kariyer.net,Kariyer.net İlanı bünyesinde Strategy & Growth Consultant pozisyonu. Profil anahtar kelimelerinizle eşleşti.,Growth,https://www.kariyer.net/is-ilani/gizli-firma-strategy-growth-consultant-4500801,İncelenecek
31,2026-09-30 11:39:08,73,Growth Marketing Deputy Manager,Kariyer.net İlanı,Türkiye / İstanbul,Kariyer.net,Kariyer.net İlanı bünyesinde Growth Marketing Deputy Manager pozisyonu. Profil anahtar kelimelerinizle eşleşti.,Growth,https://www.kariyer.net/is-ilani/metlife-emeklilik-ve-hayat-a-s-growth-marketing-deputy-manager-4545832,İncelenecek
32,2026-09-30 11:39:08,73,Growth & Sales Executive (Techcareer.Net),Kariyer.net İlanı,Türkiye / İstanbul,Kariyer.net,Kariyer.net İlanı bünyesinde Growth & Sales Executive (Techcareer.Net) pozisyonu. Profil anahtar kelimelerinizle eşleşti.,Growth,https://www.kariyer.net/is-ilani/kariyer-net-growth-sales-executive-techcareer-net-4558770,İncelenecek
33,2026-09-30 11:39:08,73,"Sales Growth Implementer (Kahramanmaraş, Malatya)",Kariyer.net İlanı,Türkiye / İstanbul,Kariyer.net,"Kariyer.net İlanı bünyesinde Sales Growth Implementer (Kahramanmaraş, Malatya) pozisyonu. Profil anahtar kelimelerinizle eşleşti.",Growth,https://www.kariyer.net/is-ilani/shell-petrol-a-s-sales-growth-implementer-kahramanmaras-malatya-4554665,İncelenecek
34,2026-09-30 11:39:08,58,Büyüme ve CRM Yöneticisi,Kariyer.net İlanı,Türkiye / İstanbul,Kariyer.net,Kariyer.net İlanı bünyesinde Büyüme ve CRM Yöneticisi pozisyonu. Profil anahtar kelimelerinizle eşleşti.,Büyüme,https://www.kariyer.net/is-ilani/evidea-buyume-ve-crm-yoneticisi-4555505,İncelenecek
35,2026-09-30 11:39:08,73,Satış ve Büyüme Uzmanı (Uzaktan),Kariyer.net İlanı,Türkiye / İstanbul,Kariyer.net,Kariyer.net İlanı bünyesinde Satış ve Büyüme Uzmanı (Uzaktan) pozisyonu. Profil anahtar kelimelerinizle eşleşti.,Büyüme,https://www.kariyer.net/is-ilani/martcode-yapay-zeka-yazilim-a-s-satis-ve-buyume-uzmani-uzaktan-4560387,İncelenecek
36,2026-09-30 11:39:08,73,Web Geliştirme ve Dijital Büyüme Uzmanı,Kariyer.net İlanı,Türkiye / İstanbul,Kariyer.net,Kariyer.net İlanı bünyesinde Web Geliştirme ve Dijital Büyüme Uzmanı pozisyonu. Profil anahtar kelimelerinizle eşleşti.,Büyüme,https://www.kariyer.net/is-ilani/sovos-digital-planet-bilgi-teknolojileri-yazilim-web-gelistirme-ve-dijital-buyume-uzmani-4520700,İncelenecek
37,2026-09-30 11:39:08,73,E-Ticaret Proje ve Büyüme Uzmanı,Kariyer.net İlanı,Türkiye / İstanbul,Kariyer.net,Kariyer.net İlanı bünyesinde E-Ticaret Proje ve Büyüme Uzmanı pozisyonu. Profil anahtar kelimelerinizle eşleşti.,Büyüme,https://www.kariyer.net/is-ilani/avva-magazacilik-a-s-e-ticaret-proje-ve-buyume-uzmani-4564597,İncelenecek
1,2026-09-30 19:45:42,81,Growth & Performance Marketing Manager,FTD,"Sisli, Istanbul, Türkiye",LinkedIn (TR),FTD bünyesinde Growth & Performance Marketing Manager pozisyonu. Profil anahtar kelimelerinizle eşleşti.,"Growth, Performance Marketing",https://tr.linkedin.com/jobs/view/growth-performance-marketing-manager-at-ftd-4471762625,İncelenecek
2,2026-09-30 19:45:42,73,Growth Manager,TikTak,"Kagithane, Istanbul, Türkiye",LinkedIn (TR),TikTak bünyesinde Growth Manager pozisyonu. Profil anahtar kelimelerinizle eşleşti.,Growth,https://tr.linkedin.com/jobs/view/growth-manager-at-tiktak-4467188138,İncelenecek
3,2026-09-30 19:45:42,73,Growth Marketing Specialist,Gamegos,"Istanbul, Türkiye",LinkedIn (TR),Gamegos bünyesinde Growth Marketing Specialist pozisyonu. Profil anahtar kelimelerinizle eşleşti.,Growth,https://tr.linkedin.com/jobs/view/growth-marketing-specialist-at-gamegos-4466205359,İncelenecek
4,2026-09-30 19:45:42,73,Growth Manager,Rollic,"Istanbul, Türkiye",LinkedIn (TR),Rollic bünyesinde Growth Manager pozisyonu. Profil anahtar kelimelerinizle eşleşti.,Growth,https://tr.linkedin.com/jobs/view/growth-manager-at-rollic-4418746792,İncelenecek
5,2026-09-30 19:45:42,73,SaaS Growth Strategist (AI-Native),Vizio AI,Greater Istanbul,LinkedIn (TR),Vizio AI bünyesinde SaaS Growth Strategist (AI-Native) pozisyonu. Profil anahtar kelimelerinizle eşleşti.,Growth,https://tr.linkedin.com/jobs/view/saas-growth-strategist-ai-native-at-vizio-ai-4458852211,İncelenecek
6,2026-09-30 19:45:42,73,Growth Specialist,Fugo Games,"Sarıyer, Istanbul, Türkiye",LinkedIn (TR),Fugo Games bünyesinde Growth Specialist pozisyonu. Profil anahtar kelimelerinizle eşleşti.,Growth,https://tr.linkedin.com/jobs/view/growth-specialist-at-fugo-games-4453862781,İncelenecek
7,2026-09-30 19:45:42,73,Growth & Marketing Manager,Deloitte,"Istanbul, Türkiye",LinkedIn (TR),Deloitte bünyesinde Growth & Marketing Manager pozisyonu. Profil anahtar kelimelerinizle eşleşti.,Growth,https://tr.linkedin.com/jobs/view/growth-marketing-manager-at-deloitte-4442808021,İncelenecek
8,2026-09-30 19:45:42,73,Growth Specialist,Paxie Games,"Istanbul, Türkiye",LinkedIn (TR),Paxie Games bünyesinde Growth Specialist pozisyonu. Profil anahtar kelimelerinizle eşleşti.,Growth,https://tr.linkedin.com/jobs/view/growth-specialist-at-paxie-games-4433197640,İncelenecek
9,2026-09-30 19:45:42,73,Growth Specialist (New Grad),Agave Games,"Istanbul, Türkiye",LinkedIn (TR),Agave Games bünyesinde Growth Specialist (New Grad) pozisyonu. Profil anahtar kelimelerinizle eşleşti.,Growth,https://tr.linkedin.com/jobs/view/growth-specialist-new-grad-at-agave-games-4470159629,İncelenecek
10,2026-09-30 19:45:42,73,Dijital Kanallar - Growth & Analitik Uzmanı,Koçtaş,"Çekmeköy, Istanbul, Türkiye",LinkedIn (TR),Koçtaş bünyesinde Dijital Kanallar - Growth & Analitik Uzmanı pozisyonu. Profil anahtar kelimelerinizle eşleşti.,Growth,https://tr.linkedin.com/jobs/view/dijital-kanallar-growth-analitik-uzman%C4%B1-at-ko%C3%A7ta%C5%9F-4461167374,İncelenecek
11,2026-09-30 19:45:42,73,Growth Manager,Grand Games,"Istanbul, Türkiye",LinkedIn (TR),Grand Games bünyesinde Growth Manager pozisyonu. Profil anahtar kelimelerinizle eşleşti.,Growth,https://tr.linkedin.com/jobs/view/growth-manager-at-grand-games-4468655780,İncelenecek
12,2026-09-30 19:45:42,73,Performance Marketing Manager,Hesapkurdu,Greater Istanbul,LinkedIn (TR),Hesapkurdu bünyesinde Performance Marketing Manager pozisyonu. Profil anahtar kelimelerinizle eşleşti.,Performance Marketing,https://tr.linkedin.com/jobs/view/performance-marketing-manager-at-hesapkurdu-4469304310,İncelenecek
13,2026-09-30 19:45:42,73,Performance Marketing Manager,Pine Games,Greater Istanbul,LinkedIn (TR),Pine Games bünyesinde Performance Marketing Manager pozisyonu. Profil anahtar kelimelerinizle eşleşti.,Performance Marketing,https://tr.linkedin.com/jobs/view/performance-marketing-manager-at-pine-games-4473217809,İncelenecek
14,2026-09-30 19:45:42,73,Founding Growth Marketer,The Flex,Türkiye,LinkedIn (TR),The Flex bünyesinde Founding Growth Marketer pozisyonu. Profil anahtar kelimelerinizle eşleşti.,Growth,https://tr.linkedin.com/jobs/view/founding-growth-marketer-at-the-flex-4471103029,İncelenecek
15,2026-09-30 19:45:42,73,Growth Marketing Manager (AI-Native),Efsora,"Urla, İzmir, Türkiye",LinkedIn (TR),Efsora bünyesinde Growth Marketing Manager (AI-Native) pozisyonu. Profil anahtar kelimelerinizle eşleşti.,Growth,https://tr.linkedin.com/jobs/view/growth-marketing-manager-ai-native-at-efsora-4466918317,İncelenecek
16,2026-09-30 19:45:42,73,Growth Product Manager,Assistant App,Greater Istanbul,LinkedIn (TR),Assistant App bünyesinde Growth Product Manager pozisyonu. Profil anahtar kelimelerinizle eşleşti.,Growth,https://tr.linkedin.com/jobs/view/growth-product-manager-at-assistant-app-4430236743,İncelenecek
17,2026-09-30 19:45:42,73,Growth Product Manager,Infoset,"Istanbul, Türkiye",LinkedIn (TR),Infoset bünyesinde Growth Product Manager pozisyonu. Profil anahtar kelimelerinizle eşleşti.,Growth,https://tr.linkedin.com/jobs/view/growth-product-manager-at-infoset-4447139233,İncelenecek
18,2026-09-30 19:45:42,81,Mobile App Marketing & User Acquisition Specialist,GG Tech Teknoloji,"Kadikoy, Istanbul, Türkiye",LinkedIn (TR),GG Tech Teknoloji bünyesinde Mobile App Marketing & User Acquisition Specialist pozisyonu. Profil anahtar kelimelerinizle eşleşti.,"User Acquisition, Acquisition",https://tr.linkedin.com/jobs/view/mobile-app-marketing-user-acquisition-specialist-at-gg-tech-teknoloji-4463480526,İncelenecek
19,2026-09-30 19:45:42,73,Product Led Growth Manager,Jobgether,Türkiye,LinkedIn (TR),Jobgether bünyesinde Product Led Growth Manager pozisyonu. Profil anahtar kelimelerinizle eşleşti.,Growth,https://tr.linkedin.com/jobs/view/product-led-growth-manager-at-jobgether-4469415929,İncelenecek
20,2026-09-30 19:45:42,73,Product Growth (apps),Aperture,Türkiye,LinkedIn (TR),Aperture bünyesinde Product Growth (apps) pozisyonu. Profil anahtar kelimelerinizle eşleşti.,Growth,https://tr.linkedin.com/jobs/view/product-growth-apps-at-aperture-4422404759,İncelenecek
21,2026-09-30 19:45:42,73,Product Growth (Monetisation) Manager,Aperture,Türkiye,LinkedIn (TR),Aperture bünyesinde Product Growth (Monetisation) Manager pozisyonu. Profil anahtar kelimelerinizle eşleşti.,Growth,https://tr.linkedin.com/jobs/view/product-growth-monetisation-manager-at-aperture-4451353509,İncelenecek
1,2026-10-01 12:08:11,81,Growth & Performance Marketing Manager,FTD,"Sisli, Istanbul, Türkiye",LinkedIn (TR),FTD bünyesinde Growth & Performance Marketing Manager pozisyonu. Profil anahtar kelimelerinizle eşleşti.,"Growth, Performance Marketing",https://tr.linkedin.com/jobs/view/growth-performance-marketing-manager-at-ftd-4471762625,İncelenecek
2,2026-10-01 12:08:11,73,Growth Manager,TikTak,"Kagithane, Istanbul, Türkiye",LinkedIn (TR),TikTak bünyesinde Growth Manager pozisyonu. Profil anahtar kelimelerinizle eşleşti.,Growth,https://tr.linkedin.com/jobs/view/growth-manager-at-tiktak-4467188138,İncelenecek
3,2026-10-01 12:08:11,73,Growth Marketing Specialist,Gamegos,"Istanbul, Türkiye",LinkedIn (TR),Gamegos bünyesinde Growth Marketing Specialist pozisyonu. Profil anahtar kelimelerinizle eşleşti.,Growth,https://tr.linkedin.com/jobs/view/growth-marketing-specialist-at-gamegos-4466205359,İncelenecek
4,2026-10-01 12:08:11,73,Growth Manager,Rollic,"Istanbul, Türkiye",LinkedIn (TR),Rollic bünyesinde Growth Manager pozisyonu. Profil anahtar kelimelerinizle eşleşti.,Growth,https://tr.linkedin.com/jobs/view/growth-manager-at-rollic-4418746792,İncelenecek
5,2026-10-01 12:08:11,73,SaaS Growth Strategist (AI-Native),Vizio AI,Greater Istanbul,LinkedIn (TR),Vizio AI bünyesinde SaaS Growth Strategist (AI-Native) pozisyonu. Profil anahtar kelimelerinizle eşleşti.,Growth,https://tr.linkedin.com/jobs/view/saas-growth-strategist-ai-native-at-vizio-ai-4458852211,İncelenecek
6,2026-10-01 12:08:11,73,Growth Specialist,Fugo Games,"Sarıyer, Istanbul, Türkiye",LinkedIn (TR),Fugo Games bünyesinde Growth Specialist pozisyonu. Profil anahtar kelimelerinizle eşleşti.,Growth,https://tr.linkedin.com/jobs/view/growth-specialist-at-fugo-games-4453862781,İncelenecek
7,2026-10-01 12:08:11,73,Growth & Marketing Manager,Deloitte,"Istanbul, Türkiye",LinkedIn (TR),Deloitte bünyesinde Growth & Marketing Manager pozisyonu. Profil anahtar kelimelerinizle eşleşti.,Growth,https://tr.linkedin.com/jobs/view/growth-marketing-manager-at-deloitte-4442808021,İncelenecek
8,2026-10-01 12:08:11,73,Growth Specialist - Gaming,Arcustin Games,Greater Istanbul,LinkedIn (TR),Arcustin Games bünyesinde Growth Specialist - Gaming pozisyonu. Profil anahtar kelimelerinizle eşleşti.,Growth,https://tr.linkedin.com/jobs/view/growth-specialist-gaming-at-arcustin-games-4465815722,İncelenecek
9,2026-10-01 12:08:11,73,Growth Specialist,Paxie Games,"Istanbul, Türkiye",LinkedIn (TR),Paxie Games bünyesinde Growth Specialist pozisyonu. Profil anahtar kelimelerinizle eşleşti.,Growth,https://tr.linkedin.com/jobs/view/growth-specialist-at-paxie-games-4433197640,İncelenecek
10,2026-10-01 12:08:11,73,Growth Specialist (New Grad),Agave Games,"Istanbul, Türkiye",LinkedIn (TR),Agave Games bünyesinde Growth Specialist (New Grad) pozisyonu. Profil anahtar kelimelerinizle eşleşti.,Growth,https://tr.linkedin.com/jobs/view/growth-specialist-new-grad-at-agave-games-4470159629,İncelenecek
11,2026-10-01 12:08:11,73,Dijital Kanallar - Growth & Analitik Uzmanı,Koçtaş,"Çekmeköy, Istanbul, Türkiye",LinkedIn (TR),Koçtaş bünyesinde Dijital Kanallar - Growth & Analitik Uzmanı pozisyonu. Profil anahtar kelimelerinizle eşleşti.,Growth,https://tr.linkedin.com/jobs/view/dijital-kanallar-growth-analitik-uzman%C4%B1-at-ko%C3%A7ta%C5%9F-4461167374,İncelenecek
12,2026-10-01 12:08:11,73,Growth Manager,Grand Games,"Istanbul, Türkiye",LinkedIn (TR),Grand Games bünyesinde Growth Manager pozisyonu. Profil anahtar kelimelerinizle eşleşti.,Growth,https://tr.linkedin.com/jobs/view/growth-manager-at-grand-games-4468655780,İncelenecek
13,2026-10-01 12:08:11,73,Performance Marketing Manager,Hesapkurdu,Greater Istanbul,LinkedIn (TR),Hesapkurdu bünyesinde Performance Marketing Manager pozisyonu. Profil anahtar kelimelerinizle eşleşti.,Performance Marketing,https://tr.linkedin.com/jobs/view/performance-marketing-manager-at-hesapkurdu-4469304310,İncelenecek
14,2026-10-01 12:08:11,73,Performance Marketing Manager,Pine Games,Greater Istanbul,LinkedIn (TR),Pine Games bünyesinde Performance Marketing Manager pozisyonu. Profil anahtar kelimelerinizle eşleşti.,Performance Marketing,https://tr.linkedin.com/jobs/view/performance-marketing-manager-at-pine-games-4473217809,İncelenecek
15,2026-10-01 12:08:11,73,Growth Product Manager,Assistant App,Greater Istanbul,LinkedIn (TR),Assistant App bünyesinde Growth Product Manager pozisyonu. Profil anahtar kelimelerinizle eşleşti.,Growth,https://tr.linkedin.com/jobs/view/growth-product-manager-at-assistant-app-4430236743,İncelenecek
16,2026-10-01 12:08:11,73,Growth Product Manager,Infoset,"Istanbul, Türkiye",LinkedIn (TR),Infoset bünyesinde Growth Product Manager pozisyonu. Profil anahtar kelimelerinizle eşleşti.,Growth,https://tr.linkedin.com/jobs/view/growth-product-manager-at-infoset-4447139233,İncelenecek
17,2026-10-01 12:08:11,81,Mobile App Marketing & User Acquisition Specialist,GG Tech Teknoloji,"Kadikoy, Istanbul, Türkiye",LinkedIn (TR),GG Tech Teknoloji bünyesinde Mobile App Marketing & User Acquisition Specialist pozisyonu. Profil anahtar kelimelerinizle eşleşti.,"User Acquisition, Acquisition",https://tr.linkedin.com/jobs/view/mobile-app-marketing-user-acquisition-specialist-at-gg-tech-teknoloji-4463480526,İncelenecek
18,2026-10-01 12:08:11,73,Product Growth (apps),Aperture,Türkiye,LinkedIn (TR),Aperture bünyesinde Product Growth (apps) pozisyonu. Profil anahtar kelimelerinizle eşleşti.,Growth,https://tr.linkedin.com/jobs/view/product-growth-apps-at-aperture-4422404759,İncelenecek
19,2026-10-01 12:08:11,73,Product Growth (Monetisation) Manager,Aperture,Türkiye,LinkedIn (TR),Aperture bünyesinde Product Growth (Monetisation) Manager pozisyonu. Profil anahtar kelimelerinizle eşleşti.,Growth,https://tr.linkedin.com/jobs/view/product-growth-monetisation-manager-at-aperture-4451353509,İncelenecek
20,2026-10-01 12:08:11,73,Growth Marketing Manager (AI-Native),Efsora,"Urla, İzmir, Türkiye",LinkedIn (TR),Efsora bünyesinde Growth Marketing Manager (AI-Native) pozisyonu. Profil anahtar kelimelerinizle eşleşti.,Growth,https://tr.linkedin.com/jobs/view/growth-marketing-manager-ai-native-at-efsora-4466918317,İncelenecek
21,2026-10-01 12:08:11,73,AI Product Growth Owner,Univenn,"İzmir, İzmir, Türkiye",LinkedIn (TR),Univenn bünyesinde AI Product Growth Owner pozisyonu. Profil anahtar kelimelerinizle eşleşti.,Growth,https://tr.linkedin.com/jobs/view/ai-product-growth-owner-at-univenn-4411195526,İncelenecek
22,2026-10-01 12:08:11,73,Growth Manager - New Grad,Good Job Games,"Istanbul, Türkiye",LinkedIn (TR),Good Job Games bünyesinde Growth Manager - New Grad pozisyonu. Profil anahtar kelimelerinizle eşleşti.,Growth,https://tr.linkedin.com/jobs/view/growth-manager-new-grad-at-good-job-games-4446577248,İncelenecek
23,2026-10-01 12:08:11,73,Growth Manager,Good Job Games,"Istanbul, Türkiye",LinkedIn (TR),Good Job Games bünyesinde Growth Manager pozisyonu. Profil anahtar kelimelerinizle eşleşti.,Growth,https://tr.linkedin.com/jobs/view/growth-manager-at-good-job-games-4336577304,İncelenecek
24,2026-10-01 12:08:11,73,Growth Marketing Associate Manager,Armut / HomeRun,"Istanbul, Türkiye",LinkedIn (TR),Armut / HomeRun bünyesinde Growth Marketing Associate Manager pozisyonu. Profil anahtar kelimelerinizle eşleşti.,Growth,https://tr.linkedin.com/jobs/view/growth-marketing-associate-manager-at-armut-homerun-4463424655,İncelenecek
1,2026-10-01 19:59:44,28,Growth & Performance Marketing Manager,FTD,"Sisli, Istanbul, Türkiye",LinkedIn (TR),"İlan, büyüme ve performans pazarlaması alanında yönetsel (Manager) düzeyde deneyim ve uzmanlık gerektirmektedir. Adayın P&G ve Getirfinans'ta marka ve büyüme odaklı staj tecrübeleri bulunsa da henüz yeni mezun aşamasında olması sebebiyle Manager seviyesindeki bu rol için tecrübe beklentisini karşılamamaktadır.","Growth Marketing, Performance Marketing, Data Analysis, SEO & Digital Strategy, Brand Management",https://tr.linkedin.com/jobs/view/growth-performance-marketing-manager-at-ftd-4471762625,İncelenecek
2,2026-10-01 19:59:44,30,Growth Manager,TikTak,"Kagithane, Istanbul, Türkiye",LinkedIn (TR),"TikTak bünyesindeki Growth Manager pozisyonu, strateji belirleme ve bütçe/ekip yönetimi gerektiren orta-üst düzey bir yönetim rolüdür. Adayın P&G ve Getirfinans'ta büyüme ve marka odaklı staj deneyimleri bulunsa da henüz yeni mezun seviyesinde olması sebebiyle Manager unvanlı bu pozisyonun kıdem gereksinimlerini karşılamamaktadır.","Büyüme Stratejileri (Growth), Kullanıcı Kazanımı & Büyüme Analitiği, Pazar Araştırması, Veri Odaklı Karar Alma",https://tr.linkedin.com/jobs/view/growth-manager-at-tiktak-4467188138,İncelenecek
3,2026-10-01 19:59:44,73,Growth Marketing Specialist,Gamegos,"Istanbul, Türkiye",LinkedIn (TR),Gamegos bünyesinde Growth Marketing Specialist pozisyonu. Profil anahtar kelimelerinizle eşleşti.,Growth,https://tr.linkedin.com/jobs/view/growth-marketing-specialist-at-gamegos-4466205359,İncelenecek
4,2026-10-01 19:59:44,73,Growth Manager,Rollic,"Istanbul, Türkiye",LinkedIn (TR),Rollic bünyesinde Growth Manager pozisyonu. Profil anahtar kelimelerinizle eşleşti.,Growth,https://tr.linkedin.com/jobs/view/growth-manager-at-rollic-4418746792,İncelenecek
5,2026-10-01 19:59:44,73,SaaS Growth Strategist (AI-Native),Vizio AI,Greater Istanbul,LinkedIn (TR),Vizio AI bünyesinde SaaS Growth Strategist (AI-Native) pozisyonu. Profil anahtar kelimelerinizle eşleşti.,Growth,https://tr.linkedin.com/jobs/view/saas-growth-strategist-ai-native-at-vizio-ai-4458852211,İncelenecek
6,2026-10-01 19:59:44,73,Growth Specialist,Fugo Games,"Sarıyer, Istanbul, Türkiye",LinkedIn (TR),Fugo Games bünyesinde Growth Specialist pozisyonu. Profil anahtar kelimelerinizle eşleşti.,Growth,https://tr.linkedin.com/jobs/view/growth-specialist-at-fugo-games-4453862781,İncelenecek
7,2026-10-01 19:59:44,73,Growth & Marketing Manager,Deloitte,"Istanbul, Türkiye",LinkedIn (TR),Deloitte bünyesinde Growth & Marketing Manager pozisyonu. Profil anahtar kelimelerinizle eşleşti.,Growth,https://tr.linkedin.com/jobs/view/growth-marketing-manager-at-deloitte-4442808021,İncelenecek
8,2026-10-01 19:59:44,73,Growth Specialist - Gaming,Arcustin Games,Greater Istanbul,LinkedIn (TR),Arcustin Games bünyesinde Growth Specialist - Gaming pozisyonu. Profil anahtar kelimelerinizle eşleşti.,Growth,https://tr.linkedin.com/jobs/view/growth-specialist-gaming-at-arcustin-games-4465815722,İncelenecek
9,2026-10-01 19:59:44,73,Growth Specialist,Paxie Games,"Istanbul, Türkiye",LinkedIn (TR),Paxie Games bünyesinde Growth Specialist pozisyonu. Profil anahtar kelimelerinizle eşleşti.,Growth,https://tr.linkedin.com/jobs/view/growth-specialist-at-paxie-games-4433197640,İncelenecek
10,2026-10-01 19:59:44,73,Growth Specialist (New Grad),Agave Games,"Istanbul, Türkiye",LinkedIn (TR),Agave Games bünyesinde Growth Specialist (New Grad) pozisyonu. Profil anahtar kelimelerinizle eşleşti.,Growth,https://tr.linkedin.com/jobs/view/growth-specialist-new-grad-at-agave-games-4470159629,İncelenecek
11,2026-10-01 19:59:44,73,Dijital Kanallar - Growth & Analitik Uzmanı,Koçtaş,"Çekmeköy, Istanbul, Türkiye",LinkedIn (TR),Koçtaş bünyesinde Dijital Kanallar - Growth & Analitik Uzmanı pozisyonu. Profil anahtar kelimelerinizle eşleşti.,Growth,https://tr.linkedin.com/jobs/view/dijital-kanallar-growth-analitik-uzman%C4%B1-at-ko%C3%A7ta%C5%9F-4461167374,İncelenecek
12,2026-10-01 19:59:44,30,Growth Manager,Grand Games,"Istanbul, Türkiye",LinkedIn (TR),"Grand Games bünyesindeki 'Growth Manager' rolü, oyun sektöründe kullanıcı kazanımı (UA) ve büyüme stratejilerini yönetecek deneyimli/yönetici seviyesinde bir pozisyondur. Aday Boğaziçi Üniversitesi son sınıf/yeni mezun seviyesinde olup zengin staj deneyimlerine sahip olsa da, doğrudan 'Manager' unvanlı bu seviye adayın kariyer aşamasının üzerindedir.","Growth Strategy, Data Analysis, Digital Marketing, Performance Marketing, Mobile Gaming",https://tr.linkedin.com/jobs/view/growth-manager-at-grand-games-4468655780,İncelenecek
13,2026-10-01 19:59:44,73,Performance Marketing Manager,Hesapkurdu,Greater Istanbul,LinkedIn (TR),Hesapkurdu bünyesinde Performance Marketing Manager pozisyonu. Profil anahtar kelimelerinizle eşleşti.,Performance Marketing,https://tr.linkedin.com/jobs/view/performance-marketing-manager-at-hesapkurdu-4469304310,İncelenecek
14,2026-10-01 19:59:44,73,Performance Marketing Manager,Pine Games,Greater Istanbul,LinkedIn (TR),Pine Games bünyesinde Performance Marketing Manager pozisyonu. Profil anahtar kelimelerinizle eşleşti.,Performance Marketing,https://tr.linkedin.com/jobs/view/performance-marketing-manager-at-pine-games-4473217809,İncelenecek
15,2026-10-01 19:59:44,73,Founding Growth Marketer,The Flex,Türkiye,LinkedIn (TR),The Flex bünyesinde Founding Growth Marketer pozisyonu. Profil anahtar kelimelerinizle eşleşti.,Growth,https://tr.linkedin.com/jobs/view/founding-growth-marketer-at-the-flex-4471103029,İncelenecek
16,2026-10-01 19:59:44,73,Growth Marketing Manager (AI-Native),Efsora,"Urla, İzmir, Türkiye",LinkedIn (TR),Efsora bünyesinde Growth Marketing Manager (AI-Native) pozisyonu. Profil anahtar kelimelerinizle eşleşti.,Growth,https://tr.linkedin.com/jobs/view/growth-marketing-manager-ai-native-at-efsora-4466918317,İncelenecek
17,2026-10-01 19:59:44,73,Growth Product Manager,Assistant App,Greater Istanbul,LinkedIn (TR),Assistant App bünyesinde Growth Product Manager pozisyonu. Profil anahtar kelimelerinizle eşleşti.,Growth,https://tr.linkedin.com/jobs/view/growth-product-manager-at-assistant-app-4430236743,İncelenecek
18,2026-10-01 19:59:44,73,Growth Product Manager,Infoset,"Istanbul, Türkiye",LinkedIn (TR),Infoset bünyesinde Growth Product Manager pozisyonu. Profil anahtar kelimelerinizle eşleşti.,Growth,https://tr.linkedin.com/jobs/view/growth-product-manager-at-infoset-4447139233,İncelenecek
19,2026-10-01 19:59:44,81,Mobile App Marketing & User Acquisition Specialist,GG Tech Teknoloji,"Kadikoy, Istanbul, Türkiye",LinkedIn (TR),GG Tech Teknoloji bünyesinde Mobile App Marketing & User Acquisition Specialist pozisyonu. Profil anahtar kelimelerinizle eşleşti.,"User Acquisition, Acquisition",https://tr.linkedin.com/jobs/view/mobile-app-marketing-user-acquisition-specialist-at-gg-tech-teknoloji-4463480526,İncelenecek
20,2026-10-01 19:59:44,73,Product Growth (apps),Aperture,Türkiye,LinkedIn (TR),Aperture bünyesinde Product Growth (apps) pozisyonu. Profil anahtar kelimelerinizle eşleşti.,Growth,https://tr.linkedin.com/jobs/view/product-growth-apps-at-aperture-4422404759,İncelenecek
21,2026-10-01 19:59:44,73,Product Growth (Monetisation) Manager,Aperture,Türkiye,LinkedIn (TR),Aperture bünyesinde Product Growth (Monetisation) Manager pozisyonu. Profil anahtar kelimelerinizle eşleşti.,Growth,https://tr.linkedin.com/jobs/view/product-growth-monetisation-manager-at-aperture-4451353509,İncelenecek
22,2026-10-01 19:59:44,73,AI Product Growth Owner,Univenn,"İzmir, İzmir, Türkiye",LinkedIn (TR),Univenn bünyesinde AI Product Growth Owner pozisyonu. Profil anahtar kelimelerinizle eşleşti.,Growth,https://tr.linkedin.com/jobs/view/ai-product-growth-owner-at-univenn-4411195526,İncelenecek
1,2026-10-02 11:38:33,81,Growth & Performance Marketing Manager,FTD,"Sisli, Istanbul, Türkiye",LinkedIn (TR),FTD bünyesinde Growth & Performance Marketing Manager pozisyonu. Profil anahtar kelimelerinizle eşleşti.,"Growth, Performance Marketing",https://tr.linkedin.com/jobs/view/growth-performance-marketing-manager-at-ftd-4471762625,İncelenecek
2,2026-10-02 11:38:33,73,Growth Manager,TikTak,"Kagithane, Istanbul, Türkiye",LinkedIn (TR),TikTak bünyesinde Growth Manager pozisyonu. Profil anahtar kelimelerinizle eşleşti.,Growth,https://tr.linkedin.com/jobs/view/growth-manager-at-tiktak-4467188138,İncelenecek
3,2026-10-02 11:38:33,73,Growth Marketing Specialist,Gamegos,"Istanbul, Türkiye",LinkedIn (TR),Gamegos bünyesinde Growth Marketing Specialist pozisyonu. Profil anahtar kelimelerinizle eşleşti.,Growth,https://tr.linkedin.com/jobs/view/growth-marketing-specialist-at-gamegos-4466205359,İncelenecek
4,2026-10-02 11:38:33,30,Growth Manager,Rollic,"Istanbul, Türkiye",LinkedIn (TR),"Rollic bünyesindeki 'Growth Manager' pozisyonu, mobil oyun sektöründe kullanıcı kazanımı (UA), performans pazarlaması ve büyüme stratejileri alanında tecrübe ve yöneticilik yetkinliği gerektiren orta-üst seviye bir roldür. Adayın P&G ve Getirfinans'ta büyüme ve marka deneyimleri bulunsa da henüz mezuniyet aşamasında olması sebebiyle bu yönetsel pozisyon için kıdem seviyesi uyuşmamaktadır.","Growth Marketing, Data Analysis, User Acquisition (UA), Product Growth, Performance Marketing",https://tr.linkedin.com/jobs/view/growth-manager-at-rollic-4418746792,İncelenecek
5,2026-10-02 11:38:33,73,SaaS Growth Strategist (AI-Native),Vizio AI,Greater Istanbul,LinkedIn (TR),Vizio AI bünyesinde SaaS Growth Strategist (AI-Native) pozisyonu. Profil anahtar kelimelerinizle eşleşti.,Growth,https://tr.linkedin.com/jobs/view/saas-growth-strategist-ai-native-at-vizio-ai-4458852211,İncelenecek
6,2026-10-02 11:38:33,73,Growth Specialist,Fugo Games,"Sarıyer, Istanbul, Türkiye",LinkedIn (TR),Fugo Games bünyesinde Growth Specialist pozisyonu. Profil anahtar kelimelerinizle eşleşti.,Growth,https://tr.linkedin.com/jobs/view/growth-specialist-at-fugo-games-4453862781,İncelenecek
7,2026-10-02 11:38:33,73,Growth & Marketing Manager,Deloitte,"Istanbul, Türkiye",LinkedIn (TR),Deloitte bünyesinde Growth & Marketing Manager pozisyonu. Profil anahtar kelimelerinizle eşleşti.,Growth,https://tr.linkedin.com/jobs/view/growth-marketing-manager-at-deloitte-4442808021,İncelenecek
8,2026-10-02 11:38:33,73,Growth Marketing Manager (AI-Native),Efsora,"Urla, İzmir, Türkiye",LinkedIn (TR),Efsora bünyesinde Growth Marketing Manager (AI-Native) pozisyonu. Profil anahtar kelimelerinizle eşleşti.,Growth,https://tr.linkedin.com/jobs/view/growth-marketing-manager-ai-native-at-efsora-4466918317,İncelenecek
9,2026-10-02 11:38:33,85,Growth Specialist - Gaming,Arcustin Games,Greater Istanbul,LinkedIn (TR),"Arcustin Games bünyesindeki Growth Specialist pozisyonu, adayın P&G'deki büyüme ve e-ticaret stratejileri ile Getirfinans'taki büyüme (growth) ve ürün ekipleriyle yürüttüğü veri odaklı çalışmalarla güçlü bir uyum göstermektedir. Adayın analitik mühendislik altyapısı ve çok yönlü iş geliştirme stajları bu rol için sağlam bir temel oluşturmaktadır.","Growth Strategy, Data-Driven Analysis, Digital Marketing & SEO, Product & Growth Collaboration, User Acquisition & Engagement",https://tr.linkedin.com/jobs/view/growth-specialist-gaming-at-arcustin-games-4465815722,İncelenecek
10,2026-10-02 11:38:33,73,Growth Specialist,Paxie Games,"Istanbul, Türkiye",LinkedIn (TR),Paxie Games bünyesinde Growth Specialist pozisyonu. Profil anahtar kelimelerinizle eşleşti.,Growth,https://tr.linkedin.com/jobs/view/growth-specialist-at-paxie-games-4433197640,İncelenecek
11,2026-10-02 11:38:33,73,Growth Specialist (New Grad),Agave Games,"Istanbul, Türkiye",LinkedIn (TR),Agave Games bünyesinde Growth Specialist (New Grad) pozisyonu. Profil anahtar kelimelerinizle eşleşti.,Growth,https://tr.linkedin.com/jobs/view/growth-specialist-new-grad-at-agave-games-4470159629,İncelenecek
12,2026-10-02 11:38:33,30,Growth Manager,Grand Games,"Istanbul, Türkiye",LinkedIn (TR),"Grand Games tarafından açılan 'Growth Manager' rolü, mobil oyun ekosisteminde kullanıcı edinimi (UA) ve büyüme stratejilerini yönetecek deneyimli profesyonelleri hedefleyen kıdemli bir pozisyondur. Adayın Boğaziçi Endüstri Mühendisliği altyapısı ve P&G ile Getirfinans'taki büyüme/pazarlama odaklı stajları güçlü olsa da, yeni mezun seviyesinde olması sebebiyle doğrudan Manager seviyesindeki bu rol için tecrübe yetersiz kalmaktadır.","Büyüme Stratejileri (Growth), Performans Pazarlaması, Kullanıcı Edinimi (UA), Veri Analitiği, A/B Testi ve Optimizasyon",https://tr.linkedin.com/jobs/view/growth-manager-at-grand-games-4468655780,İncelenecek
13,2026-10-02 11:38:33,73,Performance Marketing Manager,Hesapkurdu,Greater Istanbul,LinkedIn (TR),Hesapkurdu bünyesinde Performance Marketing Manager pozisyonu. Profil anahtar kelimelerinizle eşleşti.,Performance Marketing,https://tr.linkedin.com/jobs/view/performance-marketing-manager-at-hesapkurdu-4469304310,İncelenecek
14,2026-10-02 11:38:33,73,Performance Marketing Manager,Pine Games,Greater Istanbul,LinkedIn (TR),Pine Games bünyesinde Performance Marketing Manager pozisyonu. Profil anahtar kelimelerinizle eşleşti.,Performance Marketing,https://tr.linkedin.com/jobs/view/performance-marketing-manager-at-pine-games-4473217809,İncelenecek
15,2026-10-02 11:38:33,73,Founding Growth Marketer,The Flex,Türkiye,LinkedIn (TR),The Flex bünyesinde Founding Growth Marketer pozisyonu. Profil anahtar kelimelerinizle eşleşti.,Growth,https://tr.linkedin.com/jobs/view/founding-growth-marketer-at-the-flex-4471103029,İncelenecek
16,2026-10-02 11:38:33,73,Growth Product Manager,Assistant App,Greater Istanbul,LinkedIn (TR),Assistant App bünyesinde Growth Product Manager pozisyonu. Profil anahtar kelimelerinizle eşleşti.,Growth,https://tr.linkedin.com/jobs/view/growth-product-manager-at-assistant-app-4430236743,İncelenecek
17,2026-10-02 11:38:33,73,Growth Product Manager,Infoset,"Istanbul, Türkiye",LinkedIn (TR),Infoset bünyesinde Growth Product Manager pozisyonu. Profil anahtar kelimelerinizle eşleşti.,Growth,https://tr.linkedin.com/jobs/view/growth-product-manager-at-infoset-4447139233,İncelenecek
18,2026-10-02 11:38:33,81,Mobile App Marketing & User Acquisition Specialist,GG Tech Teknoloji,"Kadikoy, Istanbul, Türkiye",LinkedIn (TR),GG Tech Teknoloji bünyesinde Mobile App Marketing & User Acquisition Specialist pozisyonu. Profil anahtar kelimelerinizle eşleşti.,"User Acquisition, Acquisition",https://tr.linkedin.com/jobs/view/mobile-app-marketing-user-acquisition-specialist-at-gg-tech-teknoloji-4463480526,İncelenecek
19,2026-10-02 11:38:33,73,Product Growth (apps),Aperture,Türkiye,LinkedIn (TR),Aperture bünyesinde Product Growth (apps) pozisyonu. Profil anahtar kelimelerinizle eşleşti.,Growth,https://tr.linkedin.com/jobs/view/product-growth-apps-at-aperture-4422404759,İncelenecek
20,2026-10-02 11:38:33,73,Product Growth (Monetisation) Manager,Aperture,Türkiye,LinkedIn (TR),Aperture bünyesinde Product Growth (Monetisation) Manager pozisyonu. Profil anahtar kelimelerinizle eşleşti.,Growth,https://tr.linkedin.com/jobs/view/product-growth-monetisation-manager-at-aperture-4451353509,İncelenecek
21,2026-10-02 11:38:33,85,AI Product Growth Owner,Univenn,"İzmir, İzmir, Türkiye",LinkedIn (TR),"Univenn bünyesindeki AI Product Growth Owner rolü, yapay zeka ürünlerinde ürün yönetimi ve büyüme stratejilerini bir arada yürütmeyi gerektirmektedir. Adayın Getirfinans'taki yapay zeka asistanı ve büyüme odaklı müşteri deneyimi tecrübesi ile SabancıDx'teki ürün yönetimi geçmişi bu pozisyon için oldukça güçlü bir uyum sergilemektedir.","AI Product Management, Product Growth, Customer Journey Mapping, Data-Driven Growth Strategies, Voice of Customer (VoC) Analysis",https://tr.linkedin.com/jobs/view/ai-product-growth-owner-at-univenn-4411195526,İncelenecek
1,2026-10-02 19:41:57,30,Growth & Performance Marketing Manager,FTD,"Sisli, Istanbul, Türkiye",LinkedIn (TR),"FTD bünyesindeki Growth & Performance Marketing Manager pozisyonu, doğrudan bütçe yönetimi, performans pazarlaması kanalları ve büyüme stratejilerini yönetecek deneyimli bir yönetici profili aramaktadır. Adayın Boğaziçi Üniversitesi Endüstri Mühendisliği geçmişi ve P&G'de marka büyümesi alanındaki staj tecrübeleri değerli olsa da pozisyonun yönetsel (Manager) seviyede olması nedeniyle adayın kariyer seviyesine uygun değildir.","Growth Marketing, Performance Marketing, Search Engine Optimization (SEO), Data Analysis, Digital Visibility",https://tr.linkedin.com/jobs/view/growth-performance-marketing-manager-at-ftd-4471762625,İncelenecek
2,2026-10-02 19:41:57,73,Growth Manager,TikTak,"Kagithane, Istanbul, Türkiye",LinkedIn (TR),TikTak bünyesinde Growth Manager pozisyonu. Profil anahtar kelimelerinizle eşleşti.,Growth,https://tr.linkedin.com/jobs/view/growth-manager-at-tiktak-4467188138,İncelenecek
3,2026-10-02 19:41:57,73,Growth Marketing Specialist,Gamegos,"Istanbul, Türkiye",LinkedIn (TR),Gamegos bünyesinde Growth Marketing Specialist pozisyonu. Profil anahtar kelimelerinizle eşleşti.,Growth,https://tr.linkedin.com/jobs/view/growth-marketing-specialist-at-gamegos-4466205359,İncelenecek
4,2026-10-02 19:41:57,73,Growth Manager,Rollic,"Istanbul, Türkiye",LinkedIn (TR),Rollic bünyesinde Growth Manager pozisyonu. Profil anahtar kelimelerinizle eşleşti.,Growth,https://tr.linkedin.com/jobs/view/growth-manager-at-rollic-4418746792,İncelenecek
5,2026-10-02 19:41:57,73,SaaS Growth Strategist (AI-Native),Vizio AI,Greater Istanbul,LinkedIn (TR),Vizio AI bünyesinde SaaS Growth Strategist (AI-Native) pozisyonu. Profil anahtar kelimelerinizle eşleşti.,Growth,https://tr.linkedin.com/jobs/view/saas-growth-strategist-ai-native-at-vizio-ai-4458852211,İncelenecek
6,2026-10-02 19:41:57,73,Growth Specialist,Fugo Games,"Sarıyer, Istanbul, Türkiye",LinkedIn (TR),Fugo Games bünyesinde Growth Specialist pozisyonu. Profil anahtar kelimelerinizle eşleşti.,Growth,https://tr.linkedin.com/jobs/view/growth-specialist-at-fugo-games-4453862781,İncelenecek
7,2026-10-02 19:41:57,73,Growth & Marketing Manager,Deloitte,"Istanbul, Türkiye",LinkedIn (TR),Deloitte bünyesinde Growth & Marketing Manager pozisyonu. Profil anahtar kelimelerinizle eşleşti.,Growth,https://tr.linkedin.com/jobs/view/growth-marketing-manager-at-deloitte-4442808021,İncelenecek
8,2026-10-02 19:41:57,73,Growth Marketing Manager (AI-Native),Efsora,"Urla, İzmir, Türkiye",LinkedIn (TR),Efsora bünyesinde Growth Marketing Manager (AI-Native) pozisyonu. Profil anahtar kelimelerinizle eşleşti.,Growth,https://tr.linkedin.com/jobs/view/growth-marketing-manager-ai-native-at-efsora-4466918317,İncelenecek
9,2026-10-02 19:41:57,73,Growth Specialist - Gaming,Arcustin Games,Greater Istanbul,LinkedIn (TR),Arcustin Games bünyesinde Growth Specialist - Gaming pozisyonu. Profil anahtar kelimelerinizle eşleşti.,Growth,https://tr.linkedin.com/jobs/view/growth-specialist-gaming-at-arcustin-games-4465815722,İncelenecek
10,2026-10-02 19:41:57,73,Growth Specialist,Paxie Games,"Istanbul, Türkiye",LinkedIn (TR),Paxie Games bünyesinde Growth Specialist pozisyonu. Profil anahtar kelimelerinizle eşleşti.,Growth,https://tr.linkedin.com/jobs/view/growth-specialist-at-paxie-games-4433197640,İncelenecek
11,2026-10-02 19:41:57,73,Growth Specialist (New Grad),Agave Games,"Istanbul, Türkiye",LinkedIn (TR),Agave Games bünyesinde Growth Specialist (New Grad) pozisyonu. Profil anahtar kelimelerinizle eşleşti.,Growth,https://tr.linkedin.com/jobs/view/growth-specialist-new-grad-at-agave-games-4470159629,İncelenecek
12,2026-10-02 19:41:57,73,Performance Marketing Specialist,Reliefers Digital,"Istanbul, Istanbul, Türkiye",LinkedIn (TR),Reliefers Digital bünyesinde Performance Marketing Specialist pozisyonu. Profil anahtar kelimelerinizle eşleşti.,Performance Marketing,https://tr.linkedin.com/jobs/view/performance-marketing-specialist-at-reliefers-digital-4471751314,İncelenecek
13,2026-10-02 19:41:57,73,Growth Manager,Grand Games,"Istanbul, Türkiye",LinkedIn (TR),Grand Games bünyesinde Growth Manager pozisyonu. Profil anahtar kelimelerinizle eşleşti.,Growth,https://tr.linkedin.com/jobs/view/growth-manager-at-grand-games-4468655780,İncelenecek
14,2026-10-02 19:41:57,73,Performance Marketing Manager,Hesapkurdu,Greater Istanbul,LinkedIn (TR),Hesapkurdu bünyesinde Performance Marketing Manager pozisyonu. Profil anahtar kelimelerinizle eşleşti.,Performance Marketing,https://tr.linkedin.com/jobs/view/performance-marketing-manager-at-hesapkurdu-4469304310,İncelenecek
15,2026-10-02 19:41:57,73,Performance Marketing Manager,Pine Games,Greater Istanbul,LinkedIn (TR),Pine Games bünyesinde Performance Marketing Manager pozisyonu. Profil anahtar kelimelerinizle eşleşti.,Performance Marketing,https://tr.linkedin.com/jobs/view/performance-marketing-manager-at-pine-games-4473217809,İncelenecek
1,2026-10-03 10:52:28,25,Growth & Performance Marketing Manager,FTD,"Sisli, Istanbul, Türkiye",LinkedIn (TR),"İlan, Growth ve Performans Pazarlaması alanında yönetsel (Manager) düzeyde deneyim gerektiren kıdemli bir pozisyondur. Adayın P&G'de marka yönetimi ve büyüme odaklı staj tecrübesi bulunsa da henüz yeni mezun aşamasında olması sebebiyle Manager seviyesindeki bu rol için tecrübe düzeyi yetersiz kalmaktadır.","Growth Marketing, Performance Marketing, SEO & E-commerce Strategy, Data Analytics, Campaign Management",https://tr.linkedin.com/jobs/view/growth-performance-marketing-manager-at-ftd-4471762625,İncelenecek
2,2026-10-03 10:52:28,30,Growth Manager,TikTak,"Kagithane, Istanbul, Türkiye",LinkedIn (TR),"TikTak bünyesindeki Growth Manager pozisyonu, kapsamlı büyüme stratejisi yönetimi ve liderlik tecrübesi gerektiren yönetsel bir roldür. Adayın P&G ve Getirfinans'ta büyüme, e-ticaret ve marka alanında kayda değer staj tecrübeleri bulunsa da, henüz mezuniyet aşamasında olması sebebiyle bir 'Manager' pozisyonu için kıdem olarak uygun değildir.","Growth Marketing, Veri Analizi, Kullanıcı Kazanımı (User Acquisition), Pazar Araştırması, Müşteri Deneyimi (CX)",https://tr.linkedin.com/jobs/view/growth-manager-at-tiktak-4467188138,İncelenecek
3,2026-10-03 10:52:28,85,Growth Marketing Specialist,Gamegos,"Istanbul, Türkiye",LinkedIn (TR),"Gamegos bünyesindeki Growth Marketing Specialist pozisyonu, adayın P&G'deki büyüme/SEO odaklı marka yönetimi ve Getirfinans'taki Growth/Ürün ekipleriyle yürüttüğü veri odaklı deneyimleriyle oldukça iyi örtüşmektedir. Analitik ve mühendislik altyapısı sayesinde oyun sektöründeki büyüme pazarlaması ve kullanıcı kazanımı süreçlerine hızla adapte olabilecek bir profildir.","Growth Marketing, Data Analysis, Digital Visibility & SEO, User Acquisition & Retention, Customer Journey Optimization, Cross-functional Collaboration",https://tr.linkedin.com/jobs/view/growth-marketing-specialist-at-gamegos-4466205359,İncelenecek
4,2026-10-03 10:52:28,30,Growth Manager,Rollic,"Istanbul, Türkiye",LinkedIn (TR),"Rollic'in Growth Manager pozisyonu, mobil oyun sektöründe kapsamlı kullanıcı edinimi (UA), performans pazarlaması ve bütçe yönetimi tecrübesi gerektiren orta/üst seviye yönetsel bir roldür. Aday henüz son sınıf / yeni mezun seviyesinde olduğundan ve stajyer/junior rollerini hedeflediğinden dolayı bu pozisyonun kıdem seviyesi adaya uygun değildir.","Growth Strategy, Performans Pazarlaması, Veri Analitiği, Kullanıcı Edinimi (UA), A/B Testleri",https://tr.linkedin.com/jobs/view/growth-manager-at-rollic-4418746792,İncelenecek
5,2026-10-03 10:52:28,73,SaaS Growth Strategist (AI-Native),Vizio AI,Greater Istanbul,LinkedIn (TR),Vizio AI bünyesinde SaaS Growth Strategist (AI-Native) pozisyonu. Profil anahtar kelimelerinizle eşleşti.,Growth,https://tr.linkedin.com/jobs/view/saas-growth-strategist-ai-native-at-vizio-ai-4458852211,İncelenecek
6,2026-10-03 10:52:28,73,Growth Specialist,Fugo Games,"Sarıyer, Istanbul, Türkiye",LinkedIn (TR),Fugo Games bünyesinde Growth Specialist pozisyonu. Profil anahtar kelimelerinizle eşleşti.,Growth,https://tr.linkedin.com/jobs/view/growth-specialist-at-fugo-games-4453862781,İncelenecek
7,2026-10-03 10:52:28,73,Growth & Marketing Manager,Deloitte,"Istanbul, Türkiye",LinkedIn (TR),Deloitte bünyesinde Growth & Marketing Manager pozisyonu. Profil anahtar kelimelerinizle eşleşti.,Growth,https://tr.linkedin.com/jobs/view/growth-marketing-manager-at-deloitte-4442808021,İncelenecek
8,2026-10-03 10:52:28,73,Growth&CRM Manager,Ticimax,"Istanbul, Türkiye",LinkedIn (TR),Ticimax bünyesinde Growth&CRM Manager pozisyonu. Profil anahtar kelimelerinizle eşleşti.,Growth,https://tr.linkedin.com/jobs/view/growth-crm-manager-at-ticimax-4475039237,İncelenecek
9,2026-10-03 10:52:28,73,Mobil Uygulama Growth & Performans Pazarlama Uzmanı,VİSORYA YAZILIM VE TEKNOLOJİ ANONİM ŞİRKETİ,"Konya, Türkiye",LinkedIn (TR),VİSORYA YAZILIM VE TEKNOLOJİ ANONİM ŞİRKETİ bünyesinde Mobil Uygulama Growth & Performans Pazarlama Uzmanı pozisyonu. Profil anahtar kelimelerinizle eşleşti.,Growth,https://tr.linkedin.com/jobs/view/mobil-uygulama-growth-performans-pazarlama-uzman%C4%B1-at-vi%CC%87sorya-yazilim-ve-teknoloji%CC%87-anoni%CC%87m-%C5%9Fi%CC%87rketi%CC%87-4473424810,İncelenecek
10,2026-10-03 10:52:28,73,Growth Specialist - Gaming,Arcustin Games,Greater Istanbul,LinkedIn (TR),Arcustin Games bünyesinde Growth Specialist - Gaming pozisyonu. Profil anahtar kelimelerinizle eşleşti.,Growth,https://tr.linkedin.com/jobs/view/growth-specialist-gaming-at-arcustin-games-4465815722,İncelenecek
11,2026-10-03 10:52:28,73,Growth Specialist,Paxie Games,"Istanbul, Türkiye",LinkedIn (TR),Paxie Games bünyesinde Growth Specialist pozisyonu. Profil anahtar kelimelerinizle eşleşti.,Growth,https://tr.linkedin.com/jobs/view/growth-specialist-at-paxie-games-4433197640,İncelenecek
12,2026-10-03 10:52:28,73,Growth Specialist (New Grad),Agave Games,"Istanbul, Türkiye",LinkedIn (TR),Agave Games bünyesinde Growth Specialist (New Grad) pozisyonu. Profil anahtar kelimelerinizle eşleşti.,Growth,https://tr.linkedin.com/jobs/view/growth-specialist-new-grad-at-agave-games-4470159629,İncelenecek
13,2026-10-03 10:52:28,73,Performance Marketing Specialist,Reliefers Digital,"Istanbul, Istanbul, Türkiye",LinkedIn (TR),Reliefers Digital bünyesinde Performance Marketing Specialist pozisyonu. Profil anahtar kelimelerinizle eşleşti.,Performance Marketing,https://tr.linkedin.com/jobs/view/performance-marketing-specialist-at-reliefers-digital-4471751314,İncelenecek
14,2026-10-03 10:52:28,73,Performance Marketing Specialist,WOM Yazılım ve Danışmanlık,Türkiye,LinkedIn (TR),WOM Yazılım ve Danışmanlık bünyesinde Performance Marketing Specialist pozisyonu. Profil anahtar kelimelerinizle eşleşti.,Performance Marketing,https://tr.linkedin.com/jobs/view/performance-marketing-specialist-at-wom-yaz%C4%B1l%C4%B1m-ve-dan%C4%B1%C5%9Fmanl%C4%B1k-4473428696,İncelenecek
15,2026-10-03 10:52:28,73,Growth Manager,Grand Games,"Istanbul, Türkiye",LinkedIn (TR),Grand Games bünyesinde Growth Manager pozisyonu. Profil anahtar kelimelerinizle eşleşti.,Growth,https://tr.linkedin.com/jobs/view/growth-manager-at-grand-games-4468655780,İncelenecek
16,2026-10-03 10:52:28,73,Performance Marketing Manager,Hesapkurdu,Greater Istanbul,LinkedIn (TR),Hesapkurdu bünyesinde Performance Marketing Manager pozisyonu. Profil anahtar kelimelerinizle eşleşti.,Performance Marketing,https://tr.linkedin.com/jobs/view/performance-marketing-manager-at-hesapkurdu-4469304310,İncelenecek
17,2026-10-03 10:52:28,73,Performance Marketing Manager,Pine Games,Greater Istanbul,LinkedIn (TR),Pine Games bünyesinde Performance Marketing Manager pozisyonu. Profil anahtar kelimelerinizle eşleşti.,Performance Marketing,https://tr.linkedin.com/jobs/view/performance-marketing-manager-at-pine-games-4473217809,İncelenecek
18,2026-10-03 10:52:28,73,Founding Growth Marketer,The Flex,Türkiye,LinkedIn (TR),The Flex bünyesinde Founding Growth Marketer pozisyonu. Profil anahtar kelimelerinizle eşleşti.,Growth,https://tr.linkedin.com/jobs/view/founding-growth-marketer-at-the-flex-4471103029,İncelenecek
19,2026-10-03 10:52:28,73,Growth Marketing Manager (AI-Native),Efsora,"Urla, İzmir, Türkiye",LinkedIn (TR),Efsora bünyesinde Growth Marketing Manager (AI-Native) pozisyonu. Profil anahtar kelimelerinizle eşleşti.,Growth,https://tr.linkedin.com/jobs/view/growth-marketing-manager-ai-native-at-efsora-4466918317,İncelenecek
20,2026-10-03 10:52:28,73,Growth Product Manager,Assistant App,Greater Istanbul,LinkedIn (TR),Assistant App bünyesinde Growth Product Manager pozisyonu. Profil anahtar kelimelerinizle eşleşti.,Growth,https://tr.linkedin.com/jobs/view/growth-product-manager-at-assistant-app-4430236743,İncelenecek
21,2026-10-03 10:52:28,73,Growth Product Manager,Infoset,"Istanbul, Türkiye",LinkedIn (TR),Infoset bünyesinde Growth Product Manager pozisyonu. Profil anahtar kelimelerinizle eşleşti.,Growth,https://tr.linkedin.com/jobs/view/growth-product-manager-at-infoset-4447139233,İncelenecek
22,2026-10-03 10:52:28,81,Mobile App Marketing & User Acquisition Specialist,GG Tech Teknoloji,"Kadikoy, Istanbul, Türkiye",LinkedIn (TR),GG Tech Teknoloji bünyesinde Mobile App Marketing & User Acquisition Specialist pozisyonu. Profil anahtar kelimelerinizle eşleşti.,"User Acquisition, Acquisition",https://tr.linkedin.com/jobs/view/mobile-app-marketing-user-acquisition-specialist-at-gg-tech-teknoloji-4463480526,İncelenecek
23,2026-10-03 10:52:28,73,Product Growth (apps),Aperture,Türkiye,LinkedIn (TR),Aperture bünyesinde Product Growth (apps) pozisyonu. Profil anahtar kelimelerinizle eşleşti.,Growth,https://tr.linkedin.com/jobs/view/product-growth-apps-at-aperture-4422404759,İncelenecek
24,2026-10-03 10:52:28,73,Product Growth (Monetisation) Manager,Aperture,Türkiye,LinkedIn (TR),Aperture bünyesinde Product Growth (Monetisation) Manager pozisyonu. Profil anahtar kelimelerinizle eşleşti.,Growth,https://tr.linkedin.com/jobs/view/product-growth-monetisation-manager-at-aperture-4451353509,İncelenecek
25,2026-10-03 10:52:28,73,AI Product Growth Owner,Univenn,"İzmir, İzmir, Türkiye",LinkedIn (TR),Univenn bünyesinde AI Product Growth Owner pozisyonu. Profil anahtar kelimelerinizle eşleşti.,Growth,https://tr.linkedin.com/jobs/view/ai-product-growth-owner-at-univenn-4411195526,İncelenecek
1,2026-10-03 18:28:00,25,Growth & Performance Marketing Manager,FTD,"Sisli, Istanbul, Türkiye",LinkedIn (TR),"FTD tarafından açılan pozisyon, büyüme ve performans pazarlaması alanında yönetsel yetkinlik ve tecrübe gerektiren bir 'Manager' rolüdür. Adayın P&G'de marka ve SEO, Getirfinans'ta büyüme odaklı güçlü staj tecrübeleri bulunsa da, henüz mezuniyet aşamasında olması ve yönetsel seviyedeki gereksinimleri karşılayamaması sebebiyle pozisyona uygun değildir.","Growth Marketing, Performance Marketing, SEO Stratejisi, Veri Analitiği, E-ticaret Yönetimi",https://tr.linkedin.com/jobs/view/growth-performance-marketing-manager-at-ftd-4471762625,İncelenecek
2,2026-10-03 18:28:00,73,Growth Manager,TikTak,"Kagithane, Istanbul, Türkiye",LinkedIn (TR),TikTak bünyesinde Growth Manager pozisyonu. Profil anahtar kelimelerinizle eşleşti.,Growth,https://tr.linkedin.com/jobs/view/growth-manager-at-tiktak-4467188138,İncelenecek
3,2026-10-03 18:28:00,73,Growth Marketing Specialist,Gamegos,"Istanbul, Türkiye",LinkedIn (TR),Gamegos bünyesinde Growth Marketing Specialist pozisyonu. Profil anahtar kelimelerinizle eşleşti.,Growth,https://tr.linkedin.com/jobs/view/growth-marketing-specialist-at-gamegos-4466205359,İncelenecek
4,2026-10-03 18:28:00,30,Growth Manager,Rollic,"Istanbul, Türkiye",LinkedIn (TR),"Rollic bünyesindeki Growth Manager pozisyonu, mobil oyun ekosisteminde kullanıcı kazanımı (UA), performans pazarlaması ve büyüme operasyonlarını yönetecek tecrübeli profesyonelleri hedefleyen yönetsel bir roldür. Adayın P&G ve Getirfinans gibi kurumlarda büyüme ve analitik odaklı staj deneyimleri bulunsa da, yeni mezun seviyesinde olması ve mobil oyun alanında doğrudan tam zamanlı büyüme yönetimi tecrübesinin olmaması nedeniyle pozisyon adayın kariyer seviyesine uygun değildir.","Growth Strategies, Data Analytics, Market Analysis, Digital Visibility & SEO, Customer Experience",https://tr.linkedin.com/jobs/view/growth-manager-at-rollic-4418746792,İncelenecek
5,2026-10-03 18:28:00,73,SaaS Growth Strategist (AI-Native),Vizio AI,Greater Istanbul,LinkedIn (TR),Vizio AI bünyesinde SaaS Growth Strategist (AI-Native) pozisyonu. Profil anahtar kelimelerinizle eşleşti.,Growth,https://tr.linkedin.com/jobs/view/saas-growth-strategist-ai-native-at-vizio-ai-4458852211,İncelenecek
6,2026-10-03 18:28:00,88,Growth Specialist,Fugo Games,"Sarıyer, Istanbul, Türkiye",LinkedIn (TR),"Fugo Games bünyesindeki Growth Specialist pozisyonu, mobil oyun sektöründe büyüme ve kullanıcı kazanımı odaklı olup adayın Sarıyer lokasyonuna ve kariyer hedeflerine tam uyum sağlamaktadır. Adayın P&G'deki büyüme ve e-ticaret stratejileri deneyimi ile Getirfinans ve SabancıDx'teki analitik ürün/büyüme geçmişi bu rol için güçlü bir temel sunmaktadır.","Growth Marketing & User Acquisition, Data-Driven Growth Strategies, E-commerce & Digital Visibility, Customer Insights & VoC Analysis, Product Analytics & Performance Tracking",https://tr.linkedin.com/jobs/view/growth-specialist-at-fugo-games-4453862781,İncelenecek
7,2026-10-03 18:28:00,73,Growth & Marketing Manager,Deloitte,"Istanbul, Türkiye",LinkedIn (TR),Deloitte bünyesinde Growth & Marketing Manager pozisyonu. Profil anahtar kelimelerinizle eşleşti.,Growth,https://tr.linkedin.com/jobs/view/growth-marketing-manager-at-deloitte-4442808021,İncelenecek
8,2026-10-03 18:28:00,30,Growth&CRM Manager,Ticimax,"Istanbul, Türkiye",LinkedIn (TR),"Ticimax bünyesinde açılan Growth&CRM Manager pozisyonu, strateji yönetimi ve tecrübe gerektiren yönetsel bir roldür. Adayın P&G ve Getirfinans stajlarında büyüme, e-ticaret ve müşteri analitiği tecrübeleri bulunsa da, henüz mezuniyet aşamasında olması sebebiyle Manager seviyesindeki bu pozisyon için gereken kıdeme sahip değildir.","Growth Marketing, CRM, Müşteri Yaşam Döngüsü (Lifecycle), Veri Analitiği, E-Ticaret Stratejileri",https://tr.linkedin.com/jobs/view/growth-crm-manager-at-ticimax-4475039237,İncelenecek
9,2026-10-03 18:28:00,73,Mobil Uygulama Growth & Performans Pazarlama Uzmanı,VİSORYA YAZILIM VE TEKNOLOJİ ANONİM ŞİRKETİ,"Konya, Türkiye",LinkedIn (TR),VİSORYA YAZILIM VE TEKNOLOJİ ANONİM ŞİRKETİ bünyesinde Mobil Uygulama Growth & Performans Pazarlama Uzmanı pozisyonu. Profil anahtar kelimelerinizle eşleşti.,Growth,https://tr.linkedin.com/jobs/view/mobil-uygulama-growth-performans-pazarlama-uzman%C4%B1-at-vi%CC%87sorya-yazilim-ve-teknoloji%CC%87-anoni%CC%87m-%C5%9Fi%CC%87rketi%CC%87-4473424810,İncelenecek
10,2026-10-03 18:28:00,73,Growth Specialist - Gaming,Arcustin Games,Greater Istanbul,LinkedIn (TR),Arcustin Games bünyesinde Growth Specialist - Gaming pozisyonu. Profil anahtar kelimelerinizle eşleşti.,Growth,https://tr.linkedin.com/jobs/view/growth-specialist-gaming-at-arcustin-games-4465815722,İncelenecek
11,2026-10-03 18:28:00,73,Growth Specialist,Paxie Games,"Istanbul, Türkiye",LinkedIn (TR),Paxie Games bünyesinde Growth Specialist pozisyonu. Profil anahtar kelimelerinizle eşleşti.,Growth,https://tr.linkedin.com/jobs/view/growth-specialist-at-paxie-games-4433197640,İncelenecek
12,2026-10-03 18:28:00,73,Growth Specialist (New Grad),Agave Games,"Istanbul, Türkiye",LinkedIn (TR),Agave Games bünyesinde Growth Specialist (New Grad) pozisyonu. Profil anahtar kelimelerinizle eşleşti.,Growth,https://tr.linkedin.com/jobs/view/growth-specialist-new-grad-at-agave-games-4470159629,İncelenecek
13,2026-10-03 18:28:00,73,Performance Marketing Specialist,Reliefers Digital,"Istanbul, Istanbul, Türkiye",LinkedIn (TR),Reliefers Digital bünyesinde Performance Marketing Specialist pozisyonu. Profil anahtar kelimelerinizle eşleşti.,Performance Marketing,https://tr.linkedin.com/jobs/view/performance-marketing-specialist-at-reliefers-digital-4471751314,İncelenecek
14,2026-10-03 18:28:00,73,Performance Marketing Specialist,WOM Yazılım ve Danışmanlık,Türkiye,LinkedIn (TR),WOM Yazılım ve Danışmanlık bünyesinde Performance Marketing Specialist pozisyonu. Profil anahtar kelimelerinizle eşleşti.,Performance Marketing,https://tr.linkedin.com/jobs/view/performance-marketing-specialist-at-wom-yaz%C4%B1l%C4%B1m-ve-dan%C4%B1%C5%9Fmanl%C4%B1k-4473428696,İncelenecek
15,2026-10-03 18:28:00,73,Growth Manager,Grand Games,"Istanbul, Türkiye",LinkedIn (TR),Grand Games bünyesinde Growth Manager pozisyonu. Profil anahtar kelimelerinizle eşleşti.,Growth,https://tr.linkedin.com/jobs/view/growth-manager-at-grand-games-4468655780,İncelenecek
16,2026-10-03 18:28:00,73,Performance Marketing Manager,Hesapkurdu,Greater Istanbul,LinkedIn (TR),Hesapkurdu bünyesinde Performance Marketing Manager pozisyonu. Profil anahtar kelimelerinizle eşleşti.,Performance Marketing,https://tr.linkedin.com/jobs/view/performance-marketing-manager-at-hesapkurdu-4469304310,İncelenecek
17,2026-10-03 18:28:00,73,Founding Growth Marketer,The Flex,Türkiye,LinkedIn (TR),The Flex bünyesinde Founding Growth Marketer pozisyonu. Profil anahtar kelimelerinizle eşleşti.,Growth,https://tr.linkedin.com/jobs/view/founding-growth-marketer-at-the-flex-4471103029,İncelenecek
18,2026-10-03 18:28:00,73,Growth Marketing Manager (AI-Native),Efsora,"Urla, İzmir, Türkiye",LinkedIn (TR),Efsora bünyesinde Growth Marketing Manager (AI-Native) pozisyonu. Profil anahtar kelimelerinizle eşleşti.,Growth,https://tr.linkedin.com/jobs/view/growth-marketing-manager-ai-native-at-efsora-4466918317,İncelenecek
19,2026-10-03 18:28:00,73,Growth Manager (AI Health-Tech / Clinical Trials),Massive Bio,"Kadıköy, Istanbul, Türkiye",LinkedIn (TR),Massive Bio bünyesinde Growth Manager (AI Health-Tech / Clinical Trials) pozisyonu. Profil anahtar kelimelerinizle eşleşti.,Growth,https://tr.linkedin.com/jobs/view/growth-manager-ai-health-tech-clinical-trials-at-massive-bio-4451446342,İncelenecek
20,2026-10-03 18:28:00,73,Growth Product Manager,Assistant App,Greater Istanbul,LinkedIn (TR),Assistant App bünyesinde Growth Product Manager pozisyonu. Profil anahtar kelimelerinizle eşleşti.,Growth,https://tr.linkedin.com/jobs/view/growth-product-manager-at-assistant-app-4430236743,İncelenecek
21,2026-10-03 18:28:00,73,Growth Product Manager,Infoset,"Istanbul, Türkiye",LinkedIn (TR),Infoset bünyesinde Growth Product Manager pozisyonu. Profil anahtar kelimelerinizle eşleşti.,Growth,https://tr.linkedin.com/jobs/view/growth-product-manager-at-infoset-4447139233,İncelenecek
22,2026-10-03 18:28:00,73,Product Growth (apps),Aperture,Türkiye,LinkedIn (TR),Aperture bünyesinde Product Growth (apps) pozisyonu. Profil anahtar kelimelerinizle eşleşti.,Growth,https://tr.linkedin.com/jobs/view/product-growth-apps-at-aperture-4422404759,İncelenecek
23,2026-10-03 18:28:00,28,Product Growth (Monetisation) Manager,Aperture,Türkiye,LinkedIn (TR),"İlan edilen 'Product Growth (Monetisation) Manager' pozisyonu, doğrudan gelir artırma, fiyatlandırma ve monetizasyon stratejilerini yönetecek orta-üst düzey (manager) bir tecrübe gerektirmektedir. Adayın SabancıDx'te ürün, P&G'de büyüme ve Getirfinans'ta müşteri deneyimi stajları bulunsa da, henüz yeni mezun seviyesinde olması nedeniyle bir ürünün monetizasyon yönetimini üstlenecek kıdem seviyesine uygun değildir.","Product Growth, Monetisation Strategies, Data-Driven Growth, Customer Journey Optimization, Product Management",https://tr.linkedin.com/jobs/view/product-growth-monetisation-manager-at-aperture-4451353509,İncelenecek
24,2026-10-03 18:28:00,73,AI Product Growth Owner,Univenn,"İzmir, İzmir, Türkiye",LinkedIn (TR),Univenn bünyesinde AI Product Growth Owner pozisyonu. Profil anahtar kelimelerinizle eşleşti.,Growth,https://tr.linkedin.com/jobs/view/ai-product-growth-owner-at-univenn-4411195526,İncelenecek
1,2026-10-04 11:34:23,73,Growth Manager,TikTak,"Kagithane, Istanbul, Türkiye",LinkedIn (TR),TikTak bünyesinde Growth Manager pozisyonu. Profil anahtar kelimelerinizle eşleşti.,Growth,https://tr.linkedin.com/jobs/view/growth-manager-at-tiktak-4467188138,İncelenecek
2,2026-10-04 11:34:23,73,Growth Marketing Specialist,Gamegos,"Istanbul, Türkiye",LinkedIn (TR),Gamegos bünyesinde Growth Marketing Specialist pozisyonu. Profil anahtar kelimelerinizle eşleşti.,Growth,https://tr.linkedin.com/jobs/view/growth-marketing-specialist-at-gamegos-4466205359,İncelenecek
3,2026-10-04 11:34:23,73,Growth Manager,Rollic,"Istanbul, Türkiye",LinkedIn (TR),Rollic bünyesinde Growth Manager pozisyonu. Profil anahtar kelimelerinizle eşleşti.,Growth,https://tr.linkedin.com/jobs/view/growth-manager-at-rollic-4418746792,İncelenecek
4,2026-10-04 11:34:23,85,SaaS Growth Strategist (AI-Native),Vizio AI,Greater Istanbul,LinkedIn (TR),"Vizio AI'ın SaaS Growth Strategist (AI-Native) pozisyonu, adayın Getirfinans'ta AI asistanları ve Growth ekipleriyle yürüttüğü çalışmalar ve Buluttan'daki B2B SaaS iş geliştirme deneyimiyle oldukça örtüşmektedir. Adayın Boğaziçi Endüstri Mühendisliği altyapısı, P&G'deki büyüme stratejisi deneyimi ve yapay zeka adaptasyonu tecrübesi bu rol için güçlü bir temel sunmaktadır.","SaaS Büyüme Stratejisi (Growth), Yapay Zeka (AI) Entegrasyonu & Analitiği, İş Geliştirme (Business Development), Müşteri ve Pazar Analitiği, Ürün Yönetimi ve CX",https://tr.linkedin.com/jobs/view/saas-growth-strategist-ai-native-at-vizio-ai-4458852211,İncelenecek
5,2026-10-04 11:34:23,73,Growth Manager (AI Health-Tech / Clinical Trials),Massive Bio,"Kadıköy, Istanbul, Türkiye",LinkedIn (TR),Massive Bio bünyesinde Growth Manager (AI Health-Tech / Clinical Trials) pozisyonu. Profil anahtar kelimelerinizle eşleşti.,Growth,https://tr.linkedin.com/jobs/view/growth-manager-ai-health-tech-clinical-trials-at-massive-bio-4451446342,İncelenecek
6,2026-10-04 11:34:23,73,Growth Specialist,Fugo Games,"Sarıyer, Istanbul, Türkiye",LinkedIn (TR),Fugo Games bünyesinde Growth Specialist pozisyonu. Profil anahtar kelimelerinizle eşleşti.,Growth,https://tr.linkedin.com/jobs/view/growth-specialist-at-fugo-games-4453862781,İncelenecek
7,2026-10-04 11:34:23,73,Growth & Marketing Manager,Deloitte,"Istanbul, Türkiye",LinkedIn (TR),Deloitte bünyesinde Growth & Marketing Manager pozisyonu. Profil anahtar kelimelerinizle eşleşti.,Growth,https://tr.linkedin.com/jobs/view/growth-marketing-manager-at-deloitte-4442808021,İncelenecek
8,2026-10-04 11:34:23,73,Growth&CRM Manager,Ticimax,"Istanbul, Türkiye",LinkedIn (TR),Ticimax bünyesinde Growth&CRM Manager pozisyonu. Profil anahtar kelimelerinizle eşleşti.,Growth,https://tr.linkedin.com/jobs/view/growth-crm-manager-at-ticimax-4475039237,İncelenecek
9,2026-10-04 11:34:23,73,Mobil Uygulama Growth & Performans Pazarlama Uzmanı,VİSORYA YAZILIM VE TEKNOLOJİ ANONİM ŞİRKETİ,"Konya, Türkiye",LinkedIn (TR),VİSORYA YAZILIM VE TEKNOLOJİ ANONİM ŞİRKETİ bünyesinde Mobil Uygulama Growth & Performans Pazarlama Uzmanı pozisyonu. Profil anahtar kelimelerinizle eşleşti.,Growth,https://tr.linkedin.com/jobs/view/mobil-uygulama-growth-performans-pazarlama-uzman%C4%B1-at-vi%CC%87sorya-yazilim-ve-teknoloji%CC%87-anoni%CC%87m-%C5%9Fi%CC%87rketi%CC%87-4473424810,İncelenecek
10,2026-10-04 11:34:23,73,Growth Specialist - Gaming,Arcustin Games,Greater Istanbul,LinkedIn (TR),Arcustin Games bünyesinde Growth Specialist - Gaming pozisyonu. Profil anahtar kelimelerinizle eşleşti.,Growth,https://tr.linkedin.com/jobs/view/growth-specialist-gaming-at-arcustin-games-4465815722,İncelenecek
11,2026-10-04 11:34:23,73,Growth Specialist,Paxie Games,"Istanbul, Türkiye",LinkedIn (TR),Paxie Games bünyesinde Growth Specialist pozisyonu. Profil anahtar kelimelerinizle eşleşti.,Growth,https://tr.linkedin.com/jobs/view/growth-specialist-at-paxie-games-4433197640,İncelenecek
12,2026-10-04 11:34:23,73,Growth Specialist (New Grad),Agave Games,"Istanbul, Türkiye",LinkedIn (TR),Agave Games bünyesinde Growth Specialist (New Grad) pozisyonu. Profil anahtar kelimelerinizle eşleşti.,Growth,https://tr.linkedin.com/jobs/view/growth-specialist-new-grad-at-agave-games-4470159629,İncelenecek
13,2026-10-04 11:34:23,73,Performance Marketing Specialist,Reliefers Digital,"Istanbul, Istanbul, Türkiye",LinkedIn (TR),Reliefers Digital bünyesinde Performance Marketing Specialist pozisyonu. Profil anahtar kelimelerinizle eşleşti.,Performance Marketing,https://tr.linkedin.com/jobs/view/performance-marketing-specialist-at-reliefers-digital-4471751314,İncelenecek
14,2026-10-04 11:34:23,73,Growth Manager,Grand Games,"Istanbul, Türkiye",LinkedIn (TR),Grand Games bünyesinde Growth Manager pozisyonu. Profil anahtar kelimelerinizle eşleşti.,Growth,https://tr.linkedin.com/jobs/view/growth-manager-at-grand-games-4468655780,İncelenecek
15,2026-10-04 11:34:23,73,Performance Marketing Manager,Hesapkurdu,Greater Istanbul,LinkedIn (TR),Hesapkurdu bünyesinde Performance Marketing Manager pozisyonu. Profil anahtar kelimelerinizle eşleşti.,Performance Marketing,https://tr.linkedin.com/jobs/view/performance-marketing-manager-at-hesapkurdu-4469304310,İncelenecek
16,2026-10-04 11:34:23,73,Founding Growth Marketer,The Flex,Türkiye,LinkedIn (TR),The Flex bünyesinde Founding Growth Marketer pozisyonu. Profil anahtar kelimelerinizle eşleşti.,Growth,https://tr.linkedin.com/jobs/view/founding-growth-marketer-at-the-flex-4471103029,İncelenecek
17,2026-10-04 11:34:23,73,Growth Marketing Manager (AI-Native),Efsora,"Urla, İzmir, Türkiye",LinkedIn (TR),Efsora bünyesinde Growth Marketing Manager (AI-Native) pozisyonu. Profil anahtar kelimelerinizle eşleşti.,Growth,https://tr.linkedin.com/jobs/view/growth-marketing-manager-ai-native-at-efsora-4466918317,İncelenecek
18,2026-10-04 11:34:23,73,Growth Product Manager,Assistant App,Greater Istanbul,LinkedIn (TR),Assistant App bünyesinde Growth Product Manager pozisyonu. Profil anahtar kelimelerinizle eşleşti.,Growth,https://tr.linkedin.com/jobs/view/growth-product-manager-at-assistant-app-4430236743,İncelenecek
19,2026-10-04 11:34:23,73,Growth Product Manager,Infoset,"Istanbul, Türkiye",LinkedIn (TR),Infoset bünyesinde Growth Product Manager pozisyonu. Profil anahtar kelimelerinizle eşleşti.,Growth,https://tr.linkedin.com/jobs/view/growth-product-manager-at-infoset-4447139233,İncelenecek
20,2026-10-04 11:34:23,73,Product Growth (apps),Aperture,Türkiye,LinkedIn (TR),Aperture bünyesinde Product Growth (apps) pozisyonu. Profil anahtar kelimelerinizle eşleşti.,Growth,https://tr.linkedin.com/jobs/view/product-growth-apps-at-aperture-4422404759,İncelenecek
21,2026-10-04 11:34:23,73,Product Growth (Monetisation) Manager,Aperture,Türkiye,LinkedIn (TR),Aperture bünyesinde Product Growth (Monetisation) Manager pozisyonu. Profil anahtar kelimelerinizle eşleşti.,Growth,https://tr.linkedin.com/jobs/view/product-growth-monetisation-manager-at-aperture-4451353509,İncelenecek
1,2026-10-04 18:29:11,30,Growth Manager,TikTak,"Kagithane, Istanbul, Türkiye",LinkedIn (TR),"TikTak bünyesindeki Growth Manager pozisyonu, büyüme stratejilerini, bütçeleri ve ekipleri yönetecek deneyimli bir profil gerektiren yönetsel bir roldür. Adayın P&G ve Getirfinans'ta büyüme odaklı staj deneyimleri bulunsa da, mezuniyet aşamasında olması ve 'Manager' seviyesindeki rollerin gerektirdiği tam zamanlı kıdem ile yönetsel tecrübeye henüz sahip olmaması sebebiyle uygun değildir.","Growth Marketing, Veri Analitiği, Kullanıcı Edinimi (User Acquisition), Pazar ve Rakip Analizi, Dijital Pazarlama",https://tr.linkedin.com/jobs/view/growth-manager-at-tiktak-4467188138,İncelenecek
2,2026-10-04 18:29:11,85,Growth Marketing Specialist,Gamegos,"Istanbul, Türkiye",LinkedIn (TR),"Gamegos'un Growth Marketing Specialist pozisyonu, adayın P&G'deki büyüme/marka yönetimi ve Getirfinans'taki Growth ekipleriyle yürüttüğü veri odaklı projelerle oldukça uyumludur. Adayın Boğaziçi Endüstri Mühendisliği analitik altyapısı ve dijital pazarlama deneyimi, oyun sektöründeki büyüme ve kullanıcı kazanımı rolleri için güçlü bir zemin sunmaktadır.","Growth Marketing, Data Analysis & Insights, Digital Visibility & SEO, Brand Management, User Acquisition & Retention, Cross-functional Collaboration",https://tr.linkedin.com/jobs/view/growth-marketing-specialist-at-gamegos-4466205359,İncelenecek
3,2026-10-04 18:29:11,35,Growth Manager,Rollic,"Istanbul, Türkiye",LinkedIn (TR),"Rollic bünyesindeki 'Growth Manager' pozisyonu mobil oyun sektöründe kullanıcı kazanımı, performans pazarlaması ve büyüme stratejilerini yönetecek deneyimli profesyonelleri hedeflemektedir. Adayın P&G ve Getirfinans'taki büyüme ve marka staj deneyimleri kuvvetli bir analitik altyapı sunsa da, rolün gerektirdiği yönetsel kıdem ve mobil oyun odaklı derin büyüme uzmanlığı henüz yeni mezun seviyesindeki adayın profili için yüksek kalmaktadır.","Growth Marketing, Data Analysis, User Acquisition, Performance Marketing, E-Commerce & Digital Strategy",https://tr.linkedin.com/jobs/view/growth-manager-at-rollic-4418746792,İncelenecek
4,2026-10-04 18:29:11,88,SaaS Growth Strategist (AI-Native),Vizio AI,Greater Istanbul,LinkedIn (TR),"Vizio AI'ın SaaS Growth Strategist (AI-Native) pozisyonu, adayın Boğaziçi Endüstri Mühendisliği analitik altyapısı ve Getirfinans'taki yapay zekâ asistanı entegrasyonu deneyimiyle oldukça örtüşmektedir. Adayın P&G'deki büyüme stratejisi ve Buluttan ile SabancıDx'teki B2B/SaaS iş geliştirme ve ürün yönetimi stajları bu pozisyon için güçlü bir temel sunmaktadır.","SaaS Büyüme Stratejisi (Growth Strategy), Yapay Zekâ (AI) Odaklı Ürün ve Süreçler, Pazar ve Müşteri Analitiği, İş Geliştirme (BizDev), Kullanıcı/Müşteri Deneyimi (CX/UX)",https://tr.linkedin.com/jobs/view/saas-growth-strategist-ai-native-at-vizio-ai-4458852211,İncelenecek
5,2026-10-04 18:29:11,30,Growth Manager (AI Health-Tech / Clinical Trials),Massive Bio,"Kadıköy, Istanbul, Türkiye",LinkedIn (TR),"İlan, sağlık teknolojileri ve klinik araştırmalar alanında strateji ve büyüme süreçlerini yönetecek deneyimli bir 'Growth Manager' aramaktadır. Adayın P&G ve Getirfinans'ta marka büyümesi ve yapay zeka deneyimi bulunsa da, pozisyonun gerektirdiği yönetsel kıdem ve klinik/sağlık teknolojisi tecrübesi yeni mezun seviyesinin üzerindedir.","Growth Marketing, Data-Driven Growth, AI Product Integration, Cross-Functional Collaboration, Digital Visibility & SEO",https://tr.linkedin.com/jobs/view/growth-manager-ai-health-tech-clinical-trials-at-massive-bio-4451446342,İncelenecek
6,2026-10-04 18:29:11,88,Growth Specialist,Fugo Games,"Sarıyer, Istanbul, Türkiye",LinkedIn (TR),"Fugo Games'in Sarıyer lokasyonundaki Growth Specialist pozisyonu, adayın veri odaklı büyüme, e-ticaret stratejileri ve ürün analitiği geçmişiyle oldukça örtüşmektedir. Adayın P&G'de yürüttüğü kategori büyüme planları, Getirfinans'taki Growth-Ürün köprüsü rolü ve aynı lokasyonda (Sarıyer) ikamet etmesi bu rol için güçlü bir uyum sağlamaktadır.","Büyüme Stratejileri (Growth), Veri Analitiği ve Raporlama, Müşteri/Kullanıcı Deneyimi, Dijital Pazarlama ve SEO, Ürün Yönetimi, Aksiyon Planı Geliştirme",https://tr.linkedin.com/jobs/view/growth-specialist-at-fugo-games-4453862781,İncelenecek
7,2026-10-04 18:29:11,73,Growth & Marketing Manager,Deloitte,"Istanbul, Türkiye",LinkedIn (TR),Deloitte bünyesinde Growth & Marketing Manager pozisyonu. Profil anahtar kelimelerinizle eşleşti.,Growth,https://tr.linkedin.com/jobs/view/growth-marketing-manager-at-deloitte-4442808021,İncelenecek
8,2026-10-04 18:29:11,73,Growth&CRM Manager,Ticimax,"Istanbul, Türkiye",LinkedIn (TR),Ticimax bünyesinde Growth&CRM Manager pozisyonu. Profil anahtar kelimelerinizle eşleşti.,Growth,https://tr.linkedin.com/jobs/view/growth-crm-manager-at-ticimax-4475039237,İncelenecek
9,2026-10-04 18:29:11,78,Mobil Uygulama Growth & Performans Pazarlama Uzmanı,VİSORYA YAZILIM VE TEKNOLOJİ ANONİM ŞİRKETİ,"Konya, Türkiye",LinkedIn (TR),"İlan mobil uygulama büyüme ve performans pazarlaması uzmanlığı rolü olup, adayın Getirfinans'ta mobil uygulama büyüme (Growth) ve P&G'deki dijital pazarlama/büyüme deneyimleriyle fonksiyonel olarak oldukça uyumludur. Rolün uzmanlık seviyesinde olması adayın profiline hitap etmekle birlikte, Konya merkezli hibrit çalışma modeli İstanbul'da ikamet eden aday için lokasyonel bir değerlendirme gerektirebilir.","Growth Marketing, Mobil Uygulama Büyüme Stratejileri, Performans Pazarlaması, Veri Analitiği, Müşteri Yolculuğu & Dönüşüm Optimizasyonu",https://tr.linkedin.com/jobs/view/mobil-uygulama-growth-performans-pazarlama-uzman%C4%B1-at-vi%CC%87sorya-yazilim-ve-teknoloji%CC%87-anoni%CC%87m-%C5%9Fi%CC%87rketi%CC%87-4473424810,İncelenecek
10,2026-10-04 18:29:11,73,Growth Specialist - Gaming,Arcustin Games,Greater Istanbul,LinkedIn (TR),Arcustin Games bünyesinde Growth Specialist - Gaming pozisyonu. Profil anahtar kelimelerinizle eşleşti.,Growth,https://tr.linkedin.com/jobs/view/growth-specialist-gaming-at-arcustin-games-4465815722,İncelenecek
11,2026-10-04 18:29:11,73,Growth Specialist,Paxie Games,"Istanbul, Türkiye",LinkedIn (TR),Paxie Games bünyesinde Growth Specialist pozisyonu. Profil anahtar kelimelerinizle eşleşti.,Growth,https://tr.linkedin.com/jobs/view/growth-specialist-at-paxie-games-4433197640,İncelenecek
12,2026-10-04 18:29:11,73,Growth Specialist (New Grad),Agave Games,"Istanbul, Türkiye",LinkedIn (TR),Agave Games bünyesinde Growth Specialist (New Grad) pozisyonu. Profil anahtar kelimelerinizle eşleşti.,Growth,https://tr.linkedin.com/jobs/view/growth-specialist-new-grad-at-agave-games-4470159629,İncelenecek
13,2026-10-04 18:29:11,73,Performance Marketing Specialist,Reliefers Digital,"Istanbul, Istanbul, Türkiye",LinkedIn (TR),Reliefers Digital bünyesinde Performance Marketing Specialist pozisyonu. Profil anahtar kelimelerinizle eşleşti.,Performance Marketing,https://tr.linkedin.com/jobs/view/performance-marketing-specialist-at-reliefers-digital-4471751314,İncelenecek
14,2026-10-04 18:29:11,73,Growth Manager,Grand Games,"Istanbul, Türkiye",LinkedIn (TR),Grand Games bünyesinde Growth Manager pozisyonu. Profil anahtar kelimelerinizle eşleşti.,Growth,https://tr.linkedin.com/jobs/view/growth-manager-at-grand-games-4468655780,İncelenecek
15,2026-10-04 18:29:11,73,Performance Marketing Manager,Hesapkurdu,Greater Istanbul,LinkedIn (TR),Hesapkurdu bünyesinde Performance Marketing Manager pozisyonu. Profil anahtar kelimelerinizle eşleşti.,Performance Marketing,https://tr.linkedin.com/jobs/view/performance-marketing-manager-at-hesapkurdu-4469304310,İncelenecek
16,2026-10-04 18:29:11,73,Founding Growth Marketer,The Flex,Türkiye,LinkedIn (TR),The Flex bünyesinde Founding Growth Marketer pozisyonu. Profil anahtar kelimelerinizle eşleşti.,Growth,https://tr.linkedin.com/jobs/view/founding-growth-marketer-at-the-flex-4471103029,İncelenecek
17,2026-10-04 18:29:11,73,Growth Marketing Manager (AI-Native),Efsora,"Urla, İzmir, Türkiye",LinkedIn (TR),Efsora bünyesinde Growth Marketing Manager (AI-Native) pozisyonu. Profil anahtar kelimelerinizle eşleşti.,Growth,https://tr.linkedin.com/jobs/view/growth-marketing-manager-ai-native-at-efsora-4466918317,İncelenecek
18,2026-10-04 18:29:11,73,Growth Product Manager,Assistant App,Greater Istanbul,LinkedIn (TR),Assistant App bünyesinde Growth Product Manager pozisyonu. Profil anahtar kelimelerinizle eşleşti.,Growth,https://tr.linkedin.com/jobs/view/growth-product-manager-at-assistant-app-4430236743,İncelenecek
19,2026-10-04 18:29:11,73,Growth Product Manager,Infoset,"Istanbul, Türkiye",LinkedIn (TR),Infoset bünyesinde Growth Product Manager pozisyonu. Profil anahtar kelimelerinizle eşleşti.,Growth,https://tr.linkedin.com/jobs/view/growth-product-manager-at-infoset-4447139233,İncelenecek
20,2026-10-04 18:29:11,73,Product Growth (apps),Aperture,Türkiye,LinkedIn (TR),Aperture bünyesinde Product Growth (apps) pozisyonu. Profil anahtar kelimelerinizle eşleşti.,Growth,https://tr.linkedin.com/jobs/view/product-growth-apps-at-aperture-4422404759,İncelenecek
21,2026-10-04 18:29:11,73,Product Growth (Monetisation) Manager,Aperture,Türkiye,LinkedIn (TR),Aperture bünyesinde Product Growth (Monetisation) Manager pozisyonu. Profil anahtar kelimelerinizle eşleşti.,Growth,https://tr.linkedin.com/jobs/view/product-growth-monetisation-manager-at-aperture-4451353509,İncelenecek
1,2026-10-05 13:08:22,73,Growth Manager,TikTak,"Kagithane, Istanbul, Türkiye",LinkedIn (TR),TikTak bünyesinde Growth Manager pozisyonu. Profil anahtar kelimelerinizle eşleşti.,Growth,https://tr.linkedin.com/jobs/view/growth-manager-at-tiktak-4467188138,İncelenecek
2,2026-10-05 13:08:22,73,Growth Marketing Specialist,Gamegos,"Istanbul, Türkiye",LinkedIn (TR),Gamegos bünyesinde Growth Marketing Specialist pozisyonu. Profil anahtar kelimelerinizle eşleşti.,Growth,https://tr.linkedin.com/jobs/view/growth-marketing-specialist-at-gamegos-4466205359,İncelenecek
3,2026-10-05 13:08:22,73,Growth Manager,Rollic,"Istanbul, Türkiye",LinkedIn (TR),Rollic bünyesinde Growth Manager pozisyonu. Profil anahtar kelimelerinizle eşleşti.,Growth,https://tr.linkedin.com/jobs/view/growth-manager-at-rollic-4418746792,İncelenecek
4,2026-10-05 13:08:22,73,SaaS Growth Strategist (AI-Native),Vizio AI,Greater Istanbul,LinkedIn (TR),Vizio AI bünyesinde SaaS Growth Strategist (AI-Native) pozisyonu. Profil anahtar kelimelerinizle eşleşti.,Growth,https://tr.linkedin.com/jobs/view/saas-growth-strategist-ai-native-at-vizio-ai-4458852211,İncelenecek
5,2026-10-05 13:08:22,73,Growth Manager (AI Health-Tech / Clinical Trials),Massive Bio,"Kadıköy, Istanbul, Türkiye",LinkedIn (TR),Massive Bio bünyesinde Growth Manager (AI Health-Tech / Clinical Trials) pozisyonu. Profil anahtar kelimelerinizle eşleşti.,Growth,https://tr.linkedin.com/jobs/view/growth-manager-ai-health-tech-clinical-trials-at-massive-bio-4451446342,İncelenecek
6,2026-10-05 13:08:22,73,Growth Specialist,Fugo Games,"Sarıyer, Istanbul, Türkiye",LinkedIn (TR),Fugo Games bünyesinde Growth Specialist pozisyonu. Profil anahtar kelimelerinizle eşleşti.,Growth,https://tr.linkedin.com/jobs/view/growth-specialist-at-fugo-games-4453862781,İncelenecek
7,2026-10-05 13:08:22,73,Growth & Marketing Manager,Deloitte,"Istanbul, Türkiye",LinkedIn (TR),Deloitte bünyesinde Growth & Marketing Manager pozisyonu. Profil anahtar kelimelerinizle eşleşti.,Growth,https://tr.linkedin.com/jobs/view/growth-marketing-manager-at-deloitte-4442808021,İncelenecek
8,2026-10-05 13:08:22,73,Growth&CRM Manager,Ticimax,"Istanbul, Türkiye",LinkedIn (TR),Ticimax bünyesinde Growth&CRM Manager pozisyonu. Profil anahtar kelimelerinizle eşleşti.,Growth,https://tr.linkedin.com/jobs/view/growth-crm-manager-at-ticimax-4475039237,İncelenecek
9,2026-10-05 13:08:22,73,Mobil Uygulama Growth & Performans Pazarlama Uzmanı,VİSORYA YAZILIM VE TEKNOLOJİ ANONİM ŞİRKETİ,"Konya, Türkiye",LinkedIn (TR),VİSORYA YAZILIM VE TEKNOLOJİ ANONİM ŞİRKETİ bünyesinde Mobil Uygulama Growth & Performans Pazarlama Uzmanı pozisyonu. Profil anahtar kelimelerinizle eşleşti.,Growth,https://tr.linkedin.com/jobs/view/mobil-uygulama-growth-performans-pazarlama-uzman%C4%B1-at-vi%CC%87sorya-yazilim-ve-teknoloji%CC%87-anoni%CC%87m-%C5%9Fi%CC%87rketi%CC%87-4473424810,İncelenecek
10,2026-10-05 13:08:22,73,Growth Specialist - Gaming,Arcustin Games,Greater Istanbul,LinkedIn (TR),Arcustin Games bünyesinde Growth Specialist - Gaming pozisyonu. Profil anahtar kelimelerinizle eşleşti.,Growth,https://tr.linkedin.com/jobs/view/growth-specialist-gaming-at-arcustin-games-4465815722,İncelenecek
11,2026-10-05 13:08:22,73,Growth Specialist,Paxie Games,"Istanbul, Türkiye",LinkedIn (TR),Paxie Games bünyesinde Growth Specialist pozisyonu. Profil anahtar kelimelerinizle eşleşti.,Growth,https://tr.linkedin.com/jobs/view/growth-specialist-at-paxie-games-4433197640,İncelenecek
12,2026-10-05 13:08:22,73,Growth Specialist (New Grad),Agave Games,"Istanbul, Türkiye",LinkedIn (TR),Agave Games bünyesinde Growth Specialist (New Grad) pozisyonu. Profil anahtar kelimelerinizle eşleşti.,Growth,https://tr.linkedin.com/jobs/view/growth-specialist-new-grad-at-agave-games-4470159629,İncelenecek
13,2026-10-05 13:08:22,58,Dijital Pazarlama Uzmanı Arıyoruz!,Gogrowth,"Istanbul, Türkiye",LinkedIn (TR),Gogrowth bünyesinde Dijital Pazarlama Uzmanı Arıyoruz! pozisyonu. Profil anahtar kelimelerinizle eşleşti.,Growth,https://tr.linkedin.com/jobs/view/dijital-pazarlama-uzman%C4%B1-ar%C4%B1yoruz%21-at-gogrowth-4473488718,İncelenecek
14,2026-10-05 13:08:22,73,Growth Manager,Grand Games,"Istanbul, Türkiye",LinkedIn (TR),Grand Games bünyesinde Growth Manager pozisyonu. Profil anahtar kelimelerinizle eşleşti.,Growth,https://tr.linkedin.com/jobs/view/growth-manager-at-grand-games-4468655780,İncelenecek
15,2026-10-05 13:08:22,73,Performance Marketing Manager,Hesapkurdu,Greater Istanbul,LinkedIn (TR),Hesapkurdu bünyesinde Performance Marketing Manager pozisyonu. Profil anahtar kelimelerinizle eşleşti.,Performance Marketing,https://tr.linkedin.com/jobs/view/performance-marketing-manager-at-hesapkurdu-4469304310,İncelenecek
16,2026-10-05 13:08:22,73,Founding Growth Marketer,The Flex,Türkiye,LinkedIn (TR),The Flex bünyesinde Founding Growth Marketer pozisyonu. Profil anahtar kelimelerinizle eşleşti.,Growth,https://tr.linkedin.com/jobs/view/founding-growth-marketer-at-the-flex-4471103029,İncelenecek
17,2026-10-05 13:08:22,73,Growth Marketing Manager (AI-Native),Efsora,"Urla, İzmir, Türkiye",LinkedIn (TR),Efsora bünyesinde Growth Marketing Manager (AI-Native) pozisyonu. Profil anahtar kelimelerinizle eşleşti.,Growth,https://tr.linkedin.com/jobs/view/growth-marketing-manager-ai-native-at-efsora-4466918317,İncelenecek
18,2026-10-05 13:08:22,73,Growth Product Manager,Assistant App,Greater Istanbul,LinkedIn (TR),Assistant App bünyesinde Growth Product Manager pozisyonu. Profil anahtar kelimelerinizle eşleşti.,Growth,https://tr.linkedin.com/jobs/view/growth-product-manager-at-assistant-app-4430236743,İncelenecek
19,2026-10-05 13:08:22,73,Growth Product Manager,Infoset,"Istanbul, Türkiye",LinkedIn (TR),Infoset bünyesinde Growth Product Manager pozisyonu. Profil anahtar kelimelerinizle eşleşti.,Growth,https://tr.linkedin.com/jobs/view/growth-product-manager-at-infoset-4447139233,İncelenecek
20,2026-10-05 13:08:22,30,Product Growth (Monetisation) Manager,Aperture,Türkiye,LinkedIn (TR),"İlan, gelir modelleri ve büyüme stratejilerini yönetecek 'Manager' seviyesinde tecrübeli bir ürün yöneticisi aramaktadır. Adayın SabancıDx'te ürün yönetimi ve P&G'de büyüme odaklı güçlü staj deneyimleri bulunsa da, pozisyonun gerektirdiği kıdem ve tam zamanlı gelir/monetizasyon yönetimi tecrübesi yeni mezun profili aşmaktadır.","Product Management, Growth Strategy, Customer Journey Design, Data-Driven Analysis, E-commerce & Monetisation",https://tr.linkedin.com/jobs/view/product-growth-monetisation-manager-at-aperture-4451353509,İncelenecek
21,2026-10-05 13:08:22,73,AI Product Growth Owner,Univenn,"İzmir, İzmir, Türkiye",LinkedIn (TR),Univenn bünyesinde AI Product Growth Owner pozisyonu. Profil anahtar kelimelerinizle eşleşti.,Growth,https://tr.linkedin.com/jobs/view/ai-product-growth-owner-at-univenn-4411195526,İncelenecek
1,2026-10-05 21:44:56,28,Growth Manager,TikTak,"Kagithane, Istanbul, Türkiye",LinkedIn (TR),"TikTak bünyesindeki 'Growth Manager' pozisyonu yönetsel ve çok yıllık tam zamanlı tecrübe gerektiren orta/üst seviye bir roldür. Aday Boğaziçi Üniversitesi Endüstri Mühendisliği son sınıf/yeni mezun seviyesinde olduğundan, P&G ve Getirfinans'taki ilgili büyüme ve pazarlama deneyimlerine rağmen bu pozisyon adayın kıdem seviyesi için uygun değildir.","Growth Marketing, Veri Analitiği, Kullanıcı Edinimi ve Büyüme Stratejileri, Müşteri Deneyimi (CX), Pazar Araştırması",https://tr.linkedin.com/jobs/view/growth-manager-at-tiktak-4467188138,İncelenecek
2,2026-10-05 21:44:56,73,Growth Marketing Specialist,Gamegos,"Istanbul, Türkiye",LinkedIn (TR),Gamegos bünyesinde Growth Marketing Specialist pozisyonu. Profil anahtar kelimelerinizle eşleşti.,Growth,https://tr.linkedin.com/jobs/view/growth-marketing-specialist-at-gamegos-4466205359,İncelenecek
3,2026-10-05 21:44:56,73,Growth Manager,Rollic,"Istanbul, Türkiye",LinkedIn (TR),Rollic bünyesinde Growth Manager pozisyonu. Profil anahtar kelimelerinizle eşleşti.,Growth,https://tr.linkedin.com/jobs/view/growth-manager-at-rollic-4418746792,İncelenecek
4,2026-10-05 21:44:56,73,SaaS Growth Strategist (AI-Native),Vizio AI,Greater Istanbul,LinkedIn (TR),Vizio AI bünyesinde SaaS Growth Strategist (AI-Native) pozisyonu. Profil anahtar kelimelerinizle eşleşti.,Growth,https://tr.linkedin.com/jobs/view/saas-growth-strategist-ai-native-at-vizio-ai-4458852211,İncelenecek
5,2026-10-05 21:44:56,73,Growth Manager (AI Health-Tech / Clinical Trials),Massive Bio,"Kadıköy, Istanbul, Türkiye",LinkedIn (TR),Massive Bio bünyesinde Growth Manager (AI Health-Tech / Clinical Trials) pozisyonu. Profil anahtar kelimelerinizle eşleşti.,Growth,https://tr.linkedin.com/jobs/view/growth-manager-ai-health-tech-clinical-trials-at-massive-bio-4451446342,İncelenecek
6,2026-10-05 21:44:56,73,Growth Specialist,Fugo Games,"Sarıyer, Istanbul, Türkiye",LinkedIn (TR),Fugo Games bünyesinde Growth Specialist pozisyonu. Profil anahtar kelimelerinizle eşleşti.,Growth,https://tr.linkedin.com/jobs/view/growth-specialist-at-fugo-games-4453862781,İncelenecek
7,2026-10-05 21:44:56,73,Growth & Marketing Manager,Deloitte,"Istanbul, Türkiye",LinkedIn (TR),Deloitte bünyesinde Growth & Marketing Manager pozisyonu. Profil anahtar kelimelerinizle eşleşti.,Growth,https://tr.linkedin.com/jobs/view/growth-marketing-manager-at-deloitte-4442808021,İncelenecek
8,2026-10-05 21:44:56,73,Mobil Uygulama Growth & Performans Pazarlama Uzmanı,VİSORYA YAZILIM VE TEKNOLOJİ ANONİM ŞİRKETİ,"Konya, Türkiye",LinkedIn (TR),VİSORYA YAZILIM VE TEKNOLOJİ ANONİM ŞİRKETİ bünyesinde Mobil Uygulama Growth & Performans Pazarlama Uzmanı pozisyonu. Profil anahtar kelimelerinizle eşleşti.,Growth,https://tr.linkedin.com/jobs/view/mobil-uygulama-growth-performans-pazarlama-uzman%C4%B1-at-vi%CC%87sorya-yazilim-ve-teknoloji%CC%87-anoni%CC%87m-%C5%9Fi%CC%87rketi%CC%87-4473424810,İncelenecek
9,2026-10-05 21:44:56,73,Growth Specialist,Bilet.com,Türkiye,LinkedIn (TR),Bilet.com bünyesinde Growth Specialist pozisyonu. Profil anahtar kelimelerinizle eşleşti.,Growth,https://tr.linkedin.com/jobs/view/growth-specialist-at-bilet-com-4473650471,İncelenecek
10,2026-10-05 21:44:56,73,Growth Specialist - Gaming,Arcustin Games,Greater Istanbul,LinkedIn (TR),Arcustin Games bünyesinde Growth Specialist - Gaming pozisyonu. Profil anahtar kelimelerinizle eşleşti.,Growth,https://tr.linkedin.com/jobs/view/growth-specialist-gaming-at-arcustin-games-4465815722,İncelenecek
11,2026-10-05 21:44:56,73,Growth Specialist,Paxie Games,"Istanbul, Türkiye",LinkedIn (TR),Paxie Games bünyesinde Growth Specialist pozisyonu. Profil anahtar kelimelerinizle eşleşti.,Growth,https://tr.linkedin.com/jobs/view/growth-specialist-at-paxie-games-4433197640,İncelenecek
12,2026-10-05 21:44:56,73,Growth Specialist (New Grad),Agave Games,"Istanbul, Türkiye",LinkedIn (TR),Agave Games bünyesinde Growth Specialist (New Grad) pozisyonu. Profil anahtar kelimelerinizle eşleşti.,Growth,https://tr.linkedin.com/jobs/view/growth-specialist-new-grad-at-agave-games-4470159629,İncelenecek
13,2026-10-05 21:44:56,58,Dijital Pazarlama Uzmanı Arıyoruz!,Gogrowth,"Istanbul, Türkiye",LinkedIn (TR),Gogrowth bünyesinde Dijital Pazarlama Uzmanı Arıyoruz! pozisyonu. Profil anahtar kelimelerinizle eşleşti.,Growth,https://tr.linkedin.com/jobs/view/dijital-pazarlama-uzman%C4%B1-ar%C4%B1yoruz%21-at-gogrowth-4473488718,İncelenecek
14,2026-10-05 21:44:56,73,Growth Manager,Grand Games,"Istanbul, Türkiye",LinkedIn (TR),Grand Games bünyesinde Growth Manager pozisyonu. Profil anahtar kelimelerinizle eşleşti.,Growth,https://tr.linkedin.com/jobs/view/growth-manager-at-grand-games-4468655780,İncelenecek
15,2026-10-05 21:44:56,73,Performance Marketing Manager,Hesapkurdu,Greater Istanbul,LinkedIn (TR),Hesapkurdu bünyesinde Performance Marketing Manager pozisyonu. Profil anahtar kelimelerinizle eşleşti.,Performance Marketing,https://tr.linkedin.com/jobs/view/performance-marketing-manager-at-hesapkurdu-4469304310,İncelenecek
16,2026-10-05 21:44:56,73,Founding Growth Marketer,The Flex,Türkiye,LinkedIn (TR),The Flex bünyesinde Founding Growth Marketer pozisyonu. Profil anahtar kelimelerinizle eşleşti.,Growth,https://tr.linkedin.com/jobs/view/founding-growth-marketer-at-the-flex-4471103029,İncelenecek
17,2026-10-05 21:44:56,73,Growth Marketing Manager (AI-Native),Efsora,"Urla, İzmir, Türkiye",LinkedIn (TR),Efsora bünyesinde Growth Marketing Manager (AI-Native) pozisyonu. Profil anahtar kelimelerinizle eşleşti.,Growth,https://tr.linkedin.com/jobs/view/growth-marketing-manager-ai-native-at-efsora-4466918317,İncelenecek
18,2026-10-05 21:44:56,73,Growth Product Manager,Assistant App,Greater Istanbul,LinkedIn (TR),Assistant App bünyesinde Growth Product Manager pozisyonu. Profil anahtar kelimelerinizle eşleşti.,Growth,https://tr.linkedin.com/jobs/view/growth-product-manager-at-assistant-app-4430236743,İncelenecek
19,2026-10-05 21:44:56,73,Growth Product Manager,Infoset,"Istanbul, Türkiye",LinkedIn (TR),Infoset bünyesinde Growth Product Manager pozisyonu. Profil anahtar kelimelerinizle eşleşti.,Growth,https://tr.linkedin.com/jobs/view/growth-product-manager-at-infoset-4447139233,İncelenecek
20,2026-10-05 21:44:56,73,Product Growth (Monetisation) Manager,Aperture,Türkiye,LinkedIn (TR),Aperture bünyesinde Product Growth (Monetisation) Manager pozisyonu. Profil anahtar kelimelerinizle eşleşti.,Growth,https://tr.linkedin.com/jobs/view/product-growth-monetisation-manager-at-aperture-4451353509,İncelenecek
21,2026-10-05 21:44:56,73,AI Product Growth Owner,Univenn,"İzmir, İzmir, Türkiye",LinkedIn (TR),Univenn bünyesinde AI Product Growth Owner pozisyonu. Profil anahtar kelimelerinizle eşleşti.,Growth,https://tr.linkedin.com/jobs/view/ai-product-growth-owner-at-univenn-4411195526,İncelenecek
1,2026-10-06 12:29:40,73,Growth Manager,TikTak,"Kagithane, Istanbul, Türkiye",LinkedIn (TR),TikTak bünyesinde Growth Manager pozisyonu. Profil anahtar kelimelerinizle eşleşti.,Growth,https://tr.linkedin.com/jobs/view/growth-manager-at-tiktak-4467188138,İncelenecek
2,2026-10-06 12:29:40,73,Growth Marketing Specialist,Gamegos,"Istanbul, Türkiye",LinkedIn (TR),Gamegos bünyesinde Growth Marketing Specialist pozisyonu. Profil anahtar kelimelerinizle eşleşti.,Growth,https://tr.linkedin.com/jobs/view/growth-marketing-specialist-at-gamegos-4466205359,İncelenecek
3,2026-10-06 12:29:40,73,Growth Manager,Rollic,"Istanbul, Türkiye",LinkedIn (TR),Rollic bünyesinde Growth Manager pozisyonu. Profil anahtar kelimelerinizle eşleşti.,Growth,https://tr.linkedin.com/jobs/view/growth-manager-at-rollic-4418746792,İncelenecek
4,2026-10-06 12:29:40,73,SaaS Growth Strategist (AI-Native),Vizio AI,Greater Istanbul,LinkedIn (TR),Vizio AI bünyesinde SaaS Growth Strategist (AI-Native) pozisyonu. Profil anahtar kelimelerinizle eşleşti.,Growth,https://tr.linkedin.com/jobs/view/saas-growth-strategist-ai-native-at-vizio-ai-4458852211,İncelenecek
5,2026-10-06 12:29:40,73,Growth Manager (AI Health-Tech / Clinical Trials),Massive Bio,"Kadıköy, Istanbul, Türkiye",LinkedIn (TR),Massive Bio bünyesinde Growth Manager (AI Health-Tech / Clinical Trials) pozisyonu. Profil anahtar kelimelerinizle eşleşti.,Growth,https://tr.linkedin.com/jobs/view/growth-manager-ai-health-tech-clinical-trials-at-massive-bio-4451446342,İncelenecek
6,2026-10-06 12:29:40,73,Growth Specialist,Fugo Games,"Sarıyer, Istanbul, Türkiye",LinkedIn (TR),Fugo Games bünyesinde Growth Specialist pozisyonu. Profil anahtar kelimelerinizle eşleşti.,Growth,https://tr.linkedin.com/jobs/view/growth-specialist-at-fugo-games-4453862781,İncelenecek
7,2026-10-06 12:29:40,73,Growth & Marketing Manager,Deloitte,"Istanbul, Türkiye",LinkedIn (TR),Deloitte bünyesinde Growth & Marketing Manager pozisyonu. Profil anahtar kelimelerinizle eşleşti.,Growth,https://tr.linkedin.com/jobs/view/growth-marketing-manager-at-deloitte-4442808021,İncelenecek
8,2026-10-06 12:29:40,73,Growth Specialist,Bilet.com,Türkiye,LinkedIn (TR),Bilet.com bünyesinde Growth Specialist pozisyonu. Profil anahtar kelimelerinizle eşleşti.,Growth,https://tr.linkedin.com/jobs/view/growth-specialist-at-bilet-com-4473650471,İncelenecek
9,2026-10-06 12:29:40,73,Growth Specialist - Gaming,Arcustin Games,Greater Istanbul,LinkedIn (TR),Arcustin Games bünyesinde Growth Specialist - Gaming pozisyonu. Profil anahtar kelimelerinizle eşleşti.,Growth,https://tr.linkedin.com/jobs/view/growth-specialist-gaming-at-arcustin-games-4465815722,İncelenecek
10,2026-10-06 12:29:40,73,Growth Specialist,Paxie Games,"Istanbul, Türkiye",LinkedIn (TR),Paxie Games bünyesinde Growth Specialist pozisyonu. Profil anahtar kelimelerinizle eşleşti.,Growth,https://tr.linkedin.com/jobs/view/growth-specialist-at-paxie-games-4433197640,İncelenecek
11,2026-10-06 12:29:40,73,Growth Specialist (New Grad),Agave Games,"Istanbul, Türkiye",LinkedIn (TR),Agave Games bünyesinde Growth Specialist (New Grad) pozisyonu. Profil anahtar kelimelerinizle eşleşti.,Growth,https://tr.linkedin.com/jobs/view/growth-specialist-new-grad-at-agave-games-4470159629,İncelenecek
12,2026-10-06 12:29:40,58,Dijital Pazarlama Uzmanı Arıyoruz!,Gogrowth,"Istanbul, Türkiye",LinkedIn (TR),Gogrowth bünyesinde Dijital Pazarlama Uzmanı Arıyoruz! pozisyonu. Profil anahtar kelimelerinizle eşleşti.,Growth,https://tr.linkedin.com/jobs/view/dijital-pazarlama-uzman%C4%B1-ar%C4%B1yoruz%21-at-gogrowth-4473488718,İncelenecek
13,2026-10-06 12:29:40,73,Growth Manager,Grand Games,"Istanbul, Türkiye",LinkedIn (TR),Grand Games bünyesinde Growth Manager pozisyonu. Profil anahtar kelimelerinizle eşleşti.,Growth,https://tr.linkedin.com/jobs/view/growth-manager-at-grand-games-4468655780,İncelenecek
14,2026-10-06 12:29:40,73,Performance Marketing Manager,Hesapkurdu,Greater Istanbul,LinkedIn (TR),Hesapkurdu bünyesinde Performance Marketing Manager pozisyonu. Profil anahtar kelimelerinizle eşleşti.,Performance Marketing,https://tr.linkedin.com/jobs/view/performance-marketing-manager-at-hesapkurdu-4469304310,İncelenecek
15,2026-10-06 12:29:40,73,Founding Growth Marketer,The Flex,Türkiye,LinkedIn (TR),The Flex bünyesinde Founding Growth Marketer pozisyonu. Profil anahtar kelimelerinizle eşleşti.,Growth,https://tr.linkedin.com/jobs/view/founding-growth-marketer-at-the-flex-4471103029,İncelenecek
16,2026-10-06 12:29:40,73,Growth Marketing Manager (AI-Native),Efsora,"Urla, İzmir, Türkiye",LinkedIn (TR),Efsora bünyesinde Growth Marketing Manager (AI-Native) pozisyonu. Profil anahtar kelimelerinizle eşleşti.,Growth,https://tr.linkedin.com/jobs/view/growth-marketing-manager-ai-native-at-efsora-4466918317,İncelenecek
17,2026-10-06 12:29:40,73,Growth Product Manager,Assistant App,Greater Istanbul,LinkedIn (TR),Assistant App bünyesinde Growth Product Manager pozisyonu. Profil anahtar kelimelerinizle eşleşti.,Growth,https://tr.linkedin.com/jobs/view/growth-product-manager-at-assistant-app-4430236743,İncelenecek
18,2026-10-06 12:29:40,73,Growth Product Manager,Infoset,"Istanbul, Türkiye",LinkedIn (TR),Infoset bünyesinde Growth Product Manager pozisyonu. Profil anahtar kelimelerinizle eşleşti.,Growth,https://tr.linkedin.com/jobs/view/growth-product-manager-at-infoset-4447139233,İncelenecek
19,2026-10-06 12:29:40,73,Product Growth (Monetisation) Manager,Aperture,Türkiye,LinkedIn (TR),Aperture bünyesinde Product Growth (Monetisation) Manager pozisyonu. Profil anahtar kelimelerinizle eşleşti.,Growth,https://tr.linkedin.com/jobs/view/product-growth-monetisation-manager-at-aperture-4451353509,İncelenecek
20,2026-10-06 12:29:40,73,AI Product Growth Owner,Univenn,"İzmir, İzmir, Türkiye",LinkedIn (TR),Univenn bünyesinde AI Product Growth Owner pozisyonu. Profil anahtar kelimelerinizle eşleşti.,Growth,https://tr.linkedin.com/jobs/view/ai-product-growth-owner-at-univenn-4411195526,İncelenecek
1,2026-10-06 19:55:29,73,Growth Manager,TikTak,"Kagithane, Istanbul, Türkiye",LinkedIn (TR),TikTak bünyesinde Growth Manager pozisyonu. Profil anahtar kelimelerinizle eşleşti.,Growth,https://tr.linkedin.com/jobs/view/growth-manager-at-tiktak-4467188138,İncelenecek
2,2026-10-06 19:55:29,86,Growth Marketing Specialist,Gamegos,"Istanbul, Türkiye",LinkedIn (TR),"Gamegos bünyesindeki Growth Marketing Specialist rolü, adayın P&G'deki marka büyüme stratejileri ve Getirfinans'taki Growth-Ürün ekipleri arasındaki köprü rolü deneyimiyle oldukça örtüşmektedir. Adayın Boğaziçi Endüstri Mühendisliği geçmişi ve veri odaklı büyüme tecrübeleri bu pozisyon için güçlü bir temel sunmaktadır.","Growth Marketing, Veri Analizi, Kullanıcı Kazanımı (User Acquisition), SEO ve Dijital Pazarlama, Müşteri Yolculuğu ve Dönüşüm Optimizasyonu",https://tr.linkedin.com/jobs/view/growth-marketing-specialist-at-gamegos-4466205359,İncelenecek
3,2026-10-06 19:55:29,73,Growth Manager,Rollic,"Istanbul, Türkiye",LinkedIn (TR),Rollic bünyesinde Growth Manager pozisyonu. Profil anahtar kelimelerinizle eşleşti.,Growth,https://tr.linkedin.com/jobs/view/growth-manager-at-rollic-4418746792,İncelenecek
4,2026-10-06 19:55:29,73,SaaS Growth Strategist (AI-Native),Vizio AI,Greater Istanbul,LinkedIn (TR),Vizio AI bünyesinde SaaS Growth Strategist (AI-Native) pozisyonu. Profil anahtar kelimelerinizle eşleşti.,Growth,https://tr.linkedin.com/jobs/view/saas-growth-strategist-ai-native-at-vizio-ai-4458852211,İncelenecek
5,2026-10-06 19:55:29,73,Growth Manager (AI Health-Tech / Clinical Trials),Massive Bio,"Kadıköy, Istanbul, Türkiye",LinkedIn (TR),Massive Bio bünyesinde Growth Manager (AI Health-Tech / Clinical Trials) pozisyonu. Profil anahtar kelimelerinizle eşleşti.,Growth,https://tr.linkedin.com/jobs/view/growth-manager-ai-health-tech-clinical-trials-at-massive-bio-4451446342,İncelenecek
6,2026-10-06 19:55:29,88,Growth Specialist,Fugo Games,"Sarıyer, Istanbul, Türkiye",LinkedIn (TR),"Fugo Games'in Sarıyer lokasyonundaki Growth Specialist pozisyonu, adayın analitik mühendislik altyapısı ve P&G ile Getirfinans'taki büyüme (growth), dijital görünürlük ve kullanıcı kazanımı odaklı staj deneyimleriyle son derece uyumludur. Aynı lokasyonda (Sarıyer) ikamet etmesi ve mobil/teknoloji ekosistemine olan ilgisi adayı bu rol için çok güçlü bir aday haline getirmektedir.","Büyüme Stratejileri (Growth Strategy), Veri ve Pazar Analizi, Kullanıcı Deneyimi ve Davranış Analizi, SEO ve Dijital Görünürlük, Ürün ve Kanal Optimizasyonu",https://tr.linkedin.com/jobs/view/growth-specialist-at-fugo-games-4453862781,İncelenecek
7,2026-10-06 19:55:29,73,Growth & Marketing Manager,Deloitte,"Istanbul, Türkiye",LinkedIn (TR),Deloitte bünyesinde Growth & Marketing Manager pozisyonu. Profil anahtar kelimelerinizle eşleşti.,Growth,https://tr.linkedin.com/jobs/view/growth-marketing-manager-at-deloitte-4442808021,İncelenecek
8,2026-10-06 19:55:29,73,Growth Specialist,Bilet.com,Türkiye,LinkedIn (TR),Bilet.com bünyesinde Growth Specialist pozisyonu. Profil anahtar kelimelerinizle eşleşti.,Growth,https://tr.linkedin.com/jobs/view/growth-specialist-at-bilet-com-4473650471,İncelenecek
9,2026-10-06 19:55:29,81,Growth Product Manager (Web Funnel & CRO),Progress Partners,Türkiye,LinkedIn (TR),Progress Partners bünyesinde Growth Product Manager (Web Funnel & CRO) pozisyonu. Profil anahtar kelimelerinizle eşleşti.,"Growth, Funnel",https://tr.linkedin.com/jobs/view/growth-product-manager-web-funnel-cro-at-progress-partners-4462846356,İncelenecek
10,2026-10-06 19:55:29,73,Growth Specialist - Gaming,Arcustin Games,Greater Istanbul,LinkedIn (TR),Arcustin Games bünyesinde Growth Specialist - Gaming pozisyonu. Profil anahtar kelimelerinizle eşleşti.,Growth,https://tr.linkedin.com/jobs/view/growth-specialist-gaming-at-arcustin-games-4465815722,İncelenecek
11,2026-10-06 19:55:29,73,Growth Specialist,Paxie Games,"Istanbul, Türkiye",LinkedIn (TR),Paxie Games bünyesinde Growth Specialist pozisyonu. Profil anahtar kelimelerinizle eşleşti.,Growth,https://tr.linkedin.com/jobs/view/growth-specialist-at-paxie-games-4433197640,İncelenecek
12,2026-10-06 19:55:29,73,Growth Specialist (New Grad),Agave Games,"Istanbul, Türkiye",LinkedIn (TR),Agave Games bünyesinde Growth Specialist (New Grad) pozisyonu. Profil anahtar kelimelerinizle eşleşti.,Growth,https://tr.linkedin.com/jobs/view/growth-specialist-new-grad-at-agave-games-4474054899,İncelenecek
13,2026-10-06 19:55:29,58,Dijital Pazarlama Uzmanı Arıyoruz!,Gogrowth,"Istanbul, Türkiye",LinkedIn (TR),Gogrowth bünyesinde Dijital Pazarlama Uzmanı Arıyoruz! pozisyonu. Profil anahtar kelimelerinizle eşleşti.,Growth,https://tr.linkedin.com/jobs/view/dijital-pazarlama-uzman%C4%B1-ar%C4%B1yoruz%21-at-gogrowth-4473488718,İncelenecek
14,2026-10-06 19:55:29,73,Growth Manager,Grand Games,"Istanbul, Türkiye",LinkedIn (TR),Grand Games bünyesinde Growth Manager pozisyonu. Profil anahtar kelimelerinizle eşleşti.,Growth,https://tr.linkedin.com/jobs/view/growth-manager-at-grand-games-4468655780,İncelenecek
15,2026-10-06 19:55:29,73,Performance Marketing Manager,Hesapkurdu,Greater Istanbul,LinkedIn (TR),Hesapkurdu bünyesinde Performance Marketing Manager pozisyonu. Profil anahtar kelimelerinizle eşleşti.,Performance Marketing,https://tr.linkedin.com/jobs/view/performance-marketing-manager-at-hesapkurdu-4469304310,İncelenecek
16,2026-10-06 19:55:29,73,Founding Growth Marketer,The Flex,Türkiye,LinkedIn (TR),The Flex bünyesinde Founding Growth Marketer pozisyonu. Profil anahtar kelimelerinizle eşleşti.,Growth,https://tr.linkedin.com/jobs/view/founding-growth-marketer-at-the-flex-4471103029,İncelenecek
17,2026-10-06 19:55:29,73,Growth Marketing Manager (AI-Native),Efsora,"Urla, İzmir, Türkiye",LinkedIn (TR),Efsora bünyesinde Growth Marketing Manager (AI-Native) pozisyonu. Profil anahtar kelimelerinizle eşleşti.,Growth,https://tr.linkedin.com/jobs/view/growth-marketing-manager-ai-native-at-efsora-4466918317,İncelenecek
18,2026-10-06 19:55:29,73,Growth Product Manager,Assistant App,Greater Istanbul,LinkedIn (TR),Assistant App bünyesinde Growth Product Manager pozisyonu. Profil anahtar kelimelerinizle eşleşti.,Growth,https://tr.linkedin.com/jobs/view/growth-product-manager-at-assistant-app-4430236743,İncelenecek
19,2026-10-06 19:55:29,73,Growth Product Manager,Infoset,"Istanbul, Türkiye",LinkedIn (TR),Infoset bünyesinde Growth Product Manager pozisyonu. Profil anahtar kelimelerinizle eşleşti.,Growth,https://tr.linkedin.com/jobs/view/growth-product-manager-at-infoset-4447139233,İncelenecek
20,2026-10-06 19:55:29,73,Product Growth (Monetisation) Manager,Aperture,Türkiye,LinkedIn (TR),Aperture bünyesinde Product Growth (Monetisation) Manager pozisyonu. Profil anahtar kelimelerinizle eşleşti.,Growth,https://tr.linkedin.com/jobs/view/product-growth-monetisation-manager-at-aperture-4451353509,İncelenecek
